pair,strategy,sentence_index_0based,system,underlying_model,alignment_similarity,sample_id,bleu,chrf
de-en,it,0,G35,G35,1.0,pamela.110349799698679008,37.700638045494706,81.51238978734739
de-en,it,0,G4o,G4o,1.0,pamela.110349799698679008,70.16035864257111,92.72224974959717
de-en,it,0,C3,C3,1.0,pamela.110349799698679008,76.91605673134586,93.17776319196213
de-en,it,0,C35,C35,1.0,pamela.110349799698679008,76.91605673134586,93.17776319196213
de-en,it,0,GP,GP,1.0,pamela.110349799698679008,70.16035864257111,92.72224974959717
de-en,it,0,MEPRS,G35,1.0,pamela.110349799698679008,37.700638045494706,81.51238978734739
de-en,it,1,G35,G35,0.963,hmhackmaster.110350770620187008,48.23964350324045,70.73912948160817
de-en,it,1,G4o,G4o,0.963,hmhackmaster.110350770620187008,54.19601921049762,71.12423548981974
de-en,it,1,C3,C3,0.963,hmhackmaster.110350770620187008,54.19601921049762,71.12423548981974
de-en,it,1,C35,C35,0.963,hmhackmaster.110350770620187008,54.19601921049762,71.12423548981974
de-en,it,1,GP,GP,0.963,hmhackmaster.110350770620187008,25.528230273394865,63.3795438425789
de-en,it,1,MEPRS,C3,0.963,hmhackmaster.110350770620187008,54.19601921049762,71.12423548981974
de-en,it,4,G35,G35,1.0,elitr_minuting-21,34.46913316729032,55.789176955267216
de-en,it,4,G4o,G4o,1.0,elitr_minuting-21,25.408578513406653,47.24916611812035
de-en,it,4,C3,C3,1.0,elitr_minuting-21,22.65345666023703,35.26087200036224
de-en,it,4,C35,C35,1.0,elitr_minuting-21,25.408578513406653,47.24916611812035
de-en,it,4,GP,GP,1.0,elitr_minuting-21,13.514113623406132,42.434446989972756
de-en,it,4,MEPRS,C35,1.0,elitr_minuting-21,25.408578513406653,47.24916611812035
de-en,it,5,G35,G35,1.0,peterdrake.110350524387664000,30.789512797772584,61.66340166687456
de-en,it,5,G4o,G4o,1.0,peterdrake.110350524387664000,41.18037635691578,66.83199822848674
de-en,it,5,C3,C3,1.0,peterdrake.110350524387664000,25.45984531673679,60.6748872474615
de-en,it,5,C35,C35,1.0,peterdrake.110350524387664000,36.821398145189995,65.85809922173844
de-en,it,5,GP,GP,1.0,peterdrake.110350524387664000,14.052548651724758,51.38934274914322
de-en,it,5,MEPRS,G4o,1.0,peterdrake.110350524387664000,41.18037635691578,66.83199822848674
de-en,it,14,G35,G35,1.0,AdrianRiskin.110351010944540000,55.84395086094562,80.99514872572433
de-en,it,14,G4o,G4o,1.0,AdrianRiskin.110351010944540000,52.32851165530937,79.74457622656836
de-en,it,14,C3,C3,1.0,AdrianRiskin.110351010944540000,61.97206019815128,86.23428372219799
de-en,it,14,C35,C35,1.0,AdrianRiskin.110351010944540000,55.84395086094562,81.9103490331836
de-en,it,14,GP,GP,1.0,AdrianRiskin.110351010944540000,30.390428295313505,71.58963225342261
de-en,it,14,MEPRS,C3,1.0,AdrianRiskin.110351010944540000,61.97206019815128,86.23428372219799
de-en,it,18,G35,G35,1.0,elitr_minuting-3,24.873444170233967,62.676031553035436
de-en,it,18,G4o,G4o,1.0,elitr_minuting-3,27.9167640244994,52.8748976876534
de-en,it,18,C3,C3,1.0,elitr_minuting-3,27.9167640244994,52.8748976876534
de-en,it,18,C35,C35,1.0,elitr_minuting-3,27.9167640244994,52.8748976876534
de-en,it,18,GP,GP,1.0,elitr_minuting-3,27.9167640244994,52.8748976876534
de-en,it,18,MEPRS,GP,1.0,elitr_minuting-3,27.9167640244994,52.8748976876534
de-en,it,24,G35,G35,0.9677,mo8it.110349823511154000,73.60713678692771,90.16399914235609
de-en,it,24,G4o,G4o,0.9677,mo8it.110349823511154000,77.54119950192441,86.16668670940147
de-en,it,24,C3,C3,0.9677,mo8it.110349823511154000,83.43773467703828,91.63750132389225
de-en,it,24,C35,C35,0.9677,mo8it.110349823511154000,87.01761846085435,92.17254408472026
de-en,it,24,GP,GP,0.9677,mo8it.110349823511154000,38.30676211057868,75.11918104248154
de-en,it,24,MEPRS,C35,0.9677,mo8it.110349823511154000,87.01761846085435,92.17254408472026
de-en,it,33,G35,G35,1.0,manlycoffee.110351250115060992,53.33505353503044,86.03440011650726
de-en,it,33,G4o,G4o,1.0,manlycoffee.110351250115060992,76.11606003349893,89.52174805412737
de-en,it,33,C3,C3,1.0,manlycoffee.110351250115060992,76.11606003349893,89.52174805412737
de-en,it,33,C35,C35,1.0,manlycoffee.110351250115060992,76.11606003349893,89.52174805412737
de-en,it,33,GP,GP,1.0,manlycoffee.110351250115060992,76.11606003349893,89.52174805412737
de-en,it,33,MEPRS,C35,1.0,manlycoffee.110351250115060992,76.11606003349893,89.52174805412737
de-en,it,34,G35,G35,0.9634,egyptindependent.com.11799,57.44499776229528,86.17826748961176
de-en,it,34,G4o,G4o,0.9634,egyptindependent.com.11799,64.33550364492369,87.71798536723122
de-en,it,34,C3,C3,0.9634,egyptindependent.com.11799,68.13022054191944,89.8812069076953
de-en,it,34,C35,C35,0.9634,egyptindependent.com.11799,67.41299420699877,87.61456838501586
de-en,it,34,GP,GP,0.9634,egyptindependent.com.11799,42.518066576174974,79.94111486936569
de-en,it,34,MEPRS,C3,0.9634,egyptindependent.com.11799,68.13022054191944,89.8812069076953
de-en,it,37,G35,G35,1.0,mo8it.110349823511154000,100.0,100.0
de-en,it,37,G4o,G4o,1.0,mo8it.110349823511154000,100.0,100.0
de-en,it,37,C3,C3,1.0,mo8it.110349823511154000,100.0,100.0
de-en,it,37,C35,C35,1.0,mo8it.110349823511154000,100.0,100.0
de-en,it,37,GP,GP,1.0,mo8it.110349823511154000,100.0,100.0
de-en,it,37,MEPRS,GP,1.0,mo8it.110349823511154000,100.0,100.0
de-en,it,38,G35,G35,0.9434,digital_ebook_purchase-1-en_0353348-58,38.60435323298426,69.52086584371689
de-en,it,38,G4o,G4o,0.9434,digital_ebook_purchase-1-en_0353348-58,43.99133777890926,72.61830462140034
de-en,it,38,C3,C3,0.9434,digital_ebook_purchase-1-en_0353348-58,40.07596424403728,69.34765012705992
de-en,it,38,C35,C35,0.9434,digital_ebook_purchase-1-en_0353348-58,38.34998004338016,70.48008134924817
de-en,it,38,GP,GP,0.9434,digital_ebook_purchase-1-en_0353348-58,46.913373011832206,73.98734367695799
de-en,it,38,MEPRS,C3,0.9434,digital_ebook_purchase-1-en_0353348-58,40.07596424403728,69.34765012705992
de-en,it,45,G35,G35,0.9811,krinkle.110351251103976000,63.24836442920866,83.3281757504494
de-en,it,45,G4o,G4o,0.9811,krinkle.110351251103976000,75.71698363574728,88.89572156085006
de-en,it,45,C3,C3,0.9811,krinkle.110351251103976000,60.24638572990126,83.61170236218156
de-en,it,45,C35,C35,0.9811,krinkle.110351251103976000,75.71389552562844,88.56616859169229
de-en,it,45,GP,GP,0.9811,krinkle.110351251103976000,34.17773962769781,71.55510150436194
de-en,it,45,MEPRS,G4o,0.9811,krinkle.110351251103976000,75.71698363574728,88.89572156085006
de-en,it,50,G35,G35,1.0,jacobyaudio.110351243790971008,33.82045855583631,65.82976259211497
de-en,it,50,G4o,G4o,1.0,jacobyaudio.110351243790971008,45.929019754431216,69.17771101105457
de-en,it,50,C3,C3,1.0,jacobyaudio.110351243790971008,40.73578854025307,68.28800598113376
de-en,it,50,C35,C35,1.0,jacobyaudio.110351243790971008,45.929019754431216,69.17771101105457
de-en,it,50,GP,GP,1.0,jacobyaudio.110351243790971008,17.93467962547157,55.753346037552234
de-en,it,50,MEPRS,C3,1.0,jacobyaudio.110351243790971008,40.73578854025307,68.28800598113376
de-en,it,52,G35,G35,0.9492,eli_oat.110350998292172992,42.59942285003863,72.82225017686922
de-en,it,52,G4o,G4o,0.9492,eli_oat.110350998292172992,46.247677265688715,74.20644174456152
de-en,it,52,C3,C3,0.9492,eli_oat.110350998292172992,52.965986881305284,76.88001467277691
de-en,it,52,C35,C35,0.9492,eli_oat.110350998292172992,45.02584721925275,75.04941426087362
de-en,it,52,GP,GP,0.9492,eli_oat.110350998292172992,10.036185732797145,29.88764860037695
de-en,it,52,MEPRS,C3,0.9492,eli_oat.110350998292172992,52.965986881305284,76.88001467277691
de-en,it,53,G35,G35,0.92,MLClark.110350771110364992,28.695800751729983,61.199783221577064
de-en,it,53,G4o,G4o,0.92,MLClark.110350771110364992,31.363639037040553,57.129484523853755
de-en,it,53,C3,C3,0.92,MLClark.110350771110364992,43.09405648756381,57.722714405108796
de-en,it,53,C35,C35,0.92,MLClark.110350771110364992,31.363639037040553,52.98073915097922
de-en,it,53,GP,GP,0.92,MLClark.110350771110364992,14.265093046668987,49.98478581879604
de-en,it,53,MEPRS,G4o,0.92,MLClark.110350771110364992,31.363639037040553,57.129484523853755
de-en,it,56,G35,G35,1.0,musical_instruments-4-en_0522818-189,54.23782837718303,69.39777239748528
de-en,it,56,G4o,G4o,1.0,musical_instruments-4-en_0522818-189,54.23782837718303,69.39777239748528
de-en,it,56,C3,C3,1.0,musical_instruments-4-en_0522818-189,54.23782837718303,69.39777239748528
de-en,it,56,C35,C35,1.0,musical_instruments-4-en_0522818-189,54.23782837718303,69.39777239748528
de-en,it,56,GP,GP,1.0,musical_instruments-4-en_0522818-189,20.374899263417415,56.62723413404702
de-en,it,56,MEPRS,C35,1.0,musical_instruments-4-en_0522818-189,54.23782837718303,69.39777239748528
de-en,it,65,G35,G35,1.0,RogerBW.110350523854584992,0.2540663740773074,5.63063063063063
de-en,it,65,G4o,G4o,1.0,RogerBW.110350523854584992,0.2540663740773074,9.348172901162032
de-en,it,65,C3,C3,1.0,RogerBW.110350523854584992,8.039313477786735,42.15360136219606
de-en,it,65,C35,C35,1.0,RogerBW.110350523854584992,2.452625300522044,20.06851069466908
de-en,it,65,GP,GP,1.0,RogerBW.110350523854584992,7.645949399477267,41.37625321389553
de-en,it,65,MEPRS,C35,1.0,RogerBW.110350523854584992,2.452625300522044,20.06851069466908
de-en,it,68,G35,G35,0.9333,riesling.110349809063676992,53.74167011584068,79.604287541908
de-en,it,68,G4o,G4o,0.9333,riesling.110349809063676992,61.987952201611186,80.7430957466266
de-en,it,68,C3,C3,0.9333,riesling.110349809063676992,60.37284347890556,78.91159138808499
de-en,it,68,C35,C35,0.9333,riesling.110349809063676992,56.57134281304058,77.20337097235773
de-en,it,68,GP,GP,0.9333,riesling.110349809063676992,24.538431590735165,62.88740895530433
de-en,it,68,MEPRS,C35,0.9333,riesling.110349809063676992,56.57134281304058,77.20337097235773
de-en,it,71,G35,G35,1.0,pa.35733,8.562365224473284,47.59536008738178
de-en,it,71,G4o,G4o,1.0,pa.35733,13.065113298388567,52.00618593351367
de-en,it,71,C3,C3,1.0,pa.35733,13.065113298388567,52.00618593351367
de-en,it,71,C35,C35,1.0,pa.35733,29.899503549981365,61.34404175174567
de-en,it,71,GP,GP,1.0,pa.35733,8.737167851715876,18.508705620440065
de-en,it,71,MEPRS,C3,1.0,pa.35733,13.065113298388567,52.00618593351367
de-en,it,73,G35,G35,0.9855,b33fpebble.110351003098104000,22.9362367400951,57.746747688376566
de-en,it,73,G4o,G4o,0.9855,b33fpebble.110351003098104000,56.53548727466453,76.11185417483058
de-en,it,73,C3,C3,0.9855,b33fpebble.110351003098104000,58.47484358800739,76.60537634257912
de-en,it,73,C35,C35,0.9855,b33fpebble.110351003098104000,60.37128619342451,76.56271178419439
de-en,it,73,GP,GP,0.9855,b33fpebble.110351003098104000,49.48108369259409,72.61967639969521
de-en,it,73,MEPRS,C35,0.9855,b33fpebble.110351003098104000,60.37128619342451,76.56271178419439
de-en,it,74,G35,G35,0.9398,elitr_minuting-17,68.25841929683818,85.28169524511127
de-en,it,74,G4o,G4o,0.9398,elitr_minuting-17,70.82513906925699,84.16545064072328
de-en,it,74,C3,C3,0.9398,elitr_minuting-17,66.71027579114386,81.60767669175146
de-en,it,74,C35,C35,0.9398,elitr_minuting-17,64.36879138763845,83.83437143418817
de-en,it,74,GP,GP,0.9398,elitr_minuting-17,32.64820278378166,72.18622136399733
de-en,it,74,MEPRS,GP,0.9398,elitr_minuting-17,32.64820278378166,72.18622136399733
de-en,it,78,G35,G35,0.9455,baby_product-5-en_0428455-56,41.3945566998175,75.23005331045988
de-en,it,78,G4o,G4o,0.9455,baby_product-5-en_0428455-56,45.9963548576608,77.25695442754372
de-en,it,78,C3,C3,0.9455,baby_product-5-en_0428455-56,43.37846856921154,76.36573131226164
de-en,it,78,C35,C35,0.9455,baby_product-5-en_0428455-56,50.694491179661995,79.71970646049074
de-en,it,78,GP,GP,0.9455,baby_product-5-en_0428455-56,42.50278911547962,75.94932715664875
de-en,it,78,MEPRS,C35,0.9455,baby_product-5-en_0428455-56,50.694491179661995,79.71970646049074
de-en,it,80,G35,G35,0.9565,Gwendolyn.110349819552196992,45.946260315693074,72.56036799204345
de-en,it,80,G4o,G4o,0.9565,Gwendolyn.110349819552196992,48.6702198890324,74.08430813900004
de-en,it,80,C3,C3,0.9565,Gwendolyn.110349819552196992,47.12057528383522,74.84346929287447
de-en,it,80,C35,C35,0.9565,Gwendolyn.110349819552196992,50.821442619381806,74.25166999645934
de-en,it,80,GP,GP,0.9565,Gwendolyn.110349819552196992,56.34843953412123,78.15540820489782
de-en,it,80,MEPRS,G35,0.9565,Gwendolyn.110349819552196992,45.946260315693074,72.56036799204345
de-en,it,82,G35,G35,1.0,Gwendolyn.110349819552196992,27.602580646531578,64.04277119734785
de-en,it,82,G4o,G4o,1.0,Gwendolyn.110349819552196992,41.80134288483488,61.8006225532633
de-en,it,82,C3,C3,1.0,Gwendolyn.110349819552196992,74.3344673640789,83.7406836451574
de-en,it,82,C35,C35,1.0,Gwendolyn.110349819552196992,25.2595097937429,53.89069217376007
de-en,it,82,GP,GP,1.0,Gwendolyn.110349819552196992,17.77835117834348,51.39092926343488
de-en,it,82,MEPRS,C3,1.0,Gwendolyn.110349819552196992,74.3344673640789,83.7406836451574
de-en,it,84,G35,G35,0.9697,elitr_minuting-23,49.46630566933846,78.02618125751268
de-en,it,84,G4o,G4o,0.9697,elitr_minuting-23,52.3892535987508,73.88969958778536
de-en,it,84,C3,C3,0.9697,elitr_minuting-23,38.17277260990301,63.81843595243146
de-en,it,84,C35,C35,0.9697,elitr_minuting-23,52.3892535987508,74.19464810984623
de-en,it,84,GP,GP,0.9697,elitr_minuting-23,17.02326187790791,53.794918367205696
de-en,it,84,MEPRS,G4o,0.9697,elitr_minuting-23,52.3892535987508,73.88969958778536
de-en,it,88,G35,G35,1.0,baby_product-5-en_0428455-56,14.991106946711685,52.41141599889942
de-en,it,88,G4o,G4o,1.0,baby_product-5-en_0428455-56,0.0031622776601683803,100.0
de-en,it,88,C3,C3,1.0,baby_product-5-en_0428455-56,0.0031622776601683803,100.0
de-en,it,88,C35,C35,1.0,baby_product-5-en_0428455-56,0.0031622776601683803,100.0
de-en,it,88,GP,GP,1.0,baby_product-5-en_0428455-56,24.446151121745054,73.03792034655298
de-en,it,88,MEPRS,C35,1.0,baby_product-5-en_0428455-56,0.0031622776601683803,100.0
de-en,it,89,G35,G35,0.9231,cbsnews.120102,47.755862143029645,80.70079696695187
de-en,it,89,G4o,G4o,0.9231,cbsnews.120102,47.755862143029645,80.70079696695187
de-en,it,89,C3,C3,0.9231,cbsnews.120102,47.755862143029645,80.70079696695187
de-en,it,89,C35,C35,0.9231,cbsnews.120102,47.755862143029645,80.70079696695187
de-en,it,89,GP,GP,0.9231,cbsnews.120102,24.172077565040993,64.09300800710731
de-en,it,89,MEPRS,G35,0.9231,cbsnews.120102,47.755862143029645,80.70079696695187
de-en,it,90,G35,G35,1.0,jacobyaudio.110351243790971008,48.08608137212272,80.92955223879018
de-en,it,90,G4o,G4o,1.0,jacobyaudio.110351243790971008,58.03589706847857,82.05108718948888
de-en,it,90,C3,C3,1.0,jacobyaudio.110351243790971008,55.061945145622836,81.85977535598316
de-en,it,90,C35,C35,1.0,jacobyaudio.110351243790971008,58.03589706847857,82.05108718948888
de-en,it,90,GP,GP,1.0,jacobyaudio.110351243790971008,25.056762589411807,69.07129848804964
de-en,it,90,MEPRS,C35,1.0,jacobyaudio.110351243790971008,58.03589706847857,82.05108718948888
de-en,it,93,G35,G35,0.9449,thelocal.17459,52.23929554445375,78.41824760266832
de-en,it,93,G4o,G4o,0.9449,thelocal.17459,53.34919750527077,78.50791466797774
de-en,it,93,C3,C3,0.9449,thelocal.17459,54.012032022769255,78.70580329168094
de-en,it,93,C35,C35,0.9449,thelocal.17459,54.988660938133016,78.56521762965939
de-en,it,93,GP,GP,0.9449,thelocal.17459,53.99827958920165,78.79518869239311
de-en,it,93,MEPRS,C35,0.9449,thelocal.17459,54.988660938133016,78.56521762965939
de-en,it,94,G35,G35,0.9395,grocery-1-en_0184810-120,33.258604145365,66.83576549253371
de-en,it,94,G4o,G4o,0.9395,grocery-1-en_0184810-120,32.67117370140656,65.73787706391498
de-en,it,94,C3,C3,0.9395,grocery-1-en_0184810-120,38.204974709891836,68.70338094174413
de-en,it,94,C35,C35,0.9395,grocery-1-en_0184810-120,34.12791618786583,67.45543038361099
de-en,it,94,GP,GP,0.9395,grocery-1-en_0184810-120,39.34422941950847,68.76380069399248
de-en,it,94,MEPRS,C3,0.9395,grocery-1-en_0184810-120,38.204974709891836,68.70338094174413
de-en,it,103,G35,G35,1.0,toze.110348403689403008,80.91067115702212,91.61452860618381
de-en,it,103,G4o,G4o,1.0,toze.110348403689403008,80.91067115702212,91.61452860618381
de-en,it,103,C3,C3,1.0,toze.110348403689403008,81.87307530779819,92.20915756243114
de-en,it,103,C35,C35,1.0,toze.110348403689403008,81.87307530779819,92.20915756243114
de-en,it,103,GP,GP,1.0,toze.110348403689403008,23.5884481065342,65.83455612931444
de-en,it,103,MEPRS,C35,1.0,toze.110348403689403008,81.87307530779819,92.20915756243114
de-en,it,105,G35,G35,1.0,cogitoergocum.110347866403094000,68.65890479690393,88.14220659992255
de-en,it,105,G4o,G4o,1.0,cogitoergocum.110347866403094000,58.590593701517044,79.58602005235362
de-en,it,105,C3,C3,1.0,cogitoergocum.110347866403094000,68.65890479690393,88.14220659992255
de-en,it,105,C35,C35,1.0,cogitoergocum.110347866403094000,68.65890479690393,88.14220659992255
de-en,it,105,GP,GP,1.0,cogitoergocum.110347866403094000,20.750198923629267,56.089432178789174
de-en,it,105,MEPRS,G35,1.0,cogitoergocum.110347866403094000,68.65890479690393,88.14220659992255
de-en,it,107,G35,G35,1.0,cogitoergocum.110347866403094000,68.80430849756438,84.88328182248723
de-en,it,107,G4o,G4o,1.0,cogitoergocum.110347866403094000,68.80430849756438,84.88328182248723
de-en,it,107,C3,C3,1.0,cogitoergocum.110347866403094000,68.80430849756438,84.88328182248723
de-en,it,107,C35,C35,1.0,cogitoergocum.110347866403094000,68.80430849756438,84.88328182248723
de-en,it,107,GP,GP,1.0,cogitoergocum.110347866403094000,4.960453674509353e-15,1.0338314935923694
de-en,it,107,MEPRS,C35,1.0,cogitoergocum.110347866403094000,68.80430849756438,84.88328182248723
de-en,it,108,G35,G35,1.0,bingofuel.110350529855184000,27.748702735605825,47.770469030124225
de-en,it,108,G4o,G4o,1.0,bingofuel.110350529855184000,41.09080290971358,53.98656246709161
de-en,it,108,C3,C3,1.0,bingofuel.110350529855184000,27.748702735605825,48.02591579143899
de-en,it,108,C35,C35,1.0,bingofuel.110350529855184000,35.587851490678766,49.74248400679738
de-en,it,108,GP,GP,1.0,bingofuel.110350529855184000,28.30956597218095,49.76536165652203
de-en,it,108,MEPRS,GP,1.0,bingofuel.110350529855184000,28.30956597218095,49.76536165652203
de-en,it,112,G35,G35,1.0,sports-5-en_0058939-71,15.53712569276035,60.331252437333035
de-en,it,112,G4o,G4o,1.0,sports-5-en_0058939-71,21.105340631872636,71.7592836748649
de-en,it,112,C3,C3,1.0,sports-5-en_0058939-71,17.747405280050263,60.65783822074432
de-en,it,112,C35,C35,1.0,sports-5-en_0058939-71,17.747405280050263,64.48113258087302
de-en,it,112,GP,GP,1.0,sports-5-en_0058939-71,31.239399369202552,88.76966402741535
de-en,it,112,MEPRS,GP,1.0,sports-5-en_0058939-71,31.239399369202552,88.76966402741535
de-en,it,113,G35,G35,1.0,thelocal.17459,28.433291815307694,54.66085468170587
de-en,it,113,G4o,G4o,1.0,thelocal.17459,40.89601472043678,57.06086886220643
de-en,it,113,C3,C3,1.0,thelocal.17459,40.89601472043678,57.06086886220643
de-en,it,113,C35,C35,1.0,thelocal.17459,40.89601472043678,57.06086886220643
de-en,it,113,GP,GP,1.0,thelocal.17459,28.433291815307694,54.66085468170587
de-en,it,113,MEPRS,C35,1.0,thelocal.17459,40.89601472043678,57.06086886220643
de-en,it,126,G35,G35,1.0,seperis.110347877773316992,52.255610433283216,80.77695946572852
de-en,it,126,G4o,G4o,1.0,seperis.110347877773316992,73.75833388808924,84.79637085083279
de-en,it,126,C3,C3,1.0,seperis.110347877773316992,60.26998597526174,78.28077139474844
de-en,it,126,C35,C35,1.0,seperis.110347877773316992,60.35130702509389,80.94454125959173
de-en,it,126,GP,GP,1.0,seperis.110347877773316992,33.54743034245024,70.16933950550671
de-en,it,126,MEPRS,G4o,1.0,seperis.110347877773316992,73.75833388808924,84.79637085083279
de-en,it,128,G35,G35,1.0,aaronsgiles.110351251990540992,32.598893462577884,66.31314780804671
de-en,it,128,G4o,G4o,1.0,aaronsgiles.110351251990540992,32.598893462577884,66.31314780804671
de-en,it,128,C3,C3,1.0,aaronsgiles.110351251990540992,32.598893462577884,66.8739653799961
de-en,it,128,C35,C35,1.0,aaronsgiles.110351251990540992,32.598893462577884,66.8739653799961
de-en,it,128,GP,GP,1.0,aaronsgiles.110351251990540992,17.72677765822577,58.99112474355555
de-en,it,128,MEPRS,G4o,1.0,aaronsgiles.110351251990540992,32.598893462577884,66.31314780804671
de-en,it,133,G35,G35,1.0,bright_helpings.110349824978800992,18.640099288719878,59.11835985129863
de-en,it,133,G4o,G4o,1.0,bright_helpings.110349824978800992,64.55064609748773,85.35816752983334
de-en,it,133,C3,C3,1.0,bright_helpings.110349824978800992,19.23561097477331,55.1939782817548
de-en,it,133,C35,C35,1.0,bright_helpings.110349824978800992,64.55064609748773,85.35816752983334
de-en,it,133,GP,GP,1.0,bright_helpings.110349824978800992,64.55064609748773,85.35816752983334
de-en,it,133,MEPRS,G4o,1.0,bright_helpings.110349824978800992,64.55064609748773,85.35816752983334
de-en,it,145,G35,G35,0.95,gray17.110350774902091008,35.357497307303696,61.477145454564685
de-en,it,145,G4o,G4o,0.95,gray17.110350774902091008,36.51483716701108,67.15112233254041
de-en,it,145,C3,C3,0.95,gray17.110350774902091008,47.13837371586782,69.82254856546493
de-en,it,145,C35,C35,0.95,gray17.110350774902091008,33.46080538499995,67.30734042300857
de-en,it,145,GP,GP,0.95,gray17.110350774902091008,22.201285149027377,60.06263832533003
de-en,it,145,MEPRS,C35,0.95,gray17.110350774902091008,33.46080538499995,67.30734042300857
de-en,it,146,G35,G35,0.95,Splodgenoodles.110347870538880000,37.94700026467458,66.37402545746532
de-en,it,146,G4o,G4o,0.95,Splodgenoodles.110347870538880000,45.80730539404728,67.16449929610502
de-en,it,146,C3,C3,0.95,Splodgenoodles.110347870538880000,48.56978210660188,67.94491491650213
de-en,it,146,C35,C35,0.95,Splodgenoodles.110347870538880000,32.23878807723222,59.45287664370829
de-en,it,146,GP,GP,0.95,Splodgenoodles.110347870538880000,23.811163144161345,61.33109214575932
de-en,it,146,MEPRS,G4o,0.95,Splodgenoodles.110347870538880000,45.80730539404728,67.16449929610502
de-en,it,158,G35,G35,0.9787,sports-4-en_0513789-90,24.446151121745054,57.918152389722145
de-en,it,158,G4o,G4o,0.9787,sports-4-en_0513789-90,24.446151121745054,68.9927841544115
de-en,it,158,C3,C3,0.9787,sports-4-en_0513789-90,21.834177214239055,62.74153739188697
de-en,it,158,C35,C35,0.9787,sports-4-en_0513789-90,27.776190340117914,58.20763433829358
de-en,it,158,GP,GP,0.9787,sports-4-en_0513789-90,10.332090908268508,51.73872119127052
de-en,it,158,MEPRS,G4o,0.9787,sports-4-en_0513789-90,24.446151121745054,68.9927841544115
de-en,it,159,G35,G35,0.9873,seattle_times.570827,10.802314890908066,37.47420560074544
de-en,it,159,G4o,G4o,0.9873,seattle_times.570827,10.802314890908066,37.47420560074544
de-en,it,159,C3,C3,0.9873,seattle_times.570827,11.502783619900047,37.62145233857108
de-en,it,159,C35,C35,0.9873,seattle_times.570827,11.502783619900047,37.62145233857108
de-en,it,159,GP,GP,0.9873,seattle_times.570827,5.157142709886006,31.7025094703189
de-en,it,159,MEPRS,C3,0.9873,seattle_times.570827,11.502783619900047,37.62145233857108
de-en,it,162,G35,G35,0.9383,viridian.110348408105752000,31.62620882364801,66.06579257867949
de-en,it,162,G4o,G4o,0.9383,viridian.110348408105752000,34.48966631549176,67.78832459332097
de-en,it,162,C3,C3,0.9383,viridian.110348408105752000,31.339206403104182,64.0050423510139
de-en,it,162,C35,C35,0.9383,viridian.110348408105752000,32.52212812222966,67.06888534089465
de-en,it,162,GP,GP,0.9383,viridian.110348408105752000,36.960748503079465,68.55490112993762
de-en,it,162,MEPRS,GP,0.9383,viridian.110348408105752000,36.960748503079465,68.55490112993762
de-en,it,164,G35,G35,1.0,hupfen.110347875196018000,19.5082056746647,41.50212031043426
de-en,it,164,G4o,G4o,1.0,hupfen.110347875196018000,25.16441111691874,36.17310353586175
de-en,it,164,C3,C3,1.0,hupfen.110347875196018000,20.04146389626795,40.501945950697035
de-en,it,164,C35,C35,1.0,hupfen.110347875196018000,20.04146389626795,40.501945950697035
de-en,it,164,GP,GP,1.0,hupfen.110347875196018000,13.803050287579168,35.423729018171485
de-en,it,164,MEPRS,G4o,1.0,hupfen.110347875196018000,25.16441111691874,36.17310353586175
de-en,it,173,G35,G35,1.0,msnbc.11229,27.322315104876438,58.22844539821787
de-en,it,173,G4o,G4o,1.0,msnbc.11229,15.844501337268929,59.031648986753225
de-en,it,173,C3,C3,1.0,msnbc.11229,41.60751652217845,69.43672514304737
de-en,it,173,C35,C35,1.0,msnbc.11229,16.943571815930884,59.20948390876496
de-en,it,173,GP,GP,1.0,msnbc.11229,7.541356871486663,49.86290486061508
de-en,it,173,MEPRS,C3,1.0,msnbc.11229,41.60751652217845,69.43672514304737
de-en,it,181,G35,G35,0.9231,drugstore-1-en_0530458-107,53.932196147503056,78.2569991717407
de-en,it,181,G4o,G4o,0.9231,drugstore-1-en_0530458-107,53.07814213097186,80.66520211457362
de-en,it,181,C3,C3,0.9231,drugstore-1-en_0530458-107,49.72560566545683,78.99279960508028
de-en,it,181,C35,C35,0.9231,drugstore-1-en_0530458-107,52.42736009184482,80.38384969602608
de-en,it,181,GP,GP,0.9231,drugstore-1-en_0530458-107,51.1922690533865,77.57965601395661
de-en,it,181,MEPRS,C35,0.9231,drugstore-1-en_0530458-107,52.42736009184482,80.38384969602608
de-en,it,182,G35,G35,1.0,elitr_minuting-21,45.56794776992747,78.86293144691741
de-en,it,182,G4o,G4o,1.0,elitr_minuting-21,57.28668995816387,81.74448494928687
de-en,it,182,C3,C3,1.0,elitr_minuting-21,57.28668995816387,81.74448494928687
de-en,it,182,C35,C35,1.0,elitr_minuting-21,57.28668995816387,81.74448494928687
de-en,it,182,GP,GP,1.0,elitr_minuting-21,24.33610744619788,65.20740330534949
de-en,it,182,MEPRS,C35,1.0,elitr_minuting-21,57.28668995816387,81.74448494928687
de-en,it,183,G35,G35,0.9313,egyptindependent.com.11799,54.76221870366743,81.08113598950469
de-en,it,183,G4o,G4o,0.9313,egyptindependent.com.11799,61.34838514451967,84.46740119067327
de-en,it,183,C3,C3,0.9313,egyptindependent.com.11799,63.8083154340652,86.4925733868155
de-en,it,183,C35,C35,0.9313,egyptindependent.com.11799,70.99488783751256,87.28382203671394
de-en,it,183,GP,GP,0.9313,egyptindependent.com.11799,59.81499208493464,82.5724899611841
de-en,it,183,MEPRS,C3,0.9313,egyptindependent.com.11799,63.8083154340652,86.4925733868155
de-en,it,184,G35,G35,0.9545,imtheq.110350767978472992,45.07547554895982,65.04472052562829
de-en,it,184,G4o,G4o,0.9545,imtheq.110350767978472992,36.80963599766003,62.9063583398551
de-en,it,184,C3,C3,0.9545,imtheq.110350767978472992,45.07547554895982,65.04472052562829
de-en,it,184,C35,C35,0.9545,imtheq.110350767978472992,36.80963599766003,62.9063583398551
de-en,it,184,GP,GP,0.9545,imtheq.110350767978472992,45.07547554895982,65.04472052562829
de-en,it,184,MEPRS,G35,0.9545,imtheq.110350767978472992,45.07547554895982,65.04472052562829
de-en,it,185,G35,G35,0.9286,legumancer.110349589436907008,26.99559874959554,61.17033526731199
de-en,it,185,G4o,G4o,0.9286,legumancer.110349589436907008,49.0293207812482,72.96663083651441
de-en,it,185,C3,C3,0.9286,legumancer.110349589436907008,38.742256826450294,65.55137536315127
de-en,it,185,C35,C35,0.9286,legumancer.110349589436907008,48.00487694138448,71.1355426064897
de-en,it,185,GP,GP,0.9286,legumancer.110349589436907008,34.12783549852713,65.2145483703564
de-en,it,185,MEPRS,C35,0.9286,legumancer.110349589436907008,48.00487694138448,71.1355426064897
de-en,tear,0,G35,G35,1.0,pamela.110349799698679008,26.202510071732622,58.775796350792184
de-en,tear,0,G4o,G4o,1.0,pamela.110349799698679008,26.91109110344472,60.936400572186564
de-en,tear,0,C3,C3,1.0,pamela.110349799698679008,76.91605673134586,93.17776319196213
de-en,tear,0,C35,C35,1.0,pamela.110349799698679008,76.91605673134586,93.17776319196213
de-en,tear,0,GP,GP,1.0,pamela.110349799698679008,26.91109110344472,61.43616766897992
de-en,tear,0,MEPRS,C35,1.0,pamela.110349799698679008,76.91605673134586,93.17776319196213
de-en,tear,1,G35,G35,0.963,hmhackmaster.110350770620187008,54.19601921049762,70.75425653042818
de-en,tear,1,G4o,G4o,0.963,hmhackmaster.110350770620187008,44.87202789059381,65.27226276951774
de-en,tear,1,C3,C3,0.963,hmhackmaster.110350770620187008,54.19601921049762,71.12423548981974
de-en,tear,1,C35,C35,0.963,hmhackmaster.110350770620187008,44.87202789059381,64.55319747253003
de-en,tear,1,GP,GP,0.963,hmhackmaster.110350770620187008,50.19264029081456,71.68969825282973
de-en,tear,1,MEPRS,GP,0.963,hmhackmaster.110350770620187008,50.19264029081456,71.68969825282973
de-en,tear,4,G35,G35,1.0,elitr_minuting-21,41.956514409079155,58.35581610056548
de-en,tear,4,G4o,G4o,1.0,elitr_minuting-21,22.65345666023703,35.26087200036224
de-en,tear,4,C3,C3,1.0,elitr_minuting-21,29.003752873541785,49.6323695807813
de-en,tear,4,C35,C35,1.0,elitr_minuting-21,25.408578513406653,47.24916611812035
de-en,tear,4,GP,GP,1.0,elitr_minuting-21,9.908323583620616,22.910906766676366
de-en,tear,4,MEPRS,G35,1.0,elitr_minuting-21,41.956514409079155,58.35581610056548
de-en,tear,5,G35,G35,1.0,peterdrake.110350524387664000,32.78603771984186,65.1736473280594
de-en,tear,5,G4o,G4o,1.0,peterdrake.110350524387664000,28.526364391471372,62.047163078406726
de-en,tear,5,C3,C3,1.0,peterdrake.110350524387664000,25.45984531673679,60.6748872474615
de-en,tear,5,C35,C35,1.0,peterdrake.110350524387664000,37.70929789171766,72.35778457131921
de-en,tear,5,GP,GP,1.0,peterdrake.110350524387664000,31.466609969564157,61.94919077728262
de-en,tear,5,MEPRS,G35,1.0,peterdrake.110350524387664000,32.78603771984186,65.1736473280594
de-en,tear,14,G35,G35,1.0,AdrianRiskin.110351010944540000,53.19791371515062,78.01930259696844
de-en,tear,14,G4o,G4o,1.0,AdrianRiskin.110351010944540000,58.813534076962796,85.36865223005049
de-en,tear,14,C3,C3,1.0,AdrianRiskin.110351010944540000,58.131849859701404,84.88217016967134
de-en,tear,14,C35,C35,1.0,AdrianRiskin.110351010944540000,55.79109081696859,82.61255627212041
de-en,tear,14,GP,GP,1.0,AdrianRiskin.110351010944540000,61.97206019815128,86.06949632521288
de-en,tear,14,MEPRS,GP,1.0,AdrianRiskin.110351010944540000,61.97206019815128,86.06949632521288
de-en,tear,18,G35,G35,1.0,elitr_minuting-3,32.9340597116918,65.14462748526051
de-en,tear,18,G4o,G4o,1.0,elitr_minuting-3,18.18513197242336,49.141001128661
de-en,tear,18,C3,C3,1.0,elitr_minuting-3,28.869104408775886,56.95359482761751
de-en,tear,18,C35,C35,1.0,elitr_minuting-3,27.9167640244994,52.8748976876534
de-en,tear,18,GP,GP,1.0,elitr_minuting-3,27.9167640244994,52.8748976876534
de-en,tear,18,MEPRS,G35,1.0,elitr_minuting-3,32.9340597116918,65.14462748526051
de-en,tear,24,G35,G35,0.9677,mo8it.110349823511154000,87.51809448365924,92.6728981856172
de-en,tear,24,G4o,G4o,0.9677,mo8it.110349823511154000,68.13943375905714,84.25898678441344
de-en,tear,24,C3,C3,0.9677,mo8it.110349823511154000,82.6236106507527,91.38781667954056
de-en,tear,24,C35,C35,0.9677,mo8it.110349823511154000,87.01761846085435,92.17254408472026
de-en,tear,24,GP,GP,0.9677,mo8it.110349823511154000,50.392462599815715,79.88798461908243
de-en,tear,24,MEPRS,C35,0.9677,mo8it.110349823511154000,87.01761846085435,92.17254408472026
de-en,tear,33,G35,G35,1.0,manlycoffee.110351250115060992,43.74811431224644,77.66547613842714
de-en,tear,33,G4o,G4o,1.0,manlycoffee.110351250115060992,76.11606003349893,95.07325272126087
de-en,tear,33,C3,C3,1.0,manlycoffee.110351250115060992,76.11606003349893,89.52174805412737
de-en,tear,33,C35,C35,1.0,manlycoffee.110351250115060992,76.11606003349893,89.52174805412737
de-en,tear,33,GP,GP,1.0,manlycoffee.110351250115060992,76.11606003349893,89.52174805412737
de-en,tear,33,MEPRS,G35,1.0,manlycoffee.110351250115060992,43.74811431224644,77.66547613842714
de-en,tear,34,G35,G35,0.9634,egyptindependent.com.11799,52.67368935195873,82.63931730124445
de-en,tear,34,G4o,G4o,0.9634,egyptindependent.com.11799,61.35671710048414,84.85910534198048
de-en,tear,34,C3,C3,0.9634,egyptindependent.com.11799,62.259036544202765,88.03674096307668
de-en,tear,34,C35,C35,0.9634,egyptindependent.com.11799,62.143209272985786,86.16997677549953
de-en,tear,34,GP,GP,0.9634,egyptindependent.com.11799,61.7525684021029,85.56374310827955
de-en,tear,34,MEPRS,C3,0.9634,egyptindependent.com.11799,62.259036544202765,88.03674096307668
de-en,tear,37,G35,G35,1.0,mo8it.110349823511154000,100.0,100.0
de-en,tear,37,G4o,G4o,1.0,mo8it.110349823511154000,59.69491792019645,92.69463433937118
de-en,tear,37,C3,C3,1.0,mo8it.110349823511154000,100.0,100.0
de-en,tear,37,C35,C35,1.0,mo8it.110349823511154000,100.0,100.0
de-en,tear,37,GP,GP,1.0,mo8it.110349823511154000,25.34743707366162,78.47036155825982
de-en,tear,37,MEPRS,C3,1.0,mo8it.110349823511154000,100.0,100.0
de-en,tear,38,G35,G35,0.9434,digital_ebook_purchase-1-en_0353348-58,40.39419273406215,70.07214573292386
de-en,tear,38,G4o,G4o,0.9434,digital_ebook_purchase-1-en_0353348-58,33.359548972721406,67.13796001234583
de-en,tear,38,C3,C3,0.9434,digital_ebook_purchase-1-en_0353348-58,34.92272813771307,66.9320966661041
de-en,tear,38,C35,C35,0.9434,digital_ebook_purchase-1-en_0353348-58,40.87856930697717,71.35444199738427
de-en,tear,38,GP,GP,0.9434,digital_ebook_purchase-1-en_0353348-58,49.517790742077544,74.13744137268372
de-en,tear,38,MEPRS,GP,0.9434,digital_ebook_purchase-1-en_0353348-58,49.517790742077544,74.13744137268372
de-en,tear,45,G35,G35,0.9811,krinkle.110351251103976000,63.42551178649989,83.01918944603408
de-en,tear,45,G4o,G4o,0.9811,krinkle.110351251103976000,72.58368747225391,85.76279052422755
de-en,tear,45,C3,C3,0.9811,krinkle.110351251103976000,60.24392858667576,82.50871752913405
de-en,tear,45,C35,C35,0.9811,krinkle.110351251103976000,75.71389552562844,88.56616859169229
de-en,tear,45,GP,GP,0.9811,krinkle.110351251103976000,64.27465049631097,85.2793923370166
de-en,tear,45,MEPRS,C35,0.9811,krinkle.110351251103976000,75.71389552562844,88.56616859169229
de-en,tear,50,G35,G35,1.0,jacobyaudio.110351243790971008,40.73578854025307,66.75055354445136
de-en,tear,50,G4o,G4o,1.0,jacobyaudio.110351243790971008,38.77149423296634,64.09067111104294
de-en,tear,50,C3,C3,1.0,jacobyaudio.110351243790971008,54.098379683739246,71.35075376215148
de-en,tear,50,C35,C35,1.0,jacobyaudio.110351243790971008,45.929019754431216,69.17771101105457
de-en,tear,50,GP,GP,1.0,jacobyaudio.110351243790971008,46.83307981430867,66.42028440038469
de-en,tear,50,MEPRS,C3,1.0,jacobyaudio.110351243790971008,54.098379683739246,71.35075376215148
de-en,tear,52,G35,G35,0.9492,eli_oat.110350998292172992,45.758214971017445,73.49455668190916
de-en,tear,52,G4o,G4o,0.9492,eli_oat.110350998292172992,41.777158603959265,70.75304818379593
de-en,tear,52,C3,C3,0.9492,eli_oat.110350998292172992,34.704362833156296,67.9150804147962
de-en,tear,52,C35,C35,0.9492,eli_oat.110350998292172992,52.965986881305284,76.88001467277691
de-en,tear,52,GP,GP,0.9492,eli_oat.110350998292172992,11.614985857987836,33.06982702642019
de-en,tear,52,MEPRS,C35,0.9492,eli_oat.110350998292172992,52.965986881305284,76.88001467277691
de-en,tear,53,G35,G35,0.92,MLClark.110350771110364992,31.790453324398296,61.59838459441054
de-en,tear,53,G4o,G4o,0.92,MLClark.110350771110364992,28.332304407087975,50.79933047436717
de-en,tear,53,C3,C3,0.92,MLClark.110350771110364992,31.790453324398296,60.53646175960677
de-en,tear,53,C35,C35,0.92,MLClark.110350771110364992,31.363639037040553,52.98073915097922
de-en,tear,53,GP,GP,0.92,MLClark.110350771110364992,41.73543836797751,62.12928271807065
de-en,tear,53,MEPRS,C3,0.92,MLClark.110350771110364992,31.790453324398296,60.53646175960677
de-en,tear,56,G35,G35,1.0,musical_instruments-4-en_0522818-189,54.23782837718303,69.39777239748528
de-en,tear,56,G4o,G4o,1.0,musical_instruments-4-en_0522818-189,40.325042950627804,62.69058395406619
de-en,tear,56,C3,C3,1.0,musical_instruments-4-en_0522818-189,54.23782837718303,69.39777239748528
de-en,tear,56,C35,C35,1.0,musical_instruments-4-en_0522818-189,54.23782837718303,69.39777239748528
de-en,tear,56,GP,GP,1.0,musical_instruments-4-en_0522818-189,27.698762715990977,52.43702118271573
de-en,tear,56,MEPRS,G4o,1.0,musical_instruments-4-en_0522818-189,40.325042950627804,62.69058395406619
de-en,tear,65,G35,G35,1.0,RogerBW.110350523854584992,5.4153152535108955,8.206736147912618
de-en,tear,65,G4o,G4o,1.0,RogerBW.110350523854584992,0.2540663740773074,5.63063063063063
de-en,tear,65,C3,C3,1.0,RogerBW.110350523854584992,0.2540663740773074,52.31558725355487
de-en,tear,65,C35,C35,1.0,RogerBW.110350523854584992,0.0031622776601683803,100.0
de-en,tear,65,GP,GP,1.0,RogerBW.110350523854584992,0.0031622776601683803,100.0
de-en,tear,65,MEPRS,C35,1.0,RogerBW.110350523854584992,0.0031622776601683803,100.0
de-en,tear,68,G35,G35,0.9333,riesling.110349809063676992,57.82531891336916,79.04847958764795
de-en,tear,68,G4o,G4o,0.9333,riesling.110349809063676992,58.6430630546387,79.85584710139929
de-en,tear,68,C3,C3,0.9333,riesling.110349809063676992,56.613157119428884,78.1631697407469
de-en,tear,68,C35,C35,0.9333,riesling.110349809063676992,57.163793681063055,77.85298955130865
de-en,tear,68,GP,GP,0.9333,riesling.110349809063676992,52.77361448532868,75.81429116562278
de-en,tear,68,MEPRS,G4o,0.9333,riesling.110349809063676992,58.6430630546387,79.85584710139929
de-en,tear,71,G35,G35,1.0,pa.35733,12.011055432195764,42.24641143375494
de-en,tear,71,G4o,G4o,1.0,pa.35733,13.065113298388567,42.81838524310595
de-en,tear,71,C3,C3,1.0,pa.35733,13.065113298388567,52.00618593351367
de-en,tear,71,C35,C35,1.0,pa.35733,29.899503549981365,61.34404175174567
de-en,tear,71,GP,GP,1.0,pa.35733,8.562365224473284,47.017557689471516
de-en,tear,71,MEPRS,C3,1.0,pa.35733,13.065113298388567,52.00618593351367
de-en,tear,73,G35,G35,0.9855,b33fpebble.110351003098104000,49.382400226983414,71.4780447332961
de-en,tear,73,G4o,G4o,0.9855,b33fpebble.110351003098104000,55.423458064526606,76.88404973215279
de-en,tear,73,C3,C3,0.9855,b33fpebble.110351003098104000,52.15189979195445,71.89810335894761
de-en,tear,73,C35,C35,0.9855,b33fpebble.110351003098104000,63.78316043165424,78.776336160379
de-en,tear,73,GP,GP,0.9855,b33fpebble.110351003098104000,11.025720295615368,23.8482745816854
de-en,tear,73,MEPRS,C35,0.9855,b33fpebble.110351003098104000,63.78316043165424,78.776336160379
de-en,tear,74,G35,G35,0.9398,elitr_minuting-17,64.52285092921022,82.38613581027427
de-en,tear,74,G4o,G4o,0.9398,elitr_minuting-17,0.21999015396866664,4.215975735357753
de-en,tear,74,C3,C3,0.9398,elitr_minuting-17,53.91137960050351,76.60168053266806
de-en,tear,74,C35,C35,0.9398,elitr_minuting-17,57.31253651775943,79.78592030045833
de-en,tear,74,GP,GP,0.9398,elitr_minuting-17,60.6295243130068,80.35212682652799
de-en,tear,74,MEPRS,GP,0.9398,elitr_minuting-17,60.6295243130068,80.35212682652799
de-en,tear,78,G35,G35,0.9455,baby_product-5-en_0428455-56,41.040724267702736,74.54023029533145
de-en,tear,78,G4o,G4o,0.9455,baby_product-5-en_0428455-56,46.69473898198131,77.84610779898794
de-en,tear,78,C3,C3,0.9455,baby_product-5-en_0428455-56,48.58450312624418,79.2428684815324
de-en,tear,78,C35,C35,0.9455,baby_product-5-en_0428455-56,46.10726683114091,77.60746349839876
de-en,tear,78,GP,GP,0.9455,baby_product-5-en_0428455-56,44.7245712840807,77.9688316717547
de-en,tear,78,MEPRS,C35,0.9455,baby_product-5-en_0428455-56,46.10726683114091,77.60746349839876
de-en,tear,80,G35,G35,0.9565,Gwendolyn.110349819552196992,49.92658097967297,74.35258524261972
de-en,tear,80,G4o,G4o,0.9565,Gwendolyn.110349819552196992,44.55082493271554,72.63759243507961
de-en,tear,80,C3,C3,0.9565,Gwendolyn.110349819552196992,51.054935517846765,75.46454772707955
de-en,tear,80,C35,C35,0.9565,Gwendolyn.110349819552196992,49.95166741572818,75.74194385766873
de-en,tear,80,GP,GP,0.9565,Gwendolyn.110349819552196992,56.10530204509563,75.76345794487519
de-en,tear,80,MEPRS,G35,0.9565,Gwendolyn.110349819552196992,49.92658097967297,74.35258524261972
de-en,tear,82,G35,G35,1.0,Gwendolyn.110349819552196992,40.89601472043678,68.9847457900223
de-en,tear,82,G4o,G4o,1.0,Gwendolyn.110349819552196992,44.83386700384459,70.64633371499477
de-en,tear,82,C3,C3,1.0,Gwendolyn.110349819552196992,40.637982820134425,63.14602651390143
de-en,tear,82,C35,C35,1.0,Gwendolyn.110349819552196992,37.06866381788037,63.35119122511825
de-en,tear,82,GP,GP,1.0,Gwendolyn.110349819552196992,17.194656088289214,51.05079320901311
de-en,tear,82,MEPRS,C35,1.0,Gwendolyn.110349819552196992,37.06866381788037,63.35119122511825
de-en,tear,84,G35,G35,0.9697,elitr_minuting-23,58.156991848314675,81.1590829600422
de-en,tear,84,G4o,G4o,0.9697,elitr_minuting-23,45.40270515155732,68.74949127113983
de-en,tear,84,C3,C3,0.9697,elitr_minuting-23,37.18461205358191,65.50334412294444
de-en,tear,84,C35,C35,0.9697,elitr_minuting-23,52.3892535987508,74.19464810984623
de-en,tear,84,GP,GP,0.9697,elitr_minuting-23,24.94332481022471,58.01387323426439
de-en,tear,84,MEPRS,G35,0.9697,elitr_minuting-23,58.156991848314675,81.1590829600422
de-en,tear,88,G35,G35,1.0,baby_product-5-en_0428455-56,35.93041119630843,82.35373664954079
de-en,tear,88,G4o,G4o,1.0,baby_product-5-en_0428455-56,0.0031622776601683803,100.0
de-en,tear,88,C3,C3,1.0,baby_product-5-en_0428455-56,0.39763536438352537,96.236161539117
de-en,tear,88,C35,C35,1.0,baby_product-5-en_0428455-56,0.0024028114141347564,47.45158400628165
de-en,tear,88,GP,GP,1.0,baby_product-5-en_0428455-56,0.0024028114141347564,47.45158400628165
de-en,tear,88,MEPRS,G4o,1.0,baby_product-5-en_0428455-56,0.0031622776601683803,100.0
de-en,tear,89,G35,G35,0.9231,cbsnews.120102,22.612164703205963,59.91306192188614
de-en,tear,89,G4o,G4o,0.9231,cbsnews.120102,32.17816920929973,71.46896677091951
de-en,tear,89,C3,C3,0.9231,cbsnews.120102,32.17816920929973,70.51497922694627
de-en,tear,89,C35,C35,0.9231,cbsnews.120102,47.755862143029645,80.70079696695187
de-en,tear,89,GP,GP,0.9231,cbsnews.120102,47.755862143029645,80.70079696695187
de-en,tear,89,MEPRS,GP,0.9231,cbsnews.120102,47.755862143029645,80.70079696695187
de-en,tear,90,G35,G35,1.0,jacobyaudio.110351243790971008,58.03589706847857,82.05108718948888
de-en,tear,90,G4o,G4o,1.0,jacobyaudio.110351243790971008,58.03589706847857,82.05108718948888
de-en,tear,90,C3,C3,1.0,jacobyaudio.110351243790971008,58.03589706847857,82.05108718948888
de-en,tear,90,C35,C35,1.0,jacobyaudio.110351243790971008,58.03589706847857,82.05108718948888
de-en,tear,90,GP,GP,1.0,jacobyaudio.110351243790971008,58.03589706847857,82.05108718948888
de-en,tear,90,MEPRS,C3,1.0,jacobyaudio.110351243790971008,58.03589706847857,82.05108718948888
de-en,tear,93,G35,G35,0.9449,thelocal.17459,53.52812410013878,77.20034653523419
de-en,tear,93,G4o,G4o,0.9449,thelocal.17459,50.6490903424865,75.25864801226828
de-en,tear,93,C3,C3,0.9449,thelocal.17459,54.76651916666287,78.95013779212982
de-en,tear,93,C35,C35,0.9449,thelocal.17459,51.2572363464738,78.23612212821173
de-en,tear,93,GP,GP,0.9449,thelocal.17459,48.71904896630852,74.85331702273213
de-en,tear,93,MEPRS,C35,0.9449,thelocal.17459,51.2572363464738,78.23612212821173
de-en,tear,94,G35,G35,0.9395,grocery-1-en_0184810-120,32.45574492783238,66.27442992356994
de-en,tear,94,G4o,G4o,0.9395,grocery-1-en_0184810-120,31.52461467490496,65.53169736370305
de-en,tear,94,C3,C3,0.9395,grocery-1-en_0184810-120,39.141382840171076,69.85094753028584
de-en,tear,94,C35,C35,0.9395,grocery-1-en_0184810-120,34.393713052635995,66.35485301124727
de-en,tear,94,GP,GP,0.9395,grocery-1-en_0184810-120,40.11546591585402,71.11213288936972
de-en,tear,94,MEPRS,C3,0.9395,grocery-1-en_0184810-120,39.141382840171076,69.85094753028584
de-en,tear,103,G35,G35,1.0,toze.110348403689403008,80.91067115702212,91.61452860618381
de-en,tear,103,G4o,G4o,1.0,toze.110348403689403008,80.91067115702212,91.61452860618381
de-en,tear,103,C3,C3,1.0,toze.110348403689403008,81.87307530779819,92.20915756243114
de-en,tear,103,C35,C35,1.0,toze.110348403689403008,81.87307530779819,92.20915756243114
de-en,tear,103,GP,GP,1.0,toze.110348403689403008,80.91067115702212,91.61452860618381
de-en,tear,103,MEPRS,C35,1.0,toze.110348403689403008,81.87307530779819,92.20915756243114
de-en,tear,105,G35,G35,1.0,cogitoergocum.110347866403094000,35.084396956386854,77.0649840013141
de-en,tear,105,G4o,G4o,1.0,cogitoergocum.110347866403094000,53.44445934790545,78.43786633675994
de-en,tear,105,C3,C3,1.0,cogitoergocum.110347866403094000,58.590593701517044,79.58602005235362
de-en,tear,105,C35,C35,1.0,cogitoergocum.110347866403094000,68.65890479690393,88.14220659992255
de-en,tear,105,GP,GP,1.0,cogitoergocum.110347866403094000,68.65890479690393,88.14220659992255
de-en,tear,105,MEPRS,GP,1.0,cogitoergocum.110347866403094000,68.65890479690393,88.14220659992255
de-en,tear,107,G35,G35,1.0,cogitoergocum.110347866403094000,53.61131269495502,72.79520423224507
de-en,tear,107,G4o,G4o,1.0,cogitoergocum.110347866403094000,71.87874175911824,84.5941309564631
de-en,tear,107,C3,C3,1.0,cogitoergocum.110347866403094000,68.80430849756438,84.88328182248723
de-en,tear,107,C35,C35,1.0,cogitoergocum.110347866403094000,68.80430849756438,84.88328182248723
de-en,tear,107,GP,GP,1.0,cogitoergocum.110347866403094000,68.80430849756438,84.73181058662196
de-en,tear,107,MEPRS,GP,1.0,cogitoergocum.110347866403094000,68.80430849756438,84.73181058662196
de-en,tear,108,G35,G35,1.0,bingofuel.110350529855184000,27.748702735605825,47.72615559959247
de-en,tear,108,G4o,G4o,1.0,bingofuel.110350529855184000,35.587851490678766,49.74248400679738
de-en,tear,108,C3,C3,1.0,bingofuel.110350529855184000,28.30956597218095,49.76536165652203
de-en,tear,108,C35,C35,1.0,bingofuel.110350529855184000,27.748702735605825,47.72615559959247
de-en,tear,108,GP,GP,1.0,bingofuel.110350529855184000,29.27057121559396,51.33191530716513
de-en,tear,108,MEPRS,GP,1.0,bingofuel.110350529855184000,29.27057121559396,51.33191530716513
de-en,tear,112,G35,G35,1.0,sports-5-en_0058939-71,23.9802967618271,68.14689439976797
de-en,tear,112,G4o,G4o,1.0,sports-5-en_0058939-71,25.96535889340338,80.06996132273594
de-en,tear,112,C3,C3,1.0,sports-5-en_0058939-71,15.851165692617156,64.03722970466443
de-en,tear,112,C35,C35,1.0,sports-5-en_0058939-71,17.747405280050263,64.48113258087302
de-en,tear,112,GP,GP,1.0,sports-5-en_0058939-71,27.776190340117914,68.84060080754227
de-en,tear,112,MEPRS,G35,1.0,sports-5-en_0058939-71,23.9802967618271,68.14689439976797
de-en,tear,113,G35,G35,1.0,thelocal.17459,40.89601472043678,57.06086886220643
de-en,tear,113,G4o,G4o,1.0,thelocal.17459,36.3622704650007,52.11431091895586
de-en,tear,113,C3,C3,1.0,thelocal.17459,37.59663529467017,56.86982631826826
de-en,tear,113,C35,C35,1.0,thelocal.17459,40.89601472043678,57.06086886220643
de-en,tear,113,GP,GP,1.0,thelocal.17459,16.564565321939202,48.90940447555948
de-en,tear,113,MEPRS,C3,1.0,thelocal.17459,37.59663529467017,56.86982631826826
de-en,tear,126,G35,G35,1.0,seperis.110347877773316992,61.77116217525991,83.16307642882462
de-en,tear,126,G4o,G4o,1.0,seperis.110347877773316992,56.97351925003412,77.13079492515304
de-en,tear,126,C3,C3,1.0,seperis.110347877773316992,60.35130702509389,81.20001087694938
de-en,tear,126,C35,C35,1.0,seperis.110347877773316992,33.630593926524696,63.27721313560113
de-en,tear,126,GP,GP,1.0,seperis.110347877773316992,40.85465088827787,62.297414726758625
de-en,tear,126,MEPRS,G35,1.0,seperis.110347877773316992,61.77116217525991,83.16307642882462
de-en,tear,128,G35,G35,1.0,aaronsgiles.110351251990540992,25.48162092064721,58.77542253237474
de-en,tear,128,G4o,G4o,1.0,aaronsgiles.110351251990540992,42.5084710252876,71.07695094610776
de-en,tear,128,C3,C3,1.0,aaronsgiles.110351251990540992,32.598893462577884,66.8739653799961
de-en,tear,128,C35,C35,1.0,aaronsgiles.110351251990540992,32.598893462577884,66.31314780804671
de-en,tear,128,GP,GP,1.0,aaronsgiles.110351251990540992,26.435895252754584,65.088114582295
de-en,tear,128,MEPRS,G4o,1.0,aaronsgiles.110351251990540992,42.5084710252876,71.07695094610776
de-en,tear,133,G35,G35,1.0,bright_helpings.110349824978800992,18.640099288719878,59.11835985129863
de-en,tear,133,G4o,G4o,1.0,bright_helpings.110349824978800992,52.02556880807584,80.00324297280137
de-en,tear,133,C3,C3,1.0,bright_helpings.110349824978800992,35.55025192085114,74.02138878520066
de-en,tear,133,C35,C35,1.0,bright_helpings.110349824978800992,35.55025192085114,74.02138878520066
de-en,tear,133,GP,GP,1.0,bright_helpings.110349824978800992,43.711747430744424,67.84718318713493
de-en,tear,133,MEPRS,C3,1.0,bright_helpings.110349824978800992,35.55025192085114,74.02138878520066
de-en,tear,145,G35,G35,0.95,gray17.110350774902091008,34.90699134296501,60.89099505147535
de-en,tear,145,G4o,G4o,0.95,gray17.110350774902091008,37.20337795006881,72.72372457558326
de-en,tear,145,C3,C3,0.95,gray17.110350774902091008,30.188345809837337,61.800290715788094
de-en,tear,145,C35,C35,0.95,gray17.110350774902091008,32.98901984837085,65.52611669584142
de-en,tear,145,GP,GP,0.95,gray17.110350774902091008,26.637160423927313,63.58216241407126
de-en,tear,145,MEPRS,G4o,0.95,gray17.110350774902091008,37.20337795006881,72.72372457558326
de-en,tear,146,G35,G35,0.95,Splodgenoodles.110347870538880000,35.16517624837033,63.63329713884241
de-en,tear,146,G4o,G4o,0.95,Splodgenoodles.110347870538880000,41.63408766854892,65.69870574069974
de-en,tear,146,C3,C3,0.95,Splodgenoodles.110347870538880000,51.50662606492424,70.01656876312546
de-en,tear,146,C35,C35,0.95,Splodgenoodles.110347870538880000,39.629130872629055,61.11830016864402
de-en,tear,146,GP,GP,0.95,Splodgenoodles.110347870538880000,50.39830868116988,72.02144292754987
de-en,tear,146,MEPRS,C3,0.95,Splodgenoodles.110347870538880000,51.50662606492424,70.01656876312546
de-en,tear,158,G35,G35,0.9787,sports-4-en_0513789-90,24.446151121745054,57.918152389722145
de-en,tear,158,G4o,G4o,0.9787,sports-4-en_0513789-90,24.446151121745054,58.5000298864227
de-en,tear,158,C3,C3,0.9787,sports-4-en_0513789-90,27.776190340117914,59.49438088211408
de-en,tear,158,C35,C35,0.9787,sports-4-en_0513789-90,27.776190340117914,58.79538332686868
de-en,tear,158,GP,GP,0.9787,sports-4-en_0513789-90,19.729406277958837,58.09352582138205
de-en,tear,158,MEPRS,G4o,0.9787,sports-4-en_0513789-90,24.446151121745054,58.5000298864227
de-en,tear,159,G35,G35,0.9873,seattle_times.570827,10.182425646195501,38.55132012620078
de-en,tear,159,G4o,G4o,0.9873,seattle_times.570827,12.300686288463773,36.512680425439484
de-en,tear,159,C3,C3,0.9873,seattle_times.570827,11.502783619900047,37.62145233857108
de-en,tear,159,C35,C35,0.9873,seattle_times.570827,11.502783619900047,37.62145233857108
de-en,tear,159,GP,GP,0.9873,seattle_times.570827,10.182425646195501,38.55132012620078
de-en,tear,159,MEPRS,C35,0.9873,seattle_times.570827,11.502783619900047,37.62145233857108
de-en,tear,162,G35,G35,0.9383,viridian.110348408105752000,32.44795783065608,69.08550056331423
de-en,tear,162,G4o,G4o,0.9383,viridian.110348408105752000,32.32434431599394,66.3788505334138
de-en,tear,162,C3,C3,0.9383,viridian.110348408105752000,34.12635411089262,64.29173405306229
de-en,tear,162,C35,C35,0.9383,viridian.110348408105752000,32.59041074067502,66.54493909676164
de-en,tear,162,GP,GP,0.9383,viridian.110348408105752000,37.01621196760085,68.20742853472947
de-en,tear,162,MEPRS,G4o,0.9383,viridian.110348408105752000,32.32434431599394,66.3788505334138
de-en,tear,164,G35,G35,1.0,hupfen.110347875196018000,8.335602802889506,31.777366032839733
de-en,tear,164,G4o,G4o,1.0,hupfen.110347875196018000,8.677068649688104,24.243024090878347
de-en,tear,164,C3,C3,1.0,hupfen.110347875196018000,13.126116671159172,35.750917229662456
de-en,tear,164,C35,C35,1.0,hupfen.110347875196018000,19.5082056746647,41.50212031043426
de-en,tear,164,GP,GP,1.0,hupfen.110347875196018000,25.16441111691874,36.437681433825226
de-en,tear,164,MEPRS,GP,1.0,hupfen.110347875196018000,25.16441111691874,36.437681433825226
de-en,tear,173,G35,G35,1.0,msnbc.11229,17.678748653651844,49.93708869650098
de-en,tear,173,G4o,G4o,1.0,msnbc.11229,38.503228868787126,69.22295003857846
de-en,tear,173,C3,C3,1.0,msnbc.11229,48.326978309062206,68.98597773167447
de-en,tear,173,C35,C35,1.0,msnbc.11229,16.943571815930884,59.20948390876496
de-en,tear,173,GP,GP,1.0,msnbc.11229,17.678748653651844,53.98921270759924
de-en,tear,173,MEPRS,G4o,1.0,msnbc.11229,38.503228868787126,69.22295003857846
de-en,tear,181,G35,G35,0.9231,drugstore-1-en_0530458-107,54.17388383469897,79.27461325017573
de-en,tear,181,G4o,G4o,0.9231,drugstore-1-en_0530458-107,50.70421740898253,79.15641501383898
de-en,tear,181,C3,C3,0.9231,drugstore-1-en_0530458-107,57.61401683958488,80.30697463825133
de-en,tear,181,C35,C35,0.9231,drugstore-1-en_0530458-107,50.74165731330809,78.8772986257362
de-en,tear,181,GP,GP,0.9231,drugstore-1-en_0530458-107,52.27993470333262,79.99298761461289
de-en,tear,181,MEPRS,G4o,0.9231,drugstore-1-en_0530458-107,50.70421740898253,79.15641501383898
de-en,tear,182,G35,G35,1.0,elitr_minuting-21,57.28668995816387,81.74448494928687
de-en,tear,182,G4o,G4o,1.0,elitr_minuting-21,44.26623526629488,78.11023237002809
de-en,tear,182,C3,C3,1.0,elitr_minuting-21,57.28668995816387,81.74448494928687
de-en,tear,182,C35,C35,1.0,elitr_minuting-21,57.28668995816387,81.74448494928687
de-en,tear,182,GP,GP,1.0,elitr_minuting-21,57.28668995816387,81.74448494928687
de-en,tear,182,MEPRS,C35,1.0,elitr_minuting-21,57.28668995816387,81.74448494928687
de-en,tear,183,G35,G35,0.9313,egyptindependent.com.11799,59.5247569470904,81.74736972017227
de-en,tear,183,G4o,G4o,0.9313,egyptindependent.com.11799,57.56646088935376,83.32288614052722
de-en,tear,183,C3,C3,0.9313,egyptindependent.com.11799,60.740795417041284,84.10578709352446
de-en,tear,183,C35,C35,0.9313,egyptindependent.com.11799,68.23094849216999,86.80100684436748
de-en,tear,183,GP,GP,0.9313,egyptindependent.com.11799,61.10928251480239,82.29582792163409
de-en,tear,183,MEPRS,C35,0.9313,egyptindependent.com.11799,68.23094849216999,86.80100684436748
de-en,tear,184,G35,G35,0.9545,imtheq.110350767978472992,45.07547554895982,62.175884265622244
de-en,tear,184,G4o,G4o,0.9545,imtheq.110350767978472992,35.681631804609765,57.79244970042162
de-en,tear,184,C3,C3,0.9545,imtheq.110350767978472992,54.72619519004448,73.52568832070361
de-en,tear,184,C35,C35,0.9545,imtheq.110350767978472992,45.07547554895982,65.04472052562829
de-en,tear,184,GP,GP,0.9545,imtheq.110350767978472992,38.77088195669736,66.02550493581205
de-en,tear,184,MEPRS,C3,0.9545,imtheq.110350767978472992,54.72619519004448,73.52568832070361
de-en,tear,185,G35,G35,0.9286,legumancer.110349589436907008,35.156236384373074,62.89467111327367
de-en,tear,185,G4o,G4o,0.9286,legumancer.110349589436907008,54.648475850384,70.41545454098618
de-en,tear,185,C3,C3,0.9286,legumancer.110349589436907008,38.742256826450294,65.07135366252867
de-en,tear,185,C35,C35,0.9286,legumancer.110349589436907008,52.71266503099874,74.7341393172569
de-en,tear,185,GP,GP,0.9286,legumancer.110349589436907008,59.35107565052855,77.85662724955638
de-en,tear,185,MEPRS,C35,0.9286,legumancer.110349589436907008,52.71266503099874,74.7341393172569
en-de,it,0,G35,G35,1.0,pamela.110349799698679008,22.04887282071633,64.77212803122472
en-de,it,0,G4o,G4o,1.0,pamela.110349799698679008,82.65168183793801,89.65970167616483
en-de,it,0,C3,C3,1.0,pamela.110349799698679008,91.2167909070388,99.6127298763907
en-de,it,0,C35,C35,1.0,pamela.110349799698679008,91.2167909070388,99.6127298763907
en-de,it,0,GP,GP,1.0,pamela.110349799698679008,63.41922683775969,93.12182592610547
en-de,it,0,MEPRS,G4o,1.0,pamela.110349799698679008,82.65168183793801,89.65970167616483
en-de,it,1,G35,G35,0.963,hmhackmaster.110350770620187008,40.80566695284406,70.5080056089579
en-de,it,1,G4o,G4o,0.963,hmhackmaster.110350770620187008,41.84093599152055,75.508040679987
en-de,it,1,C3,C3,0.963,hmhackmaster.110350770620187008,37.07791298171918,68.08261421921092
en-de,it,1,C35,C35,0.963,hmhackmaster.110350770620187008,54.807016755362845,79.21854431999682
en-de,it,1,GP,GP,0.963,hmhackmaster.110350770620187008,41.84093599152055,75.27232760589074
en-de,it,1,MEPRS,C35,0.963,hmhackmaster.110350770620187008,54.807016755362845,79.21854431999682
en-de,it,4,G35,G35,1.0,elitr_minuting-21,59.635843213583364,77.90381999774284
en-de,it,4,G4o,G4o,1.0,elitr_minuting-21,59.635843213583364,77.89311733523839
en-de,it,4,C3,C3,1.0,elitr_minuting-21,58.44805589505077,68.69407381132486
en-de,it,4,C35,C35,1.0,elitr_minuting-21,45.67301317991823,59.29622550712872
en-de,it,4,GP,GP,1.0,elitr_minuting-21,47.479483628535654,69.16981594667446
en-de,it,4,MEPRS,C35,1.0,elitr_minuting-21,45.67301317991823,59.29622550712872
en-de,it,5,G35,G35,1.0,peterdrake.110350524387664000,44.65175411019042,73.91046701424138
en-de,it,5,G4o,G4o,1.0,peterdrake.110350524387664000,58.14644687581025,73.67412593907414
en-de,it,5,C3,C3,1.0,peterdrake.110350524387664000,54.493802275606704,77.62420841722765
en-de,it,5,C35,C35,1.0,peterdrake.110350524387664000,63.21063984172905,79.43579236511498
en-de,it,5,GP,GP,1.0,peterdrake.110350524387664000,44.65175411019042,73.91046701424138
en-de,it,5,MEPRS,C3,1.0,peterdrake.110350524387664000,54.493802275606704,77.62420841722765
en-de,it,14,G35,G35,1.0,AdrianRiskin.110351010944540000,5.400218628145338e-09,0.9170946497994682
en-de,it,14,G4o,G4o,1.0,AdrianRiskin.110351010944540000,70.30262517319174,88.33118028955022
en-de,it,14,C3,C3,1.0,AdrianRiskin.110351010944540000,74.08054584746999,88.75782676683069
en-de,it,14,C35,C35,1.0,AdrianRiskin.110351010944540000,69.227272490225,85.33893761525503
en-de,it,14,GP,GP,1.0,AdrianRiskin.110351010944540000,49.57035943133246,82.61856459204812
en-de,it,14,MEPRS,C3,1.0,AdrianRiskin.110351010944540000,74.08054584746999,88.75782676683069
en-de,it,18,G35,G35,1.0,elitr_minuting-3,40.43560607467848,83.06935271462487
en-de,it,18,G4o,G4o,1.0,elitr_minuting-3,46.09603493497927,79.84968297371904
en-de,it,18,C3,C3,1.0,elitr_minuting-3,28.265085849638737,71.73931080166703
en-de,it,18,C35,C35,1.0,elitr_minuting-3,18.817047162770987,70.13888673494715
en-de,it,18,GP,GP,1.0,elitr_minuting-3,19.23085590015063,71.48741499206177
en-de,it,18,MEPRS,G35,1.0,elitr_minuting-3,40.43560607467848,83.06935271462487
en-de,it,24,G35,G35,0.9677,mo8it.110349823511154000,47.60945523002933,79.44030948546036
en-de,it,24,G4o,G4o,0.9677,mo8it.110349823511154000,50.90663177596137,82.72385067772665
en-de,it,24,C3,C3,0.9677,mo8it.110349823511154000,31.009124728696612,68.89316855460478
en-de,it,24,C35,C35,0.9677,mo8it.110349823511154000,37.810891220260984,76.15191902044928
en-de,it,24,GP,GP,0.9677,mo8it.110349823511154000,44.52851723650059,78.71613650765299
en-de,it,24,MEPRS,C35,0.9677,mo8it.110349823511154000,37.810891220260984,76.15191902044928
en-de,it,33,G35,G35,1.0,manlycoffee.110351250115060992,50.97960527136183,83.3048908357219
en-de,it,33,G4o,G4o,1.0,manlycoffee.110351250115060992,81.53551038173114,94.58478781912167
en-de,it,33,C3,C3,1.0,manlycoffee.110351250115060992,68.65065103648591,87.61966285275246
en-de,it,33,C35,C35,1.0,manlycoffee.110351250115060992,80.08131934180452,92.41286047198581
en-de,it,33,GP,GP,1.0,manlycoffee.110351250115060992,60.5478327168454,89.8903786633778
en-de,it,33,MEPRS,G4o,1.0,manlycoffee.110351250115060992,81.53551038173114,94.58478781912167
en-de,it,34,G35,G35,0.9634,egyptindependent.com.11799,1.917062159047637e-21,0.3311707500537288
en-de,it,34,G4o,G4o,0.9634,egyptindependent.com.11799,54.589946918804195,80.9677705618699
en-de,it,34,C3,C3,0.9634,egyptindependent.com.11799,54.25965365639042,80.93078042980585
en-de,it,34,C35,C35,0.9634,egyptindependent.com.11799,56.16795506585939,81.84991307087556
en-de,it,34,GP,GP,0.9634,egyptindependent.com.11799,50.22997994456711,80.0539679159579
en-de,it,34,MEPRS,C3,0.9634,egyptindependent.com.11799,54.25965365639042,80.93078042980585
en-de,it,37,G35,G35,1.0,mo8it.110349823511154000,0.06697116909821789,4.2414647336927125
en-de,it,37,G4o,G4o,1.0,mo8it.110349823511154000,30.26643726685863,77.75572201897423
en-de,it,37,C3,C3,1.0,mo8it.110349823511154000,54.10822690539396,83.68273548511485
en-de,it,37,C35,C35,1.0,mo8it.110349823511154000,100.0,100.0
en-de,it,37,GP,GP,1.0,mo8it.110349823511154000,20.556680845025987,59.456348729365914
en-de,it,37,MEPRS,C35,1.0,mo8it.110349823511154000,100.0,100.0
en-de,it,38,G35,G35,0.9434,digital_ebook_purchase-1-en_0353348-58,3.6386386899917316e-11,0.9061088114491849
en-de,it,38,G4o,G4o,0.9434,digital_ebook_purchase-1-en_0353348-58,42.907918351437296,73.68771066833094
en-de,it,38,C3,C3,0.9434,digital_ebook_purchase-1-en_0353348-58,37.574326258863664,72.42863604038556
en-de,it,38,C35,C35,0.9434,digital_ebook_purchase-1-en_0353348-58,25.95434287099339,64.57064533186926
en-de,it,38,GP,GP,0.9434,digital_ebook_purchase-1-en_0353348-58,46.700897565089576,76.98275002869387
en-de,it,38,MEPRS,C35,0.9434,digital_ebook_purchase-1-en_0353348-58,25.95434287099339,64.57064533186926
en-de,it,45,G35,G35,0.9811,krinkle.110351251103976000,3.1354281449893554e-05,1.9356597904664457
en-de,it,45,G4o,G4o,0.9811,krinkle.110351251103976000,38.9618816116492,79.41516336032338
en-de,it,45,C3,C3,0.9811,krinkle.110351251103976000,58.45427355742879,85.37529484371068
en-de,it,45,C35,C35,0.9811,krinkle.110351251103976000,47.47560411029202,81.49479976087461
en-de,it,45,GP,GP,0.9811,krinkle.110351251103976000,39.15760354557995,79.14312183979116
en-de,it,45,MEPRS,C35,0.9811,krinkle.110351251103976000,47.47560411029202,81.49479976087461
en-de,it,50,G35,G35,1.0,jacobyaudio.110351243790971008,42.154587211246444,69.07739401381644
en-de,it,50,G4o,G4o,1.0,jacobyaudio.110351243790971008,34.12270825592056,73.16389482116692
en-de,it,50,C3,C3,1.0,jacobyaudio.110351243790971008,33.62124819992378,73.23980301752958
en-de,it,50,C35,C35,1.0,jacobyaudio.110351243790971008,46.18138250671612,79.8397280967713
en-de,it,50,GP,GP,1.0,jacobyaudio.110351243790971008,42.995245074388386,76.0591185354218
en-de,it,50,MEPRS,C35,1.0,jacobyaudio.110351243790971008,46.18138250671612,79.8397280967713
en-de,it,52,G35,G35,0.9492,eli_oat.110350998292172992,30.58569481380038,65.3318699321144
en-de,it,52,G4o,G4o,0.9492,eli_oat.110350998292172992,45.95642997119539,72.41654867976814
en-de,it,52,C3,C3,0.9492,eli_oat.110350998292172992,46.104477356464244,71.8657152699485
en-de,it,52,C35,C35,0.9492,eli_oat.110350998292172992,41.91703931664905,71.84026877901162
en-de,it,52,GP,GP,0.9492,eli_oat.110350998292172992,35.02291783330722,67.13969072134331
en-de,it,52,MEPRS,C35,0.9492,eli_oat.110350998292172992,41.91703931664905,71.84026877901162
en-de,it,53,G35,G35,0.92,MLClark.110350771110364992,26.231705114307292,59.64623469994456
en-de,it,53,G4o,G4o,0.92,MLClark.110350771110364992,47.09627462050759,72.70529896574051
en-de,it,53,C3,C3,0.92,MLClark.110350771110364992,15.279728555491683,54.635627438622784
en-de,it,53,C35,C35,0.92,MLClark.110350771110364992,30.322393204111375,62.54918658378242
en-de,it,53,GP,GP,0.92,MLClark.110350771110364992,41.10573751509462,72.55221328448927
en-de,it,53,MEPRS,G4o,0.92,MLClark.110350771110364992,47.09627462050759,72.70529896574051
en-de,it,56,G35,G35,1.0,musical_instruments-4-en_0522818-189,17.059573701616802,56.748066839555854
en-de,it,56,G4o,G4o,1.0,musical_instruments-4-en_0522818-189,29.4467310498826,64.17231117463257
en-de,it,56,C3,C3,1.0,musical_instruments-4-en_0522818-189,51.06109398471469,85.08466214408097
en-de,it,56,C35,C35,1.0,musical_instruments-4-en_0522818-189,37.027304017004866,78.2011708649183
en-de,it,56,GP,GP,1.0,musical_instruments-4-en_0522818-189,55.67002779032734,89.79279675201413
en-de,it,56,MEPRS,C3,1.0,musical_instruments-4-en_0522818-189,51.06109398471469,85.08466214408097
en-de,it,65,G35,G35,1.0,RogerBW.110350523854584992,0.2540663740773074,9.348172901162032
en-de,it,65,G4o,G4o,1.0,RogerBW.110350523854584992,24.446151121745054,78.73367743092523
en-de,it,65,C3,C3,1.0,RogerBW.110350523854584992,24.446151121745054,77.81694067296279
en-de,it,65,C35,C35,1.0,RogerBW.110350523854584992,0.2540663740773074,9.348172901162032
en-de,it,65,GP,GP,1.0,RogerBW.110350523854584992,18.5750579991336,76.04664803178316
en-de,it,65,MEPRS,C3,1.0,RogerBW.110350523854584992,24.446151121745054,77.81694067296279
en-de,it,68,G35,G35,0.9333,riesling.110349809063676992,54.699006189062395,81.14081284999703
en-de,it,68,G4o,G4o,0.9333,riesling.110349809063676992,70.43613178704963,89.47789771824307
en-de,it,68,C3,C3,0.9333,riesling.110349809063676992,67.35856095559399,86.03360462436154
en-de,it,68,C35,C35,0.9333,riesling.110349809063676992,71.63897817715625,89.34390666108807
en-de,it,68,GP,GP,0.9333,riesling.110349809063676992,67.80834298667673,87.67353109808619
en-de,it,68,MEPRS,C35,0.9333,riesling.110349809063676992,71.63897817715625,89.34390666108807
en-de,it,71,G35,G35,1.0,pa.35733,12.571192676522521,49.23372961185524
en-de,it,71,G4o,G4o,1.0,pa.35733,14.991106946711685,50.10096859060973
en-de,it,71,C3,C3,1.0,pa.35733,26.53856085536222,83.27326850084215
en-de,it,71,C35,C35,1.0,pa.35733,19.96019880774733,75.47833078224403
en-de,it,71,GP,GP,1.0,pa.35733,15.807437922444715,78.12141944255237
en-de,it,71,MEPRS,C3,1.0,pa.35733,26.53856085536222,83.27326850084215
en-de,it,73,G35,G35,0.9855,b33fpebble.110351003098104000,46.93910517689696,70.11108031929005
en-de,it,73,G4o,G4o,0.9855,b33fpebble.110351003098104000,44.4537868245102,69.93508523526737
en-de,it,73,C3,C3,0.9855,b33fpebble.110351003098104000,48.458541900099085,73.35487978483917
en-de,it,73,C35,C35,0.9855,b33fpebble.110351003098104000,53.39481466590638,73.08868145987827
en-de,it,73,GP,GP,0.9855,b33fpebble.110351003098104000,45.167558860705235,69.68361426788871
en-de,it,73,MEPRS,G35,0.9855,b33fpebble.110351003098104000,46.93910517689696,70.11108031929005
en-de,it,74,G35,G35,0.9398,elitr_minuting-17,1.1762263760332821e-10,1.6717937628211523
en-de,it,74,G4o,G4o,0.9398,elitr_minuting-17,73.4167099958298,88.6381078429866
en-de,it,74,C3,C3,0.9398,elitr_minuting-17,75.9162890958115,90.65104294792246
en-de,it,74,C35,C35,0.9398,elitr_minuting-17,74.83824929934389,87.69834076823707
en-de,it,74,GP,GP,0.9398,elitr_minuting-17,68.49396652024892,86.31116013219152
en-de,it,74,MEPRS,C3,0.9398,elitr_minuting-17,75.9162890958115,90.65104294792246
en-de,it,78,G35,G35,0.9455,baby_product-5-en_0428455-56,29.50550212745656,68.25396123735275
en-de,it,78,G4o,G4o,0.9455,baby_product-5-en_0428455-56,23.462158007446217,64.01892394911754
en-de,it,78,C3,C3,0.9455,baby_product-5-en_0428455-56,23.740618507002154,65.95280890683797
en-de,it,78,C35,C35,0.9455,baby_product-5-en_0428455-56,25.740686728467097,66.12905092602608
en-de,it,78,GP,GP,0.9455,baby_product-5-en_0428455-56,30.238769227043573,67.43122856532011
en-de,it,78,MEPRS,C35,0.9455,baby_product-5-en_0428455-56,25.740686728467097,66.12905092602608
en-de,it,80,G35,G35,0.9565,Gwendolyn.110349819552196992,36.601764943274404,75.40031951530332
en-de,it,80,G4o,G4o,0.9565,Gwendolyn.110349819552196992,41.0083091692871,73.3048109291098
en-de,it,80,C3,C3,0.9565,Gwendolyn.110349819552196992,31.082852234872266,71.73841288741129
en-de,it,80,C35,C35,0.9565,Gwendolyn.110349819552196992,36.96497366030093,69.83321864511204
en-de,it,80,GP,GP,0.9565,Gwendolyn.110349819552196992,37.02101019680069,75.404429892313
en-de,it,80,MEPRS,C35,0.9565,Gwendolyn.110349819552196992,36.96497366030093,69.83321864511204
en-de,it,82,G35,G35,1.0,Gwendolyn.110349819552196992,24.022110864391532,73.62856135947065
en-de,it,82,G4o,G4o,1.0,Gwendolyn.110349819552196992,26.518122980477767,83.26817724885316
en-de,it,82,C3,C3,1.0,Gwendolyn.110349819552196992,39.2814650900513,78.97012093889084
en-de,it,82,C35,C35,1.0,Gwendolyn.110349819552196992,25.96535889340338,60.37612833368187
en-de,it,82,GP,GP,1.0,Gwendolyn.110349819552196992,12.500763055889768,58.634216980381474
en-de,it,82,MEPRS,C35,1.0,Gwendolyn.110349819552196992,25.96535889340338,60.37612833368187
en-de,it,84,G35,G35,0.9697,elitr_minuting-23,63.147764807433695,77.94783770485842
en-de,it,84,G4o,G4o,0.9697,elitr_minuting-23,60.55787318441094,76.45489625256945
en-de,it,84,C3,C3,0.9697,elitr_minuting-23,24.40118029675621,49.81308521120675
en-de,it,84,C35,C35,0.9697,elitr_minuting-23,52.720704276827014,69.82917023176917
en-de,it,84,GP,GP,0.9697,elitr_minuting-23,59.80707805698026,78.20852259300653
en-de,it,84,MEPRS,C3,0.9697,elitr_minuting-23,24.40118029675621,49.81308521120675
en-de,it,88,G35,G35,1.0,baby_product-5-en_0428455-56,0.2540663740773074,5.873767824672217
en-de,it,88,G4o,G4o,1.0,baby_product-5-en_0428455-56,24.446151121745054,81.95861175586201
en-de,it,88,C3,C3,1.0,baby_product-5-en_0428455-56,0.0024028114141347564,69.39866720521485
en-de,it,88,C35,C35,1.0,baby_product-5-en_0428455-56,0.0024028114141347564,71.19826256821203
en-de,it,88,GP,GP,1.0,baby_product-5-en_0428455-56,24.446151121745054,81.14665169124075
en-de,it,88,MEPRS,C3,1.0,baby_product-5-en_0428455-56,0.0024028114141347564,69.39866720521485
en-de,it,89,G35,G35,0.9231,cbsnews.120102,0.000629767577761855,2.757351889929421
en-de,it,89,G4o,G4o,0.9231,cbsnews.120102,46.33059731830228,74.79565464279106
en-de,it,89,C3,C3,0.9231,cbsnews.120102,45.78226095312774,80.86969514119367
en-de,it,89,C35,C35,0.9231,cbsnews.120102,25.663395122050023,47.65236062984271
en-de,it,89,GP,GP,0.9231,cbsnews.120102,3.0821435572232016e-14,0.5966587112171838
en-de,it,89,MEPRS,C3,0.9231,cbsnews.120102,45.78226095312774,80.86969514119367
en-de,it,90,G35,G35,1.0,jacobyaudio.110351243790971008,53.90404127565691,81.74565782855335
en-de,it,90,G4o,G4o,1.0,jacobyaudio.110351243790971008,54.6590882357469,82.22468466991589
en-de,it,90,C3,C3,1.0,jacobyaudio.110351243790971008,67.90137465639627,87.50635070696575
en-de,it,90,C35,C35,1.0,jacobyaudio.110351243790971008,41.27780833028327,75.49473560112575
en-de,it,90,GP,GP,1.0,jacobyaudio.110351243790971008,42.82554149263964,79.35061848987762
en-de,it,90,MEPRS,C3,1.0,jacobyaudio.110351243790971008,67.90137465639627,87.50635070696575
en-de,it,93,G35,G35,0.9449,thelocal.17459,47.622370362453445,78.60889149261833
en-de,it,93,G4o,G4o,0.9449,thelocal.17459,48.35800821696931,80.00904109787513
en-de,it,93,C3,C3,0.9449,thelocal.17459,50.11148552650374,80.80452856325704
en-de,it,93,C35,C35,0.9449,thelocal.17459,62.667671578987495,85.43437220785076
en-de,it,93,GP,GP,0.9449,thelocal.17459,47.10213083666251,76.42967187414487
en-de,it,93,MEPRS,C35,0.9449,thelocal.17459,62.667671578987495,85.43437220785076
en-de,it,94,G35,G35,0.9395,grocery-1-en_0184810-120,45.13560189812112,75.1204263893557
en-de,it,94,G4o,G4o,0.9395,grocery-1-en_0184810-120,37.009382930315844,72.65037566086646
en-de,it,94,C3,C3,0.9395,grocery-1-en_0184810-120,35.74295786973015,69.72706618837447
en-de,it,94,C35,C35,0.9395,grocery-1-en_0184810-120,35.70408996511069,71.34150058975482
en-de,it,94,GP,GP,0.9395,grocery-1-en_0184810-120,38.70385935897529,71.778759998032
en-de,it,94,MEPRS,C3,0.9395,grocery-1-en_0184810-120,35.74295786973015,69.72706618837447
en-de,it,103,G35,G35,1.0,toze.110348403689403008,0.06697116909821789,3.070175438596492
en-de,it,103,G4o,G4o,1.0,toze.110348403689403008,23.462350320528,62.27618867172299
en-de,it,103,C3,C3,1.0,toze.110348403689403008,38.260294162784476,63.620038711412285
en-de,it,103,C35,C35,1.0,toze.110348403689403008,41.11336169005197,76.83936601367381
en-de,it,103,GP,GP,1.0,toze.110348403689403008,21.401603033752973,68.20562802593723
en-de,it,103,MEPRS,C35,1.0,toze.110348403689403008,41.11336169005197,76.83936601367381
en-de,it,105,G35,G35,1.0,cogitoergocum.110347866403094000,19.923405658137924,69.39857253086068
en-de,it,105,G4o,G4o,1.0,cogitoergocum.110347866403094000,67.04226838163329,85.69995242537448
en-de,it,105,C3,C3,1.0,cogitoergocum.110347866403094000,67.04226838163329,85.69995242537448
en-de,it,105,C35,C35,1.0,cogitoergocum.110347866403094000,67.04226838163329,85.69995242537448
en-de,it,105,GP,GP,1.0,cogitoergocum.110347866403094000,45.27471870952894,79.04871980858799
en-de,it,105,MEPRS,C35,1.0,cogitoergocum.110347866403094000,67.04226838163329,85.69995242537448
en-de,it,107,G35,G35,1.0,cogitoergocum.110347866403094000,43.52598446478626,64.30520224766133
en-de,it,107,G4o,G4o,1.0,cogitoergocum.110347866403094000,34.42968544278039,66.40413569611901
en-de,it,107,C3,C3,1.0,cogitoergocum.110347866403094000,57.42135058128689,70.2347025044549
en-de,it,107,C35,C35,1.0,cogitoergocum.110347866403094000,45.005998366907036,64.95672826715078
en-de,it,107,GP,GP,1.0,cogitoergocum.110347866403094000,3.803667325639369e-18,0.12309207287050712
en-de,it,107,MEPRS,C3,1.0,cogitoergocum.110347866403094000,57.42135058128689,70.2347025044549
en-de,it,108,G35,G35,1.0,bingofuel.110350529855184000,54.10822690539396,74.09492731869307
en-de,it,108,G4o,G4o,1.0,bingofuel.110350529855184000,58.534104967283504,74.70049985215607
en-de,it,108,C3,C3,1.0,bingofuel.110350529855184000,55.31064767295667,68.2652429574165
en-de,it,108,C35,C35,1.0,bingofuel.110350529855184000,66.72247364704381,75.43720862738681
en-de,it,108,GP,GP,1.0,bingofuel.110350529855184000,54.10822690539396,74.41765359174526
en-de,it,108,MEPRS,C3,1.0,bingofuel.110350529855184000,55.31064767295667,68.2652429574165
en-de,it,112,G35,G35,1.0,sports-5-en_0058939-71,18.798317647335086,59.100965103757396
en-de,it,112,G4o,G4o,1.0,sports-5-en_0058939-71,31.55984539112945,63.419633025704854
en-de,it,112,C3,C3,1.0,sports-5-en_0058939-71,36.55552228545123,63.762066519915614
en-de,it,112,C35,C35,1.0,sports-5-en_0058939-71,31.55984539112945,63.419633025704854
en-de,it,112,GP,GP,1.0,sports-5-en_0058939-71,20.44800736021839,59.389950334699115
en-de,it,112,MEPRS,C35,1.0,sports-5-en_0058939-71,31.55984539112945,63.419633025704854
en-de,it,113,G35,G35,1.0,thelocal.17459,0.02929887179387845,4.490300111754355
en-de,it,113,G4o,G4o,1.0,thelocal.17459,30.826276460621845,67.455742695262
en-de,it,113,C3,C3,1.0,thelocal.17459,67.86502681586727,80.57195118722673
en-de,it,113,C35,C35,1.0,thelocal.17459,25.74866101628968,61.4386219133464
en-de,it,113,GP,GP,1.0,thelocal.17459,44.28500142691474,77.26255009934859
en-de,it,113,MEPRS,C35,1.0,thelocal.17459,25.74866101628968,61.4386219133464
en-de,it,126,G35,G35,1.0,seperis.110347877773316992,60.76285260281211,82.48946589396583
en-de,it,126,G4o,G4o,1.0,seperis.110347877773316992,60.016612282813796,72.34272180974301
en-de,it,126,C3,C3,1.0,seperis.110347877773316992,50.19120807749994,67.8460801829761
en-de,it,126,C35,C35,1.0,seperis.110347877773316992,57.532096311217124,74.00939662922212
en-de,it,126,GP,GP,1.0,seperis.110347877773316992,42.064751946648876,72.42180771668872
en-de,it,126,MEPRS,G35,1.0,seperis.110347877773316992,60.76285260281211,82.48946589396583
en-de,it,128,G35,G35,1.0,aaronsgiles.110351251990540992,75.16324170467024,77.79999039204174
en-de,it,128,G4o,G4o,1.0,aaronsgiles.110351251990540992,54.39695797716092,72.82361305653455
en-de,it,128,C3,C3,1.0,aaronsgiles.110351251990540992,74.62878748277068,77.72459446542214
en-de,it,128,C35,C35,1.0,aaronsgiles.110351251990540992,66.24803817928738,74.19959218302644
en-de,it,128,GP,GP,1.0,aaronsgiles.110351251990540992,58.352601681801595,70.10603940043332
en-de,it,128,MEPRS,G35,1.0,aaronsgiles.110351251990540992,75.16324170467024,77.79999039204174
en-de,it,133,G35,G35,1.0,bright_helpings.110349824978800992,20.10537345406003,66.6212497113719
en-de,it,133,G4o,G4o,1.0,bright_helpings.110349824978800992,71.38957847176474,91.32791918336271
en-de,it,133,C3,C3,1.0,bright_helpings.110349824978800992,71.38957847176474,91.32791918336271
en-de,it,133,C35,C35,1.0,bright_helpings.110349824978800992,71.38957847176474,91.32791918336271
en-de,it,133,GP,GP,1.0,bright_helpings.110349824978800992,15.66391541195429,42.68308694011582
en-de,it,133,MEPRS,C35,1.0,bright_helpings.110349824978800992,71.38957847176474,91.32791918336271
en-de,it,145,G35,G35,0.95,gray17.110350774902091008,49.535155932299176,79.40927420052559
en-de,it,145,G4o,G4o,0.95,gray17.110350774902091008,66.08165002747283,91.59020020743066
en-de,it,145,C3,C3,0.95,gray17.110350774902091008,40.79338903150469,76.08888662752214
en-de,it,145,C35,C35,0.95,gray17.110350774902091008,34.06227682100307,63.38735430825681
en-de,it,145,GP,GP,0.95,gray17.110350774902091008,26.70989082886922,67.89648129132026
en-de,it,145,MEPRS,C35,0.95,gray17.110350774902091008,34.06227682100307,63.38735430825681
en-de,it,146,G35,G35,0.95,Splodgenoodles.110347870538880000,40.65272007833912,65.28714857967539
en-de,it,146,G4o,G4o,0.95,Splodgenoodles.110347870538880000,42.14503095265653,70.48245111840475
en-de,it,146,C3,C3,0.95,Splodgenoodles.110347870538880000,45.33028093941598,69.60280855069895
en-de,it,146,C35,C35,0.95,Splodgenoodles.110347870538880000,36.582315524314936,67.80109914238703
en-de,it,146,GP,GP,0.95,Splodgenoodles.110347870538880000,49.725282737830604,71.35625009517973
en-de,it,146,MEPRS,C3,0.95,Splodgenoodles.110347870538880000,45.33028093941598,69.60280855069895
en-de,it,158,G35,G35,0.9787,sports-4-en_0513789-90,29.25612730731506,77.1180500296136
en-de,it,158,G4o,G4o,0.9787,sports-4-en_0513789-90,25.74866101628968,62.84918174799767
en-de,it,158,C3,C3,0.9787,sports-4-en_0513789-90,44.63236137853328,81.39054806880563
en-de,it,158,C35,C35,0.9787,sports-4-en_0513789-90,46.905226098954195,67.58677613305274
en-de,it,158,GP,GP,0.9787,sports-4-en_0513789-90,31.455601883230706,70.47639591202324
en-de,it,158,MEPRS,C3,0.9787,sports-4-en_0513789-90,44.63236137853328,81.39054806880563
en-de,it,159,G35,G35,0.9873,seattle_times.570827,36.0056585428503,52.22896760384975
en-de,it,159,G4o,G4o,0.9873,seattle_times.570827,18.798317647335086,38.7957925086426
en-de,it,159,C3,C3,0.9873,seattle_times.570827,15.122637383061946,36.213078675068694
en-de,it,159,C35,C35,0.9873,seattle_times.570827,10.81377510275021,30.461961053616395
en-de,it,159,GP,GP,0.9873,seattle_times.570827,36.0056585428503,52.22896760384975
en-de,it,159,MEPRS,C3,0.9873,seattle_times.570827,15.122637383061946,36.213078675068694
en-de,it,162,G35,G35,0.9383,viridian.110348408105752000,44.127727128874795,78.46695740641577
en-de,it,162,G4o,G4o,0.9383,viridian.110348408105752000,33.48419268083208,72.57390633067068
en-de,it,162,C3,C3,0.9383,viridian.110348408105752000,37.29751340178737,70.20800067432985
en-de,it,162,C35,C35,0.9383,viridian.110348408105752000,49.33335995141798,78.97654073765979
en-de,it,162,GP,GP,0.9383,viridian.110348408105752000,39.64363640678062,71.23582681327935
en-de,it,162,MEPRS,C35,0.9383,viridian.110348408105752000,49.33335995141798,78.97654073765979
en-de,it,164,G35,G35,1.0,hupfen.110347875196018000,20.331710659744473,47.863283395478824
en-de,it,164,G4o,G4o,1.0,hupfen.110347875196018000,32.141105530539434,63.17609373522196
en-de,it,164,C3,C3,1.0,hupfen.110347875196018000,11.592539060615074,37.4641344811592
en-de,it,164,C35,C35,1.0,hupfen.110347875196018000,11.986062961075742,44.16203553461751
en-de,it,164,GP,GP,1.0,hupfen.110347875196018000,12.817975762352775,37.08922873848895
en-de,it,164,MEPRS,C35,1.0,hupfen.110347875196018000,11.986062961075742,44.16203553461751
en-de,it,173,G35,G35,1.0,msnbc.11229,36.19174049405415,60.38852854351219
en-de,it,173,G4o,G4o,1.0,msnbc.11229,28.889830842564407,68.83479183061772
en-de,it,173,C3,C3,1.0,msnbc.11229,61.153805769010226,73.09398342021534
en-de,it,173,C35,C35,1.0,msnbc.11229,47.85543921093738,67.02207323992899
en-de,it,173,GP,GP,1.0,msnbc.11229,33.12498979466407,61.193313192804105
en-de,it,173,MEPRS,C35,1.0,msnbc.11229,47.85543921093738,67.02207323992899
en-de,it,181,G35,G35,0.9231,drugstore-1-en_0530458-107,40.58151430481117,75.2579109335626
en-de,it,181,G4o,G4o,0.9231,drugstore-1-en_0530458-107,44.46283724610353,77.56626618366435
en-de,it,181,C3,C3,0.9231,drugstore-1-en_0530458-107,43.658603197737,77.38130313932434
en-de,it,181,C35,C35,0.9231,drugstore-1-en_0530458-107,40.595350341763066,75.25973990335989
en-de,it,181,GP,GP,0.9231,drugstore-1-en_0530458-107,41.65670362778187,74.28558054687302
en-de,it,181,MEPRS,C3,0.9231,drugstore-1-en_0530458-107,43.658603197737,77.38130313932434
en-de,it,182,G35,G35,1.0,elitr_minuting-21,57.27457059211461,83.96295470328172
en-de,it,182,G4o,G4o,1.0,elitr_minuting-21,57.27457059211461,84.27777989292271
en-de,it,182,C3,C3,1.0,elitr_minuting-21,77.21947901921794,89.65894126546704
en-de,it,182,C35,C35,1.0,elitr_minuting-21,74.73594362876831,86.39888919771545
en-de,it,182,GP,GP,1.0,elitr_minuting-21,37.99813583078823,77.67938022935029
en-de,it,182,MEPRS,C3,1.0,elitr_minuting-21,77.21947901921794,89.65894126546704
en-de,it,183,G35,G35,0.9313,egyptindependent.com.11799,50.70605602044612,80.50470754125854
en-de,it,183,G4o,G4o,0.9313,egyptindependent.com.11799,50.83600178135818,78.22019013576723
en-de,it,183,C3,C3,0.9313,egyptindependent.com.11799,40.91623025458391,75.54726428619405
en-de,it,183,C35,C35,0.9313,egyptindependent.com.11799,45.05872417793075,77.49889618717555
en-de,it,183,GP,GP,0.9313,egyptindependent.com.11799,38.726016574309924,75.8344755661672
en-de,it,183,MEPRS,C35,0.9313,egyptindependent.com.11799,45.05872417793075,77.49889618717555
en-de,it,184,G35,G35,0.9545,imtheq.110350767978472992,42.17112371727348,69.35628891822273
en-de,it,184,G4o,G4o,0.9545,imtheq.110350767978472992,40.32539269655426,68.39324409246645
en-de,it,184,C3,C3,0.9545,imtheq.110350767978472992,38.48029091674488,70.07307187301579
en-de,it,184,C35,C35,0.9545,imtheq.110350767978472992,32.520838890154025,65.54403279189779
en-de,it,184,GP,GP,0.9545,imtheq.110350767978472992,28.037372124924083,70.73729893511661
en-de,it,184,MEPRS,C35,0.9545,imtheq.110350767978472992,32.520838890154025,65.54403279189779
en-de,it,185,G35,G35,0.9286,legumancer.110349589436907008,41.945867803839036,67.59486381325372
en-de,it,185,G4o,G4o,0.9286,legumancer.110349589436907008,45.77434748097164,65.52999785370255
en-de,it,185,C3,C3,0.9286,legumancer.110349589436907008,26.569595211143717,53.70701737109982
en-de,it,185,C35,C35,0.9286,legumancer.110349589436907008,34.84199501875861,60.3226760054966
en-de,it,185,GP,GP,0.9286,legumancer.110349589436907008,23.422882884035005,52.58725621033648
en-de,it,185,MEPRS,G35,0.9286,legumancer.110349589436907008,41.945867803839036,67.59486381325372
en-de,tear,0,G35,G35,1.0,pamela.110349799698679008,32.64971028628052,68.83173884801705
en-de,tear,0,G4o,G4o,1.0,pamela.110349799698679008,82.65168183793801,89.65970167616483
en-de,tear,0,C3,C3,1.0,pamela.110349799698679008,91.2167909070388,99.6127298763907
en-de,tear,0,C35,C35,1.0,pamela.110349799698679008,91.2167909070388,99.6127298763907
en-de,tear,0,GP,GP,1.0,pamela.110349799698679008,91.2167909070388,99.6127298763907
en-de,tear,0,MEPRS,GP,1.0,pamela.110349799698679008,91.2167909070388,99.6127298763907
en-de,tear,1,G35,G35,0.963,hmhackmaster.110350770620187008,42.13919805847572,66.6865375764326
en-de,tear,1,G4o,G4o,0.963,hmhackmaster.110350770620187008,47.14126667032335,76.79177729865732
en-de,tear,1,C3,C3,0.963,hmhackmaster.110350770620187008,41.43341451677126,68.89195744819044
en-de,tear,1,C35,C35,0.963,hmhackmaster.110350770620187008,53.844047814571105,80.99373777498677
en-de,tear,1,GP,GP,0.963,hmhackmaster.110350770620187008,47.14126667032335,75.62628982293187
en-de,tear,1,MEPRS,G4o,0.963,hmhackmaster.110350770620187008,47.14126667032335,76.79177729865732
en-de,tear,4,G35,G35,1.0,elitr_minuting-21,58.44805589505077,68.69407381132486
en-de,tear,4,G4o,G4o,1.0,elitr_minuting-21,58.44805589505077,68.69407381132486
en-de,tear,4,C3,C3,1.0,elitr_minuting-21,50.9128278807904,77.68734988357876
en-de,tear,4,C35,C35,1.0,elitr_minuting-21,23.388583409889094,54.298472939099355
en-de,tear,4,GP,GP,1.0,elitr_minuting-21,61.09455387717302,71.65523275908052
en-de,tear,4,MEPRS,C3,1.0,elitr_minuting-21,50.9128278807904,77.68734988357876
en-de,tear,5,G35,G35,1.0,peterdrake.110350524387664000,51.774014474627684,76.2589825336356
en-de,tear,5,G4o,G4o,1.0,peterdrake.110350524387664000,53.59677793099934,64.78325457652245
en-de,tear,5,C3,C3,1.0,peterdrake.110350524387664000,51.774014474627684,76.2589825336356
en-de,tear,5,C35,C35,1.0,peterdrake.110350524387664000,47.661629065943075,74.9221392385797
en-de,tear,5,GP,GP,1.0,peterdrake.110350524387664000,51.774014474627684,76.2589825336356
en-de,tear,5,MEPRS,C35,1.0,peterdrake.110350524387664000,47.661629065943075,74.9221392385797
en-de,tear,14,G35,G35,1.0,AdrianRiskin.110351010944540000,64.60704958689718,84.53803683881128
en-de,tear,14,G4o,G4o,1.0,AdrianRiskin.110351010944540000,57.83820852384769,84.070265770716
en-de,tear,14,C3,C3,1.0,AdrianRiskin.110351010944540000,69.227272490225,85.33893761525503
en-de,tear,14,C35,C35,1.0,AdrianRiskin.110351010944540000,64.22534580300778,83.69598808806806
en-de,tear,14,GP,GP,1.0,AdrianRiskin.110351010944540000,53.224374671378385,81.45215191493854
en-de,tear,14,MEPRS,G4o,1.0,AdrianRiskin.110351010944540000,57.83820852384769,84.070265770716
en-de,tear,18,G35,G35,1.0,elitr_minuting-3,17.978612082239167,59.844787202264406
en-de,tear,18,G4o,G4o,1.0,elitr_minuting-3,51.067047496153016,83.27809135318041
en-de,tear,18,C3,C3,1.0,elitr_minuting-3,28.265085849638737,71.73931080166703
en-de,tear,18,C35,C35,1.0,elitr_minuting-3,18.817047162770987,70.13888673494715
en-de,tear,18,GP,GP,1.0,elitr_minuting-3,51.067047496153016,83.27809135318041
en-de,tear,18,MEPRS,GP,1.0,elitr_minuting-3,51.067047496153016,83.27809135318041
en-de,tear,24,G35,G35,0.9677,mo8it.110349823511154000,54.63093600355767,80.21440153808072
en-de,tear,24,G4o,G4o,0.9677,mo8it.110349823511154000,56.08904093445158,81.63032876593694
en-de,tear,24,C3,C3,0.9677,mo8it.110349823511154000,41.10573751509462,77.11402714361203
en-de,tear,24,C35,C35,0.9677,mo8it.110349823511154000,32.6901898301364,64.73845321984781
en-de,tear,24,GP,GP,0.9677,mo8it.110349823511154000,50.230496724470875,78.35649663163933
en-de,tear,24,MEPRS,C3,0.9677,mo8it.110349823511154000,41.10573751509462,77.11402714361203
en-de,tear,33,G35,G35,1.0,manlycoffee.110351250115060992,68.65065103648591,87.61966285275246
en-de,tear,33,G4o,G4o,1.0,manlycoffee.110351250115060992,46.59202459717759,65.69549757656945
en-de,tear,33,C3,C3,1.0,manlycoffee.110351250115060992,81.53551038173114,94.58478781912167
en-de,tear,33,C35,C35,1.0,manlycoffee.110351250115060992,80.08131934180452,92.41286047198581
en-de,tear,33,GP,GP,1.0,manlycoffee.110351250115060992,81.53551038173114,94.58478781912167
en-de,tear,33,MEPRS,G35,1.0,manlycoffee.110351250115060992,68.65065103648591,87.61966285275246
en-de,tear,34,G35,G35,0.9634,egyptindependent.com.11799,55.70089384454574,80.9211334587581
en-de,tear,34,G4o,G4o,0.9634,egyptindependent.com.11799,54.56433812055819,81.32846199702952
en-de,tear,34,C3,C3,0.9634,egyptindependent.com.11799,52.91277369176875,80.80360223495079
en-de,tear,34,C35,C35,0.9634,egyptindependent.com.11799,52.52754173194972,79.58386292154692
en-de,tear,34,GP,GP,0.9634,egyptindependent.com.11799,50.714806778877154,80.21328505330165
en-de,tear,34,MEPRS,G4o,0.9634,egyptindependent.com.11799,54.56433812055819,81.32846199702952
en-de,tear,37,G35,G35,1.0,mo8it.110349823511154000,100.0,100.0
en-de,tear,37,G4o,G4o,1.0,mo8it.110349823511154000,54.10822690539396,83.68273548511485
en-de,tear,37,C3,C3,1.0,mo8it.110349823511154000,54.10822690539396,83.68273548511485
en-de,tear,37,C35,C35,1.0,mo8it.110349823511154000,54.10822690539396,83.68273548511485
en-de,tear,37,GP,GP,1.0,mo8it.110349823511154000,100.0,100.0
en-de,tear,37,MEPRS,G35,1.0,mo8it.110349823511154000,100.0,100.0
en-de,tear,38,G35,G35,0.9434,digital_ebook_purchase-1-en_0353348-58,47.539745757514645,75.34928535197031
en-de,tear,38,G4o,G4o,0.9434,digital_ebook_purchase-1-en_0353348-58,45.95177341017545,73.8873242065324
en-de,tear,38,C3,C3,0.9434,digital_ebook_purchase-1-en_0353348-58,31.36630661058264,72.31301170923446
en-de,tear,38,C35,C35,0.9434,digital_ebook_purchase-1-en_0353348-58,35.38759369364338,69.95651736746082
en-de,tear,38,GP,GP,0.9434,digital_ebook_purchase-1-en_0353348-58,46.856176131210105,74.5482896587268
en-de,tear,38,MEPRS,C35,0.9434,digital_ebook_purchase-1-en_0353348-58,35.38759369364338,69.95651736746082
en-de,tear,45,G35,G35,0.9811,krinkle.110351251103976000,65.9958302850984,88.22879643898047
en-de,tear,45,G4o,G4o,0.9811,krinkle.110351251103976000,49.44009300452733,82.1135814291566
en-de,tear,45,C3,C3,0.9811,krinkle.110351251103976000,53.16474451953961,85.02766387686962
en-de,tear,45,C35,C35,0.9811,krinkle.110351251103976000,69.07355502974171,87.70113359612287
en-de,tear,45,GP,GP,0.9811,krinkle.110351251103976000,58.45427355742879,85.37529484371068
en-de,tear,45,MEPRS,G35,0.9811,krinkle.110351251103976000,65.9958302850984,88.22879643898047
en-de,tear,50,G35,G35,1.0,jacobyaudio.110351243790971008,47.25068679267516,69.70760946888171
en-de,tear,50,G4o,G4o,1.0,jacobyaudio.110351243790971008,33.62124819992378,74.41139081181889
en-de,tear,50,C3,C3,1.0,jacobyaudio.110351243790971008,36.371357625641295,74.62588633589422
en-de,tear,50,C35,C35,1.0,jacobyaudio.110351243790971008,44.30424323090141,78.71130909461591
en-de,tear,50,GP,GP,1.0,jacobyaudio.110351243790971008,40.239868527685154,71.01712665559674
en-de,tear,50,MEPRS,C35,1.0,jacobyaudio.110351243790971008,44.30424323090141,78.71130909461591
en-de,tear,52,G35,G35,0.9492,eli_oat.110350998292172992,38.392009700105305,68.48097317983562
en-de,tear,52,G4o,G4o,0.9492,eli_oat.110350998292172992,50.866903676177785,75.08338298858493
en-de,tear,52,C3,C3,0.9492,eli_oat.110350998292172992,46.69059582261105,72.17975573229401
en-de,tear,52,C35,C35,0.9492,eli_oat.110350998292172992,35.36423673359578,67.95186396046262
en-de,tear,52,GP,GP,0.9492,eli_oat.110350998292172992,21.01646027393524,34.340097461151444
en-de,tear,52,MEPRS,G4o,0.9492,eli_oat.110350998292172992,50.866903676177785,75.08338298858493
en-de,tear,53,G35,G35,0.92,MLClark.110350771110364992,28.81519150515533,59.84761363723546
en-de,tear,53,G4o,G4o,0.92,MLClark.110350771110364992,52.67368863197449,79.87141051808264
en-de,tear,53,C3,C3,0.92,MLClark.110350771110364992,11.069587632290915,56.13707425818692
en-de,tear,53,C35,C35,0.92,MLClark.110350771110364992,36.33680047724516,73.97136973742536
en-de,tear,53,GP,GP,0.92,MLClark.110350771110364992,43.296675061103464,73.12148582599914
en-de,tear,53,MEPRS,G35,0.92,MLClark.110350771110364992,28.81519150515533,59.84761363723546
en-de,tear,56,G35,G35,1.0,musical_instruments-4-en_0522818-189,22.250253290431036,58.23426038963322
en-de,tear,56,G4o,G4o,1.0,musical_instruments-4-en_0522818-189,35.70583512587401,74.63976331072043
en-de,tear,56,C3,C3,1.0,musical_instruments-4-en_0522818-189,22.475693988901025,65.75707307838891
en-de,tear,56,C35,C35,1.0,musical_instruments-4-en_0522818-189,23.632009599741206,70.95344297453288
en-de,tear,56,GP,GP,1.0,musical_instruments-4-en_0522818-189,67.12403123245674,93.09220734182138
en-de,tear,56,MEPRS,GP,1.0,musical_instruments-4-en_0522818-189,67.12403123245674,93.09220734182138
en-de,tear,65,G35,G35,1.0,RogerBW.110350523854584992,18.5750579991336,24.425209642616792
en-de,tear,65,G4o,G4o,1.0,RogerBW.110350523854584992,0.0031622776601683803,100.0
en-de,tear,65,C3,C3,1.0,RogerBW.110350523854584992,0.0024028114141347564,34.3745042073725
en-de,tear,65,C35,C35,1.0,RogerBW.110350523854584992,0.0024028114141347564,17.822260134984038
en-de,tear,65,GP,GP,1.0,RogerBW.110350523854584992,47.28708045015878,95.68061933675574
en-de,tear,65,MEPRS,G4o,1.0,RogerBW.110350523854584992,0.0031622776601683803,100.0
en-de,tear,68,G35,G35,0.9333,riesling.110349809063676992,52.178604151179144,79.32481870608828
en-de,tear,68,G4o,G4o,0.9333,riesling.110349809063676992,60.87924559880468,84.32783764334211
en-de,tear,68,C3,C3,0.9333,riesling.110349809063676992,54.507288772460846,74.60287292210363
en-de,tear,68,C35,C35,0.9333,riesling.110349809063676992,61.989977892036315,82.02857915323399
en-de,tear,68,GP,GP,0.9333,riesling.110349809063676992,69.93144740685177,84.8002534573958
en-de,tear,68,MEPRS,C3,0.9333,riesling.110349809063676992,54.507288772460846,74.60287292210363
en-de,tear,71,G35,G35,1.0,pa.35733,21.191828141393902,45.612019602674536
en-de,tear,71,G4o,G4o,1.0,pa.35733,44.63236137853329,58.20575603245652
en-de,tear,71,C3,C3,1.0,pa.35733,39.2814650900513,76.17761511244329
en-de,tear,71,C35,C35,1.0,pa.35733,19.96019880774733,75.47833078224403
en-de,tear,71,GP,GP,1.0,pa.35733,9.165852474742525,66.68426273559805
en-de,tear,71,MEPRS,C3,1.0,pa.35733,39.2814650900513,76.17761511244329
en-de,tear,73,G35,G35,0.9855,b33fpebble.110351003098104000,46.89977396266406,69.72951636750385
en-de,tear,73,G4o,G4o,0.9855,b33fpebble.110351003098104000,51.12823066943367,71.32476269761865
en-de,tear,73,C3,C3,0.9855,b33fpebble.110351003098104000,57.53477543832872,74.97908828135051
en-de,tear,73,C35,C35,0.9855,b33fpebble.110351003098104000,51.68370012444133,72.18967788316768
en-de,tear,73,GP,GP,0.9855,b33fpebble.110351003098104000,45.167558860705235,69.8850541400483
en-de,tear,73,MEPRS,C3,0.9855,b33fpebble.110351003098104000,57.53477543832872,74.97908828135051
en-de,tear,74,G35,G35,0.9398,elitr_minuting-17,60.33459029205279,81.38780786305459
en-de,tear,74,G4o,G4o,0.9398,elitr_minuting-17,72.41240385464879,86.24817497750122
en-de,tear,74,C3,C3,0.9398,elitr_minuting-17,60.32597319743366,84.35565683840638
en-de,tear,74,C35,C35,0.9398,elitr_minuting-17,61.21873747583,80.49050727589176
en-de,tear,74,GP,GP,0.9398,elitr_minuting-17,40.3674822713404,77.31478144355124
en-de,tear,74,MEPRS,C3,0.9398,elitr_minuting-17,60.32597319743366,84.35565683840638
en-de,tear,78,G35,G35,0.9455,baby_product-5-en_0428455-56,28.601670839963013,66.51248791163859
en-de,tear,78,G4o,G4o,0.9455,baby_product-5-en_0428455-56,23.23142584325185,62.78889066846518
en-de,tear,78,C3,C3,0.9455,baby_product-5-en_0428455-56,22.902148865762943,65.32728353499407
en-de,tear,78,C35,C35,0.9455,baby_product-5-en_0428455-56,24.35246595831137,66.8490122250635
en-de,tear,78,GP,GP,0.9455,baby_product-5-en_0428455-56,30.696428855532567,67.36675799490256
en-de,tear,78,MEPRS,GP,0.9455,baby_product-5-en_0428455-56,30.696428855532567,67.36675799490256
en-de,tear,80,G35,G35,0.9565,Gwendolyn.110349819552196992,34.283888122862315,72.83897419657555
en-de,tear,80,G4o,G4o,0.9565,Gwendolyn.110349819552196992,41.08553537178479,72.63083957816487
en-de,tear,80,C3,C3,0.9565,Gwendolyn.110349819552196992,24.4590051262156,67.69091169038269
en-de,tear,80,C35,C35,0.9565,Gwendolyn.110349819552196992,32.71486387621886,71.55692648272462
en-de,tear,80,GP,GP,0.9565,Gwendolyn.110349819552196992,30.67320928277699,67.63327292813625
en-de,tear,80,MEPRS,C35,0.9565,Gwendolyn.110349819552196992,32.71486387621886,71.55692648272462
en-de,tear,82,G35,G35,1.0,Gwendolyn.110349819552196992,36.889397323344056,77.0199317987374
en-de,tear,82,G4o,G4o,1.0,Gwendolyn.110349819552196992,39.2814650900513,87.74290454442338
en-de,tear,82,C3,C3,1.0,Gwendolyn.110349819552196992,27.968424579665367,73.18840698895544
en-de,tear,82,C35,C35,1.0,Gwendolyn.110349819552196992,39.2814650900513,78.97012093889084
en-de,tear,82,GP,GP,1.0,Gwendolyn.110349819552196992,21.409092659758038,70.28082652482333
en-de,tear,82,MEPRS,G35,1.0,Gwendolyn.110349819552196992,36.889397323344056,77.0199317987374
en-de,tear,84,G35,G35,0.9697,elitr_minuting-23,72.96851250816452,88.11542709885232
en-de,tear,84,G4o,G4o,0.9697,elitr_minuting-23,61.501051860547676,73.21813436739117
en-de,tear,84,C3,C3,0.9697,elitr_minuting-23,63.391546172291555,73.36950604650914
en-de,tear,84,C35,C35,0.9697,elitr_minuting-23,64.57415708533196,77.8071069250369
en-de,tear,84,GP,GP,0.9697,elitr_minuting-23,5.806105193260465,28.20606046928977
en-de,tear,84,MEPRS,G35,0.9697,elitr_minuting-23,72.96851250816452,88.11542709885232
en-de,tear,88,G35,G35,1.0,baby_product-5-en_0428455-56,0.0031622776601683803,100.0
en-de,tear,88,G4o,G4o,1.0,baby_product-5-en_0428455-56,0.0031622776601683803,100.0
en-de,tear,88,C3,C3,1.0,baby_product-5-en_0428455-56,0.0031622776601683803,100.0
en-de,tear,88,C35,C35,1.0,baby_product-5-en_0428455-56,0.0024028114141347564,71.19826256821203
en-de,tear,88,GP,GP,1.0,baby_product-5-en_0428455-56,16.036590969929357,32.79212450255263
en-de,tear,88,MEPRS,C3,1.0,baby_product-5-en_0428455-56,0.0031622776601683803,100.0
en-de,tear,89,G35,G35,0.9231,cbsnews.120102,42.29385542320419,76.02558271391051
en-de,tear,89,G4o,G4o,0.9231,cbsnews.120102,64.7192656263956,84.84234256769334
en-de,tear,89,C3,C3,0.9231,cbsnews.120102,32.05904022538773,62.282494829507925
en-de,tear,89,C35,C35,0.9231,cbsnews.120102,25.663395122050023,47.65236062984271
en-de,tear,89,GP,GP,0.9231,cbsnews.120102,35.56521383601747,76.69437192320783
en-de,tear,89,MEPRS,G4o,0.9231,cbsnews.120102,64.7192656263956,84.84234256769334
en-de,tear,90,G35,G35,1.0,jacobyaudio.110351243790971008,58.33851535568624,82.12844455136153
en-de,tear,90,G4o,G4o,1.0,jacobyaudio.110351243790971008,64.4849232572102,84.57896843187996
en-de,tear,90,C3,C3,1.0,jacobyaudio.110351243790971008,48.46395612528835,82.99767673443851
en-de,tear,90,C35,C35,1.0,jacobyaudio.110351243790971008,63.43591537747104,82.1507528883251
en-de,tear,90,GP,GP,1.0,jacobyaudio.110351243790971008,26.026464547816346,69.79691448324864
en-de,tear,90,MEPRS,G35,1.0,jacobyaudio.110351243790971008,58.33851535568624,82.12844455136153
en-de,tear,93,G35,G35,0.9449,thelocal.17459,52.67468992158073,79.91255455126671
en-de,tear,93,G4o,G4o,0.9449,thelocal.17459,51.982241476512726,81.14650751426419
en-de,tear,93,C3,C3,0.9449,thelocal.17459,50.91308731471471,78.36663400389261
en-de,tear,93,C35,C35,0.9449,thelocal.17459,59.80977235204386,84.20203032175388
en-de,tear,93,GP,GP,0.9449,thelocal.17459,42.533524209857745,75.32045204583726
en-de,tear,93,MEPRS,GP,0.9449,thelocal.17459,42.533524209857745,75.32045204583726
en-de,tear,94,G35,G35,0.9395,grocery-1-en_0184810-120,46.144765330277515,74.6822301298112
en-de,tear,94,G4o,G4o,0.9395,grocery-1-en_0184810-120,40.033127157766096,72.69450663306382
en-de,tear,94,C3,C3,0.9395,grocery-1-en_0184810-120,35.41050908836926,70.76877841397278
en-de,tear,94,C35,C35,0.9395,grocery-1-en_0184810-120,36.50282013132281,72.38284085848906
en-de,tear,94,GP,GP,0.9395,grocery-1-en_0184810-120,38.57825692246666,71.57327452956913
en-de,tear,94,MEPRS,G35,0.9395,grocery-1-en_0184810-120,46.144765330277515,74.6822301298112
en-de,tear,103,G35,G35,1.0,toze.110348403689403008,33.03164318013807,72.82823917537475
en-de,tear,103,G4o,G4o,1.0,toze.110348403689403008,33.03164318013807,63.32114994915005
en-de,tear,103,C3,C3,1.0,toze.110348403689403008,38.260294162784476,63.620038711412285
en-de,tear,103,C35,C35,1.0,toze.110348403689403008,38.260294162784476,73.17073814500252
en-de,tear,103,GP,GP,1.0,toze.110348403689403008,33.03164318013807,72.82823917537475
en-de,tear,103,MEPRS,C35,1.0,toze.110348403689403008,38.260294162784476,73.17073814500252
en-de,tear,105,G35,G35,1.0,cogitoergocum.110347866403094000,29.502343631964045,72.23633507478559
en-de,tear,105,G4o,G4o,1.0,cogitoergocum.110347866403094000,37.06866381788037,74.06371879957759
en-de,tear,105,C3,C3,1.0,cogitoergocum.110347866403094000,26.91109110344472,74.15829633187998
en-de,tear,105,C35,C35,1.0,cogitoergocum.110347866403094000,67.04226838163329,85.69995242537448
en-de,tear,105,GP,GP,1.0,cogitoergocum.110347866403094000,67.04226838163329,85.69995242537448
en-de,tear,105,MEPRS,C35,1.0,cogitoergocum.110347866403094000,67.04226838163329,85.69995242537448
en-de,tear,107,G35,G35,1.0,cogitoergocum.110347866403094000,51.61092033951753,67.66353661360951
en-de,tear,107,G4o,G4o,1.0,cogitoergocum.110347866403094000,51.61092033951753,68.52506960098017
en-de,tear,107,C3,C3,1.0,cogitoergocum.110347866403094000,45.005998366907036,65.31923408120736
en-de,tear,107,C35,C35,1.0,cogitoergocum.110347866403094000,44.953345083839395,64.62167070714443
en-de,tear,107,GP,GP,1.0,cogitoergocum.110347866403094000,3.803667325639369e-18,0.12309207287050712
en-de,tear,107,MEPRS,C35,1.0,cogitoergocum.110347866403094000,44.953345083839395,64.62167070714443
en-de,tear,108,G35,G35,1.0,bingofuel.110350529855184000,54.222693412408915,73.3869266672379
en-de,tear,108,G4o,G4o,1.0,bingofuel.110350529855184000,63.74950652411382,75.01875278590092
en-de,tear,108,C3,C3,1.0,bingofuel.110350529855184000,63.74950652411382,79.64619498638675
en-de,tear,108,C35,C35,1.0,bingofuel.110350529855184000,66.72247364704381,75.43720862738681
en-de,tear,108,GP,GP,1.0,bingofuel.110350529855184000,56.23413251903491,75.10597541064504
en-de,tear,108,MEPRS,G4o,1.0,bingofuel.110350529855184000,63.74950652411382,75.01875278590092
en-de,tear,112,G35,G35,1.0,sports-5-en_0058939-71,31.55984539112945,63.419633025704854
en-de,tear,112,G4o,G4o,1.0,sports-5-en_0058939-71,31.55984539112945,63.419633025704854
en-de,tear,112,C3,C3,1.0,sports-5-en_0058939-71,36.55552228545123,63.762066519915614
en-de,tear,112,C35,C35,1.0,sports-5-en_0058939-71,31.55984539112945,63.419633025704854
en-de,tear,112,GP,GP,1.0,sports-5-en_0058939-71,31.55984539112945,61.65908514714601
en-de,tear,112,MEPRS,G4o,1.0,sports-5-en_0058939-71,31.55984539112945,63.419633025704854
en-de,tear,113,G35,G35,1.0,thelocal.17459,43.24227075463215,70.59143245482718
en-de,tear,113,G4o,G4o,1.0,thelocal.17459,43.24227075463215,70.59143245482718
en-de,tear,113,C3,C3,1.0,thelocal.17459,28.91784933232572,51.94358274733299
en-de,tear,113,C35,C35,1.0,thelocal.17459,67.86502681586727,80.57195118722673
en-de,tear,113,GP,GP,1.0,thelocal.17459,67.86502681586727,80.57195118722673
en-de,tear,113,MEPRS,G35,1.0,thelocal.17459,43.24227075463215,70.59143245482718
en-de,tear,126,G35,G35,1.0,seperis.110347877773316992,72.24637864373493,84.28606016362416
en-de,tear,126,G4o,G4o,1.0,seperis.110347877773316992,51.604274471624244,69.68160736379546
en-de,tear,126,C3,C3,1.0,seperis.110347877773316992,23.889346580055705,61.69969439695655
en-de,tear,126,C35,C35,1.0,seperis.110347877773316992,56.08477095443869,73.06839560258115
en-de,tear,126,GP,GP,1.0,seperis.110347877773316992,45.60658347538851,70.98034489952822
en-de,tear,126,MEPRS,G35,1.0,seperis.110347877773316992,72.24637864373493,84.28606016362416
en-de,tear,128,G35,G35,1.0,aaronsgiles.110351251990540992,74.62878748277068,77.72459446542214
en-de,tear,128,G4o,G4o,1.0,aaronsgiles.110351251990540992,74.62878748277068,77.72459446542214
en-de,tear,128,C3,C3,1.0,aaronsgiles.110351251990540992,53.28900818555018,66.08776606980868
en-de,tear,128,C35,C35,1.0,aaronsgiles.110351251990540992,56.90384191970907,80.28158332291953
en-de,tear,128,GP,GP,1.0,aaronsgiles.110351251990540992,61.042046401186376,71.11946292431973
en-de,tear,128,MEPRS,C35,1.0,aaronsgiles.110351251990540992,56.90384191970907,80.28158332291953
en-de,tear,133,G35,G35,1.0,bright_helpings.110349824978800992,26.605705761298584,70.61041165489097
en-de,tear,133,G4o,G4o,1.0,bright_helpings.110349824978800992,55.69293311620417,82.3323929600174
en-de,tear,133,C3,C3,1.0,bright_helpings.110349824978800992,100.0,100.0
en-de,tear,133,C35,C35,1.0,bright_helpings.110349824978800992,71.38957847176474,91.32791918336271
en-de,tear,133,GP,GP,1.0,bright_helpings.110349824978800992,27.6715788893083,51.35932365354375
en-de,tear,133,MEPRS,C3,1.0,bright_helpings.110349824978800992,100.0,100.0
en-de,tear,145,G35,G35,0.95,gray17.110350774902091008,51.670437021421705,76.73075534553887
en-de,tear,145,G4o,G4o,0.95,gray17.110350774902091008,70.89462609795571,91.88066303756226
en-de,tear,145,C3,C3,0.95,gray17.110350774902091008,33.579001521895144,65.8513063359912
en-de,tear,145,C35,C35,0.95,gray17.110350774902091008,33.579001521895144,63.68230910005226
en-de,tear,145,GP,GP,0.95,gray17.110350774902091008,37.62192532993078,70.03225712634456
en-de,tear,145,MEPRS,G4o,0.95,gray17.110350774902091008,70.89462609795571,91.88066303756226
en-de,tear,146,G35,G35,0.95,Splodgenoodles.110347870538880000,44.77332146802162,70.27483713019025
en-de,tear,146,G4o,G4o,0.95,Splodgenoodles.110347870538880000,44.93699646507683,73.4065359976221
en-de,tear,146,C3,C3,0.95,Splodgenoodles.110347870538880000,45.422272194752026,70.78592292689991
en-de,tear,146,C35,C35,0.95,Splodgenoodles.110347870538880000,41.5155944992585,67.4871544912914
en-de,tear,146,GP,GP,0.95,Splodgenoodles.110347870538880000,43.786930250607,70.71803178728088
en-de,tear,146,MEPRS,C35,0.95,Splodgenoodles.110347870538880000,41.5155944992585,67.4871544912914
en-de,tear,158,G35,G35,0.9787,sports-4-en_0513789-90,46.71379777282001,82.81142696172769
en-de,tear,158,G4o,G4o,0.9787,sports-4-en_0513789-90,41.11336169005197,67.08442818659977
en-de,tear,158,C3,C3,0.9787,sports-4-en_0513789-90,46.905226098954195,57.02936782920861
en-de,tear,158,C35,C35,0.9787,sports-4-en_0513789-90,46.905226098954195,67.58677613305274
en-de,tear,158,GP,GP,0.9787,sports-4-en_0513789-90,48.549177170732335,75.39540721129404
en-de,tear,158,MEPRS,G35,0.9787,sports-4-en_0513789-90,46.71379777282001,82.81142696172769
en-de,tear,159,G35,G35,0.9873,seattle_times.570827,59.56403592718089,62.73402308285957
en-de,tear,159,G4o,G4o,0.9873,seattle_times.570827,59.56403592718089,62.73402308285957
en-de,tear,159,C3,C3,0.9873,seattle_times.570827,48.68356593310301,52.48134721437117
en-de,tear,159,C35,C35,0.9873,seattle_times.570827,10.81377510275021,30.461961053616395
en-de,tear,159,GP,GP,0.9873,seattle_times.570827,48.63383168079943,52.62366125314232
en-de,tear,159,MEPRS,G4o,0.9873,seattle_times.570827,59.56403592718089,62.73402308285957
en-de,tear,162,G35,G35,0.9383,viridian.110348408105752000,40.598787453003034,76.187455776204
en-de,tear,162,G4o,G4o,0.9383,viridian.110348408105752000,40.079676360865015,76.8106291650898
en-de,tear,162,C3,C3,0.9383,viridian.110348408105752000,43.130771633798936,78.20260260671189
en-de,tear,162,C35,C35,0.9383,viridian.110348408105752000,50.27346548562451,79.0602453007371
en-de,tear,162,GP,GP,0.9383,viridian.110348408105752000,39.58533376475805,72.55757797690465
en-de,tear,162,MEPRS,GP,0.9383,viridian.110348408105752000,39.58533376475805,72.55757797690465
en-de,tear,164,G35,G35,1.0,hupfen.110347875196018000,26.92050880955931,50.44242123363779
en-de,tear,164,G4o,G4o,1.0,hupfen.110347875196018000,42.517688262127656,61.21757465792032
en-de,tear,164,C3,C3,1.0,hupfen.110347875196018000,20.596652001635917,44.134438084743074
en-de,tear,164,C35,C35,1.0,hupfen.110347875196018000,41.04424101861004,58.703597492364054
en-de,tear,164,GP,GP,1.0,hupfen.110347875196018000,12.39269996274235,37.503574099844045
en-de,tear,164,MEPRS,G35,1.0,hupfen.110347875196018000,26.92050880955931,50.44242123363779
en-de,tear,173,G35,G35,1.0,msnbc.11229,47.85543921093738,62.56726482363573
en-de,tear,173,G4o,G4o,1.0,msnbc.11229,37.23909894939823,76.12270817810885
en-de,tear,173,C3,C3,1.0,msnbc.11229,37.15770152515523,60.95231024698665
en-de,tear,173,C35,C35,1.0,msnbc.11229,47.85543921093738,67.02207323992899
en-de,tear,173,GP,GP,1.0,msnbc.11229,34.07806467081348,59.9087015491001
en-de,tear,173,MEPRS,C35,1.0,msnbc.11229,47.85543921093738,67.02207323992899
en-de,tear,181,G35,G35,0.9231,drugstore-1-en_0530458-107,47.28184395295372,77.98722487389618
en-de,tear,181,G4o,G4o,0.9231,drugstore-1-en_0530458-107,46.58848046591003,77.66827288205953
en-de,tear,181,C3,C3,0.9231,drugstore-1-en_0530458-107,46.919755817673455,78.32613007182668
en-de,tear,181,C35,C35,0.9231,drugstore-1-en_0530458-107,41.89562826850618,75.45059334362013
en-de,tear,181,GP,GP,0.9231,drugstore-1-en_0530458-107,43.346425224378486,74.71292243433778
en-de,tear,181,MEPRS,C3,0.9231,drugstore-1-en_0530458-107,46.919755817673455,78.32613007182668
en-de,tear,182,G35,G35,1.0,elitr_minuting-21,72.00391346486708,86.9322133855278
en-de,tear,182,G4o,G4o,1.0,elitr_minuting-21,74.17090125042293,92.1785730391298
en-de,tear,182,C3,C3,1.0,elitr_minuting-21,77.21947901921794,89.65894126546704
en-de,tear,182,C35,C35,1.0,elitr_minuting-21,72.00391346486708,86.9322133855278
en-de,tear,182,GP,GP,1.0,elitr_minuting-21,47.77014399062169,80.1210932010424
en-de,tear,182,MEPRS,C3,1.0,elitr_minuting-21,77.21947901921794,89.65894126546704
en-de,tear,183,G35,G35,0.9313,egyptindependent.com.11799,48.39303476852664,80.95918245070054
en-de,tear,183,G4o,G4o,0.9313,egyptindependent.com.11799,49.009706910768095,77.68830412801874
en-de,tear,183,C3,C3,0.9313,egyptindependent.com.11799,49.84673113599339,77.17443081580979
en-de,tear,183,C35,C35,0.9313,egyptindependent.com.11799,48.49649234503363,77.83678419669711
en-de,tear,183,GP,GP,0.9313,egyptindependent.com.11799,40.19450978360226,76.06754419106966
en-de,tear,183,MEPRS,GP,0.9313,egyptindependent.com.11799,40.19450978360226,76.06754419106966
en-de,tear,184,G35,G35,0.9545,imtheq.110350767978472992,59.823156936116185,73.54260122777632
en-de,tear,184,G4o,G4o,0.9545,imtheq.110350767978472992,40.32539269655426,67.43263715710772
en-de,tear,184,C3,C3,0.9545,imtheq.110350767978472992,61.259266616578834,78.28916459042786
en-de,tear,184,C35,C35,0.9545,imtheq.110350767978472992,32.05580227538072,63.756605936645975
en-de,tear,184,GP,GP,0.9545,imtheq.110350767978472992,59.179638889972054,77.40880584676466
en-de,tear,184,MEPRS,C3,0.9545,imtheq.110350767978472992,61.259266616578834,78.28916459042786
en-de,tear,185,G35,G35,0.9286,legumancer.110349589436907008,42.98163271572018,68.10078745903877
en-de,tear,185,G4o,G4o,0.9286,legumancer.110349589436907008,41.09181597883483,61.729232314734475
en-de,tear,185,C3,C3,0.9286,legumancer.110349589436907008,40.24747047189923,63.773006368829414
en-de,tear,185,C35,C35,0.9286,legumancer.110349589436907008,43.12447189255126,61.362261701595465
en-de,tear,185,GP,GP,0.9286,legumancer.110349589436907008,23.15318063472302,52.76297411747529
en-de,tear,185,MEPRS,C35,0.9286,legumancer.110349589436907008,43.12447189255126,61.362261701595465
en-he,it,4,G35,G35,1.0,health-10797578.news,18.295654224495205,57.00776107207816
en-he,it,4,G4o,G4o,1.0,health-10797578.news,47.58733096412523,83.1925270729893
en-he,it,4,C3,C3,1.0,health-10797578.news,21.02369368326755,51.11993104336531
en-he,it,4,C35,C35,1.0,health-10797578.news,24.739977342883947,64.86939925539718
en-he,it,4,GP,GP,1.0,health-10797578.news,23.693055763743093,67.90364919743207
en-he,it,4,MEPRS,G4o,1.0,health-10797578.news,47.58733096412523,83.1925270729893
en-he,it,5,G35,G35,1.0,internal-11921820.news,13.629358172407983,54.99433436619839
en-he,it,5,G4o,G4o,1.0,internal-11921820.news,21.79301929852717,61.470073257000244
en-he,it,5,C3,C3,1.0,internal-11921820.news,17.5376708746474,63.76940773771571
en-he,it,5,C35,C35,1.0,internal-11921820.news,46.67450771834514,74.71402345591842
en-he,it,5,GP,GP,1.0,internal-11921820.news,13.410639648320277,54.44273240560549
en-he,it,5,MEPRS,C3,1.0,internal-11921820.news,17.5376708746474,63.76940773771571
en-he,it,7,G35,G35,1.0,travel-6705434.ugc,37.5022891676693,86.23613069961021
en-he,it,7,G4o,G4o,1.0,travel-6705434.ugc,40.52587697205425,88.18918594960373
en-he,it,7,C3,C3,1.0,travel-6705434.ugc,40.52587697205425,88.18918594960373
en-he,it,7,C35,C35,1.0,travel-6705434.ugc,48.326978309062206,90.53626644176153
en-he,it,7,GP,GP,1.0,travel-6705434.ugc,19.056141256856844,71.69142017325666
en-he,it,7,MEPRS,C3,1.0,travel-6705434.ugc,40.52587697205425,88.18918594960373
en-he,it,9,G35,G35,1.0,health-6945555.ugc,18.5750579991336,54.989803260142416
en-he,it,9,G4o,G4o,1.0,health-6945555.ugc,18.5750579991336,54.989803260142416
en-he,it,9,C3,C3,1.0,health-6945555.ugc,47.28708045015878,64.73606700204951
en-he,it,9,C35,C35,1.0,health-6945555.ugc,47.28708045015878,64.73606700204951
en-he,it,9,GP,GP,1.0,health-6945555.ugc,18.5750579991336,55.48067307493026
en-he,it,9,MEPRS,C35,1.0,health-6945555.ugc,47.28708045015878,64.73606700204951
en-he,it,10,G35,G35,1.0,internal-11921820.news,16.036590969929357,12.130230880230883
en-he,it,10,G4o,G4o,1.0,internal-11921820.news,41.113361690051974,80.78051010491836
en-he,it,10,C3,C3,1.0,internal-11921820.news,0.5623413251903492,100.0
en-he,it,10,C35,C35,1.0,internal-11921820.news,0.5623413251903492,100.0
en-he,it,10,GP,GP,1.0,internal-11921820.news,21.105340631872636,49.91591741591742
en-he,it,10,MEPRS,C3,1.0,internal-11921820.news,0.5623413251903492,100.0
en-he,it,12,G35,G35,1.0,travel-11904005.news,13.065113298388567,48.30977636278058
en-he,it,12,G4o,G4o,1.0,travel-11904005.news,78.25422900366436,90.66669200237801
en-he,it,12,C3,C3,1.0,travel-11904005.news,60.76795808137692,84.96586368136214
en-he,it,12,C35,C35,1.0,travel-11904005.news,41.11336169005197,57.26472228020216
en-he,it,12,GP,GP,1.0,travel-11904005.news,15.337404749451009,51.900716518483534
en-he,it,12,MEPRS,G4o,1.0,travel-11904005.news,78.25422900366436,90.66669200237801
en-he,it,15,G35,G35,1.0,health-6944162.news,0.130442025821828,4.876321237877302
en-he,it,15,G4o,G4o,1.0,health-6944162.news,21.105340631872636,75.25159000550367
en-he,it,15,C3,C3,1.0,health-6944162.news,26.26909894424158,69.5737101469165
en-he,it,15,C35,C35,1.0,health-6944162.news,33.03164318013807,80.15804336893767
en-he,it,15,GP,GP,1.0,health-6944162.news,46.17366309441026,90.18724776679841
en-he,it,15,MEPRS,C35,1.0,health-6944162.news,33.03164318013807,80.15804336893767
en-he,it,17,G35,G35,1.0,tech-4529876.news,13.065113298388567,45.441161020507685
en-he,it,17,G4o,G4o,1.0,tech-4529876.news,19.729406277958837,52.40127180168303
en-he,it,17,C3,C3,1.0,tech-4529876.news,22.692039365038067,63.37874603345403
en-he,it,17,C35,C35,1.0,tech-4529876.news,22.692039365038067,54.32133123081553
en-he,it,17,GP,GP,1.0,tech-4529876.news,7.790790721150781,47.09007686197213
en-he,it,17,MEPRS,G4o,1.0,tech-4529876.news,19.729406277958837,52.40127180168303
en-he,it,18,G35,G35,0.96,culture-11927371.news,34.779770928081405,60.84114507874051
en-he,it,18,G4o,G4o,0.96,culture-11927371.news,59.415598205628065,77.03085820889522
en-he,it,18,C3,C3,0.96,culture-11927371.news,61.40805763077801,79.24928688319515
en-he,it,18,C35,C35,0.96,culture-11927371.news,48.597223576818436,73.2029317170179
en-he,it,18,GP,GP,0.96,culture-11927371.news,37.32968775856515,73.26897005728681
en-he,it,18,MEPRS,C3,0.96,culture-11927371.news,61.40805763077801,79.24928688319515
en-he,it,20,G35,G35,1.0,travel-11738742.news,49.24790605054523,74.93517213694497
en-he,it,20,G4o,G4o,1.0,travel-11738742.news,59.687741756344955,85.43995429736754
en-he,it,20,C3,C3,1.0,travel-11738742.news,66.52049901111008,79.4478216406642
en-he,it,20,C35,C35,1.0,travel-11738742.news,70.16035864257111,85.49145753359655
en-he,it,20,GP,GP,1.0,travel-11738742.news,16.451929399933107,65.75127945764471
en-he,it,20,MEPRS,G4o,1.0,travel-11738742.news,59.687741756344955,85.43995429736754
en-he,it,25,G35,G35,0.9268,internal-11928232.news,19.692215902857164,62.25133899545389
en-he,it,25,G4o,G4o,0.9268,internal-11928232.news,34.6133586314057,73.19020679649171
en-he,it,25,C3,C3,0.9268,internal-11928232.news,38.03156209788919,68.44193718784958
en-he,it,25,C35,C35,0.9268,internal-11928232.news,70.9421400618421,87.22734374394078
en-he,it,25,GP,GP,0.9268,internal-11928232.news,5.46767045409157,12.45895519928743
en-he,it,25,MEPRS,C35,0.9268,internal-11928232.news,70.9421400618421,87.22734374394078
en-he,it,26,G35,G35,1.0,celebrities-7966246.ugc,14.113991930789776,22.72183779296077
en-he,it,26,G4o,G4o,1.0,celebrities-7966246.ugc,39.76353643835253,32.751751229244476
en-he,it,26,C3,C3,1.0,celebrities-7966246.ugc,35.93041119630843,26.9017094017094
en-he,it,26,C35,C35,1.0,celebrities-7966246.ugc,35.93041119630843,26.9017094017094
en-he,it,26,GP,GP,1.0,celebrities-7966246.ugc,15.61969968460128,28.501206037970746
en-he,it,26,MEPRS,G4o,1.0,celebrities-7966246.ugc,39.76353643835253,32.751751229244476
en-he,it,28,G35,G35,1.0,travel-6742632.ugc,16.1089927696874,31.611764578940438
en-he,it,28,G4o,G4o,1.0,travel-6742632.ugc,19.96019880774733,33.62126410194219
en-he,it,28,C3,C3,1.0,travel-6742632.ugc,31.23939936920256,38.529592527958094
en-he,it,28,C35,C35,1.0,travel-6742632.ugc,31.23939936920256,39.69086469086469
en-he,it,28,GP,GP,1.0,travel-6742632.ugc,2.7388268289556646e-07,0.0
en-he,it,28,MEPRS,G4o,1.0,travel-6742632.ugc,19.96019880774733,33.62126410194219
en-he,it,30,G35,G35,1.0,health-10797578.news,43.24227075463215,68.2752113292343
en-he,it,30,G4o,G4o,1.0,health-10797578.news,43.24227075463215,68.2752113292343
en-he,it,30,C3,C3,1.0,health-10797578.news,22.407508680204362,45.749921057863
en-he,it,30,C35,C35,1.0,health-10797578.news,41.11336169005197,52.25805340660413
en-he,it,30,GP,GP,1.0,health-10797578.news,43.24227075463215,68.2752113292343
en-he,it,30,MEPRS,C35,1.0,health-10797578.news,41.11336169005197,52.25805340660413
en-he,it,38,G35,G35,1.0,tech-10794134.news,29.48993986902436,52.647328683602865
en-he,it,38,G4o,G4o,1.0,tech-10794134.news,44.28500142691474,71.97551996943656
en-he,it,38,C3,C3,1.0,tech-10794134.news,40.01601601922499,63.82473442608813
en-he,it,38,C35,C35,1.0,tech-10794134.news,40.01601601922499,64.62169808202766
en-he,it,38,GP,GP,1.0,tech-10794134.news,17.493830569974406,53.25704665980823
en-he,it,38,MEPRS,C3,1.0,tech-10794134.news,40.01601601922499,63.82473442608813
en-he,it,48,G35,G35,1.0,health-6931611.news,16.1089927696874,45.18107411700089
en-he,it,48,G4o,G4o,1.0,health-6931611.news,100.0,100.0
en-he,it,48,C3,C3,1.0,health-6931611.news,100.0,100.0
en-he,it,48,C35,C35,1.0,health-6931611.news,50.813274815461476,54.94146171878155
en-he,it,48,GP,GP,1.0,health-6931611.news,22.374677077485583,58.98568289397329
en-he,it,48,MEPRS,G4o,1.0,health-6931611.news,100.0,100.0
en-he,it,50,G35,G35,0.9535,health-10745162.news,4.893409901931258e-07,1.44288525931038
en-he,it,50,G4o,G4o,0.9535,health-10745162.news,61.684052104641395,76.99023406565459
en-he,it,50,C3,C3,0.9535,health-10745162.news,53.849885412353366,70.84543748227206
en-he,it,50,C35,C35,0.9535,health-10745162.news,63.136181386082576,75.79844584908973
en-he,it,50,GP,GP,0.9535,health-10745162.news,35.21960293480599,67.25795349675491
en-he,it,50,MEPRS,C35,0.9535,health-10745162.news,63.136181386082576,75.79844584908973
en-he,it,51,G35,G35,0.9722,travel-6725307.news,4.2433405607018145e-06,1.4708012616688224
en-he,it,51,G4o,G4o,0.9722,travel-6725307.news,55.744980353468165,79.64042911191167
en-he,it,51,C3,C3,0.9722,travel-6725307.news,46.73380957268806,76.55540379089175
en-he,it,51,C35,C35,0.9722,travel-6725307.news,56.07855681251483,77.3974196362842
en-he,it,51,GP,GP,0.9722,travel-6725307.news,54.94313257132048,82.02493997837955
en-he,it,51,MEPRS,C35,0.9722,travel-6725307.news,56.07855681251483,77.3974196362842
en-he,it,54,G35,G35,1.0,tech-10857141.ugc,15.53712569276035,41.33579873455228
en-he,it,54,G4o,G4o,1.0,tech-10857141.ugc,18.850319022747353,54.08151304357395
en-he,it,54,C3,C3,1.0,tech-10857141.ugc,16.829946711936866,52.566741804765655
en-he,it,54,C35,C35,1.0,tech-10857141.ugc,21.105340631872636,54.34123330514591
en-he,it,54,GP,GP,1.0,tech-10857141.ugc,13.217947626377288,51.17633370061835
en-he,it,54,MEPRS,C3,1.0,tech-10857141.ugc,16.829946711936866,52.566741804765655
en-he,it,59,G35,G35,0.9722,travel-11904005.ugc,16.590387014219715,44.04044944376753
en-he,it,59,G4o,G4o,0.9722,travel-11904005.ugc,21.105340631872636,46.15760415531582
en-he,it,59,C3,C3,0.9722,travel-11904005.ugc,29.071536848410968,53.540494136549114
en-he,it,59,C35,C35,0.9722,travel-11904005.ugc,29.071536848410968,53.540494136549114
en-he,it,59,GP,GP,0.9722,travel-11904005.ugc,7.645949399477267,35.84954904198508
en-he,it,59,MEPRS,C35,0.9722,travel-11904005.ugc,29.071536848410968,53.540494136549114
en-he,it,62,G35,G35,0.9836,tech-4531486.news,21.972813874997158,68.13286985089313
en-he,it,62,G4o,G4o,0.9836,tech-4531486.news,14.949751774990682,59.19453254398592
en-he,it,62,C3,C3,0.9836,tech-4531486.news,35.49481056010053,65.18734499831972
en-he,it,62,C35,C35,0.9836,tech-4531486.news,23.9802967618271,56.36429898752846
en-he,it,62,GP,GP,0.9836,tech-4531486.news,7.913247271422609,44.79898298146944
en-he,it,62,MEPRS,C3,0.9836,tech-4531486.news,35.49481056010053,65.18734499831972
en-he,it,70,G35,G35,1.0,sport-6671743.news,27.44348133674281,69.45302914943204
en-he,it,70,G4o,G4o,1.0,sport-6671743.news,45.78831372133982,80.70762063471066
en-he,it,70,C3,C3,1.0,sport-6671743.news,40.21074690812006,79.29647300831925
en-he,it,70,C35,C35,1.0,sport-6671743.news,70.16879391277372,86.55462730689617
en-he,it,70,GP,GP,1.0,sport-6671743.news,65.25452579142078,92.8306868730645
en-he,it,70,MEPRS,C35,1.0,sport-6671743.news,70.16879391277372,86.55462730689617
en-he,it,72,G35,G35,0.988,travel-11904005.news,1.0846629064889924e-07,1.2970384268930555
en-he,it,72,G4o,G4o,0.988,travel-11904005.news,47.67506462080868,80.21789837129712
en-he,it,72,C3,C3,0.988,travel-11904005.news,40.89487993361824,75.74376558082797
en-he,it,72,C35,C35,0.988,travel-11904005.news,31.67238110958881,71.56988156240547
en-he,it,72,GP,GP,0.988,travel-11904005.news,28.40301506295415,68.46773413535472
en-he,it,72,MEPRS,G4o,0.988,travel-11904005.news,47.67506462080868,80.21789837129712
en-he,it,73,G35,G35,1.0,business-6693072.news,38.27389298994051,67.3113314054264
en-he,it,73,G4o,G4o,1.0,business-6693072.news,48.77631706376612,75.02866298974119
en-he,it,73,C3,C3,1.0,business-6693072.news,56.46631238098637,76.23995656584889
en-he,it,73,C35,C35,1.0,business-6693072.news,66.5985944903297,86.53432403506554
en-he,it,73,GP,GP,1.0,business-6693072.news,35.643971289993914,67.72755396316411
en-he,it,73,MEPRS,G4o,1.0,business-6693072.news,48.77631706376612,75.02866298974119
en-he,it,75,G35,G35,1.0,sport-6671743.ugc,11.390778025531027,43.24535451195792
en-he,it,75,G4o,G4o,1.0,sport-6671743.ugc,12.605968092174912,42.81873486934786
en-he,it,75,C3,C3,1.0,sport-6671743.ugc,24.446151121745054,47.49097722818524
en-he,it,75,C35,C35,1.0,sport-6671743.ugc,24.446151121745054,47.18801818091807
en-he,it,75,GP,GP,1.0,sport-6671743.ugc,8.216107324922536,50.24700450379786
en-he,it,75,MEPRS,C3,1.0,sport-6671743.ugc,24.446151121745054,47.49097722818524
en-he,it,79,G35,G35,1.0,health-10797578.news,27.219913803267488,49.81266240662697
en-he,it,79,G4o,G4o,1.0,health-10797578.news,37.19447442473343,70.68008587825071
en-he,it,79,C3,C3,1.0,health-10797578.news,30.166728533047465,66.1119017033544
en-he,it,79,C35,C35,1.0,health-10797578.news,43.5949382480739,71.13651206864733
en-he,it,79,GP,GP,1.0,health-10797578.news,30.821270975929682,61.16789945798639
en-he,it,79,MEPRS,C35,1.0,health-10797578.news,43.5949382480739,71.13651206864733
en-he,it,82,G35,G35,0.9444,sport-11901982.news,21.08185106778919,62.92992064459756
en-he,it,82,G4o,G4o,0.9444,sport-11901982.news,54.12047551441964,84.17312479396628
en-he,it,82,C3,C3,0.9444,sport-11901982.news,19.54598432860746,63.49449765083361
en-he,it,82,C35,C35,0.9444,sport-11901982.news,46.08662469973654,74.38284414184042
en-he,it,82,GP,GP,0.9444,sport-11901982.news,23.97880040359922,66.21080953139577
en-he,it,82,MEPRS,C35,0.9444,sport-11901982.news,46.08662469973654,74.38284414184042
en-he,it,84,G35,G35,1.0,sport-11927854.ugc,20.44800736021839,61.45091347532601
en-he,it,84,G4o,G4o,1.0,sport-11927854.ugc,26.26909894424158,53.9712409769881
en-he,it,84,C3,C3,1.0,sport-11927854.ugc,26.26909894424158,52.40343858289689
en-he,it,84,C35,C35,1.0,sport-11927854.ugc,26.26909894424158,53.9712409769881
en-he,it,84,GP,GP,1.0,sport-11927854.ugc,14.694106251955755,49.385075164127365
en-he,it,84,MEPRS,C3,1.0,sport-11927854.ugc,26.26909894424158,52.40343858289689
en-he,it,85,G35,G35,1.0,culture-11929702.ugc,51.697315395717055,78.15392763805376
en-he,it,85,G4o,G4o,1.0,culture-11929702.ugc,55.936849159330734,87.30929052661787
en-he,it,85,C3,C3,1.0,culture-11929702.ugc,100.0,100.0
en-he,it,85,C35,C35,1.0,culture-11929702.ugc,100.0,100.0
en-he,it,85,GP,GP,1.0,culture-11929702.ugc,55.936849159330734,87.96559643754432
en-he,it,85,MEPRS,C35,1.0,culture-11929702.ugc,100.0,100.0
en-he,it,92,G35,G35,0.9412,business-6678547.news,22.442954362323036,65.04159752327567
en-he,it,92,G4o,G4o,0.9412,business-6678547.news,24.283216483861978,59.8903707275364
en-he,it,92,C3,C3,0.9412,business-6678547.news,27.263371187925927,64.33247277161068
en-he,it,92,C35,C35,0.9412,business-6678547.news,42.538666392222204,71.33893053757241
en-he,it,92,GP,GP,0.9412,business-6678547.news,21.21389789338517,64.98247597721787
en-he,it,92,MEPRS,C35,0.9412,business-6678547.news,42.538666392222204,71.33893053757241
en-he,it,93,G35,G35,1.0,sport-11901982.ugc,22.089591134157885,41.36691239074979
en-he,it,93,G4o,G4o,1.0,sport-11901982.ugc,26.26909894424158,57.67382253675142
en-he,it,93,C3,C3,1.0,sport-11901982.ugc,0.30213753973567675,54.528667389097926
en-he,it,93,C35,C35,1.0,sport-11901982.ugc,0.3593041119630843,60.49404299404299
en-he,it,93,GP,GP,1.0,sport-11901982.ugc,2.023734508440975e-06,1.4367816091954018
en-he,it,93,MEPRS,C35,1.0,sport-11901982.ugc,0.3593041119630843,60.49404299404299
en-he,it,95,G35,G35,1.0,travel-6742632.ugc,26.26909894424158,45.51799963580043
en-he,it,95,G4o,G4o,1.0,travel-6742632.ugc,66.8740304976422,59.00738150738152
en-he,it,95,C3,C3,1.0,travel-6742632.ugc,66.8740304976422,59.00738150738152
en-he,it,95,C35,C35,1.0,travel-6742632.ugc,66.8740304976422,59.00738150738152
en-he,it,95,GP,GP,1.0,travel-6742632.ugc,26.26909894424158,46.54680622016257
en-he,it,95,MEPRS,C3,1.0,travel-6742632.ugc,66.8740304976422,59.00738150738152
en-he,it,98,G35,G35,1.0,animals-10505867.news,17.694975149532556,63.419376393143985
en-he,it,98,G4o,G4o,1.0,animals-10505867.news,32.635983266098926,61.589987163604754
en-he,it,98,C3,C3,1.0,animals-10505867.news,29.25612730731506,65.98066709507667
en-he,it,98,C35,C35,1.0,animals-10505867.news,40.52587697205425,62.32094241446364
en-he,it,98,GP,GP,1.0,animals-10505867.news,29.15369229944523,73.70933623193696
en-he,it,98,MEPRS,C3,1.0,animals-10505867.news,29.25612730731506,65.98066709507667
en-he,it,99,G35,G35,1.0,tech-10576693.ugc,18.850319022747353,52.96721181611216
en-he,it,99,G4o,G4o,1.0,tech-10576693.ugc,20.873176328735713,52.21190580466384
en-he,it,99,C3,C3,1.0,tech-10576693.ugc,20.873176328735713,52.02561486690232
en-he,it,99,C35,C35,1.0,tech-10576693.ugc,20.873176328735713,52.94031744827157
en-he,it,99,GP,GP,1.0,tech-10576693.ugc,15.53712569276035,52.22305927757787
en-he,it,99,MEPRS,C35,1.0,tech-10576693.ugc,20.873176328735713,52.94031744827157
en-he,it,102,G35,G35,1.0,travel-11848012.news,0.0077230987548859474,3.6395164292572058
en-he,it,102,G4o,G4o,1.0,travel-11848012.news,64.7010710077099,84.16444831875293
en-he,it,102,C3,C3,1.0,travel-11848012.news,80.65008590125561,88.8345040623339
en-he,it,102,C35,C35,1.0,travel-11848012.news,79.16963878457504,86.19877610000178
en-he,it,102,GP,GP,1.0,travel-11848012.news,37.40109994112765,75.46947816684445
en-he,it,102,MEPRS,C3,1.0,travel-11848012.news,80.65008590125561,88.8345040623339
en-he,it,106,G35,G35,1.0,business-11924445.news,21.370288986214206,59.911917715467155
en-he,it,106,G4o,G4o,1.0,business-11924445.news,34.831134662592,67.71389328488407
en-he,it,106,C3,C3,1.0,business-11924445.news,34.19664738551679,68.9266588957155
en-he,it,106,C35,C35,1.0,business-11924445.news,38.78096206640051,68.97027176032967
en-he,it,106,GP,GP,1.0,business-11924445.news,15.758713565621536,61.10089673475272
en-he,it,106,MEPRS,C35,1.0,business-11924445.news,38.78096206640051,68.97027176032967
en-he,it,109,G35,G35,1.0,business-6678547.news,11.502783619900047,40.04590072306157
en-he,it,109,G4o,G4o,1.0,business-6678547.news,18.850319022747353,54.690116571757166
en-he,it,109,C3,C3,1.0,business-6678547.news,21.834177214239055,51.56972107737639
en-he,it,109,C35,C35,1.0,business-6678547.news,21.834177214239055,55.39070589100806
en-he,it,109,GP,GP,1.0,business-6678547.news,14.247788801610147,51.40443104067909
en-he,it,109,MEPRS,C3,1.0,business-6678547.news,21.834177214239055,51.56972107737639
en-he,it,111,G35,G35,1.0,health-6944162.news,1.153459553811896e-05,1.8358696496412057
en-he,it,111,G4o,G4o,1.0,health-6944162.news,44.38768725676756,79.40227239630092
en-he,it,111,C3,C3,1.0,health-6944162.news,61.52755816095169,84.58896715693443
en-he,it,111,C35,C35,1.0,health-6944162.news,61.52755816095169,84.1561422541058
en-he,it,111,GP,GP,1.0,health-6944162.news,44.237679897438134,78.53869933653586
en-he,it,111,MEPRS,C35,1.0,health-6944162.news,61.52755816095169,84.1561422541058
en-he,it,113,G35,G35,1.0,celebrities-7966246.news,18.951629567590743,61.71383623050455
en-he,it,113,G4o,G4o,1.0,celebrities-7966246.news,80.5312203079627,96.43162434411198
en-he,it,113,C3,C3,1.0,celebrities-7966246.news,24.739977342883947,70.0967492893787
en-he,it,113,C35,C35,1.0,celebrities-7966246.news,24.759399061305185,70.33454324760585
en-he,it,113,GP,GP,1.0,celebrities-7966246.news,44.89771072202117,81.67028502933326
en-he,it,113,MEPRS,G4o,1.0,celebrities-7966246.news,80.5312203079627,96.43162434411198
en-he,it,115,G35,G35,1.0,sport-11918887.news,15.581581442301564,64.13109694262458
en-he,it,115,G4o,G4o,1.0,sport-11918887.news,32.08178668824405,73.62525288329923
en-he,it,115,C3,C3,1.0,sport-11918887.news,29.54804840666616,76.07034648575309
en-he,it,115,C35,C35,1.0,sport-11918887.news,38.68581818293277,79.31653415034576
en-he,it,115,GP,GP,1.0,sport-11918887.news,23.193107586718153,74.48707925131167
en-he,it,115,MEPRS,G4o,1.0,sport-11918887.news,32.08178668824405,73.62525288329923
en-he,it,116,G35,G35,1.0,tech-10857141.ugc,58.739490946992134,89.79827357428017
en-he,it,116,G4o,G4o,1.0,tech-10857141.ugc,31.55984539112945,69.08020138460834
en-he,it,116,C3,C3,1.0,tech-10857141.ugc,100.0,100.0
en-he,it,116,C35,C35,1.0,tech-10857141.ugc,38.60973950960897,50.622158723967864
en-he,it,116,GP,GP,1.0,tech-10857141.ugc,24.808415001701817,66.08607673128216
en-he,it,116,MEPRS,G4o,1.0,tech-10857141.ugc,31.55984539112945,69.08020138460834
en-he,it,118,G35,G35,1.0,sport-6663385.ugc,32.55964126200301,70.8554339739929
en-he,it,118,G4o,G4o,1.0,sport-6663385.ugc,46.92470064105599,75.78227310855937
en-he,it,118,C3,C3,1.0,sport-6663385.ugc,100.0,100.0
en-he,it,118,C35,C35,1.0,sport-6663385.ugc,35.49481056010053,61.20642229486061
en-he,it,118,GP,GP,1.0,sport-6663385.ugc,35.49481056010053,60.78764628190757
en-he,it,118,MEPRS,C3,1.0,sport-6663385.ugc,100.0,100.0
en-he,it,119,G35,G35,0.9583,travel-6742632.news,43.21341370102233,69.19465617914277
en-he,it,119,G4o,G4o,0.9583,travel-6742632.news,63.3160218956179,81.6358490342436
en-he,it,119,C3,C3,0.9583,travel-6742632.news,56.34261398326406,66.59455811290705
en-he,it,119,C35,C35,0.9583,travel-6742632.news,61.001406230407206,75.1415697090873
en-he,it,119,GP,GP,0.9583,travel-6742632.news,31.228284121270267,69.97734027277644
en-he,it,119,MEPRS,C3,0.9583,travel-6742632.news,56.34261398326406,66.59455811290705
en-he,it,123,G35,G35,0.9667,tech-4475059.news,17.95019914853141,56.24993885560867
en-he,it,123,G4o,G4o,0.9667,tech-4475059.news,14.841312430412328,55.89086014451203
en-he,it,123,C3,C3,0.9667,tech-4475059.news,24.992630352993206,62.28353650606684
en-he,it,123,C35,C35,0.9667,tech-4475059.news,30.033300211736876,62.08300560623354
en-he,it,123,GP,GP,0.9667,tech-4475059.news,28.02339586244583,64.3886834421915
en-he,it,123,MEPRS,C35,0.9667,tech-4475059.news,30.033300211736876,62.08300560623354
en-he,it,125,G35,G35,0.9677,travel-11904005.ugc,17.60928267911618,42.65766166089072
en-he,it,125,G4o,G4o,0.9677,travel-11904005.ugc,22.894156860669913,49.88437232820808
en-he,it,125,C3,C3,0.9677,travel-11904005.ugc,24.737714147554012,48.30227228447122
en-he,it,125,C35,C35,0.9677,travel-11904005.ugc,18.204651199034366,48.903094802521686
en-he,it,125,GP,GP,0.9677,travel-11904005.ugc,12.090340630072074,44.76373593661009
en-he,it,125,MEPRS,G4o,0.9677,travel-11904005.ugc,22.894156860669913,49.88437232820808
en-he,it,128,G35,G35,0.9655,culture-11928547.news,1.153459553811896e-05,1.9234586190376495
en-he,it,128,G4o,G4o,0.9655,culture-11928547.news,45.85821519441805,72.75793679990814
en-he,it,128,C3,C3,0.9655,culture-11928547.news,55.497761576492024,78.10007434378458
en-he,it,128,C35,C35,0.9655,culture-11928547.news,41.62190111577448,74.67122135519085
en-he,it,128,GP,GP,0.9655,culture-11928547.news,43.58724605016435,76.90120950841397
en-he,it,128,MEPRS,C35,0.9655,culture-11928547.news,41.62190111577448,74.67122135519085
en-he,it,130,G35,G35,1.0,business-11918180.news,44.23193362467973,45.493254798614394
en-he,it,130,G4o,G4o,1.0,business-11918180.news,51.0981376221498,63.48230736599939
en-he,it,130,C3,C3,1.0,business-11918180.news,49.030470692026626,53.430578097239284
en-he,it,130,C35,C35,1.0,business-11918180.news,51.0981376221498,63.48230736599939
en-he,it,130,GP,GP,1.0,business-11918180.news,38.26321730735374,47.60960465222484
en-he,it,130,MEPRS,C35,1.0,business-11918180.news,51.0981376221498,63.48230736599939
en-he,it,132,G35,G35,1.0,sport-6663385.ugc,15.61969968460128,27.64634216259603
en-he,it,132,G4o,G4o,1.0,sport-6663385.ugc,20.556680845025987,29.558447284965936
en-he,it,132,C3,C3,1.0,sport-6663385.ugc,42.728700639623405,32.14015244430407
en-he,it,132,C35,C35,1.0,sport-6663385.ugc,39.76353643835253,24.58846236211944
en-he,it,132,GP,GP,1.0,sport-6663385.ugc,15.61969968460128,27.94752513910377
en-he,it,132,MEPRS,C3,1.0,sport-6663385.ugc,42.728700639623405,32.14015244430407
en-he,it,134,G35,G35,0.9804,tech-10857141.ugc,21.420126246974032,61.56940078625947
en-he,it,134,G4o,G4o,0.9804,tech-10857141.ugc,37.46631570740834,75.88445319232937
en-he,it,134,C3,C3,0.9804,tech-10857141.ugc,23.93244757747192,70.64114030119815
en-he,it,134,C35,C35,0.9804,tech-10857141.ugc,41.61791450287817,76.06775744168216
en-he,it,134,GP,GP,0.9804,tech-10857141.ugc,15.816434835768,25.73925638906846
en-he,it,134,MEPRS,C35,0.9804,tech-10857141.ugc,41.61791450287817,76.06775744168216
en-he,it,137,G35,G35,0.9231,tech-10857141.news,12.58220555845937,35.91870009010363
en-he,it,137,G4o,G4o,0.9231,tech-10857141.news,35.28261142545886,52.32231810701004
en-he,it,137,C3,C3,0.9231,tech-10857141.news,32.49476981196434,49.73634096411333
en-he,it,137,C35,C35,0.9231,tech-10857141.news,35.28261142545886,56.34956493536804
en-he,it,137,GP,GP,0.9231,tech-10857141.news,17.059573701616802,44.215693918321655
en-he,it,137,MEPRS,G4o,0.9231,tech-10857141.news,35.28261142545886,52.32231810701004
en-he,it,138,G35,G35,1.0,celebrities-7966246.news,11.154288433080788,50.200922392329325
en-he,it,138,G4o,G4o,1.0,celebrities-7966246.news,13.973536728747979,56.65614547120967
en-he,it,138,C3,C3,1.0,celebrities-7966246.news,21.972813874997158,55.717826900089015
en-he,it,138,C35,C35,1.0,celebrities-7966246.news,16.54461999338998,56.32451004392399
en-he,it,138,GP,GP,1.0,celebrities-7966246.news,15.66384057330969,53.0853358230662
en-he,it,138,MEPRS,C3,1.0,celebrities-7966246.news,21.972813874997158,55.717826900089015
en-he,it,139,G35,G35,1.0,auto-5285631.news,19.923405658137924,48.585850780776575
en-he,it,139,G4o,G4o,1.0,auto-5285631.news,53.12583871630396,80.71631087738693
en-he,it,139,C3,C3,1.0,auto-5285631.news,65.96924585662963,84.22553789295108
en-he,it,139,C35,C35,1.0,auto-5285631.news,65.96924585662963,84.22553789295108
en-he,it,139,GP,GP,1.0,auto-5285631.news,14.37791910008819,58.2521372844096
en-he,it,139,MEPRS,C35,1.0,auto-5285631.news,65.96924585662963,84.22553789295108
en-he,it,147,G35,G35,1.0,internal-11929688.news,38.75407750115175,71.90658493850604
en-he,it,147,G4o,G4o,1.0,internal-11929688.news,29.109924289031905,59.488040930589754
en-he,it,147,C3,C3,1.0,internal-11929688.news,33.50704079514751,64.71406635446033
en-he,it,147,C35,C35,1.0,internal-11929688.news,27.668736912821895,62.94651469350389
en-he,it,147,GP,GP,1.0,internal-11929688.news,22.511989768822264,63.1716024918177
en-he,it,147,MEPRS,G4o,1.0,internal-11929688.news,29.109924289031905,59.488040930589754
en-he,it,150,G35,G35,0.9474,health-6931611.news,33.84653583738009,74.50835373127134
en-he,it,150,G4o,G4o,0.9474,health-6931611.news,44.50050658086207,77.36764179684023
en-he,it,150,C3,C3,0.9474,health-6931611.news,38.817246541254406,72.23060199777599
en-he,it,150,C35,C35,0.9474,health-6931611.news,56.11121564750133,83.48052393308991
en-he,it,150,GP,GP,0.9474,health-6931611.news,19.43100628431018,64.79261992134866
en-he,it,150,MEPRS,C35,0.9474,health-6931611.news,56.11121564750133,83.48052393308991
en-he,it,151,G35,G35,1.0,celebrities-10425290.news,10.390302174233558,33.12717141927873
en-he,it,151,G4o,G4o,1.0,celebrities-10425290.news,14.991106946711685,51.227424392344
en-he,it,151,C3,C3,1.0,celebrities-10425290.news,16.829946711936866,42.90088233956457
en-he,it,151,C35,C35,1.0,celebrities-10425290.news,16.5998261506368,49.57758522890695
en-he,it,151,GP,GP,1.0,celebrities-10425290.news,10.390302174233558,33.9936333191003
en-he,it,151,MEPRS,C3,1.0,celebrities-10425290.news,16.829946711936866,42.90088233956457
en-he,it,152,G35,G35,1.0,culture-8883085.news,0.015042542347318348,3.9245379160014617
en-he,it,152,G4o,G4o,1.0,culture-8883085.news,39.5671672945243,64.96589898378673
en-he,it,152,C3,C3,1.0,culture-8883085.news,33.12498979466407,63.77624936975412
en-he,it,152,C35,C35,1.0,culture-8883085.news,49.13270548144421,66.44584077366167
en-he,it,152,GP,GP,1.0,culture-8883085.news,22.261720385938517,58.819083218110414
en-he,it,152,MEPRS,C35,1.0,culture-8883085.news,49.13270548144421,66.44584077366167
en-he,it,154,G35,G35,1.0,tech-10857141.news,1.5610377541710984e-06,1.4890687914775225
en-he,it,154,G4o,G4o,1.0,tech-10857141.news,60.850522771126094,82.78705377443644
en-he,it,154,C3,C3,1.0,tech-10857141.news,41.43282043396028,73.17926782705271
en-he,it,154,C35,C35,1.0,tech-10857141.news,38.87836155667125,74.12832715510935
en-he,it,154,GP,GP,1.0,tech-10857141.news,41.39258029577279,75.209412951568
en-he,it,154,MEPRS,C35,1.0,tech-10857141.news,38.87836155667125,74.12832715510935
en-he,it,158,G35,G35,1.0,sport-11927854.ugc,22.089591134157885,52.2899372240344
en-he,it,158,G4o,G4o,1.0,sport-11927854.ugc,22.089591134157885,37.189856376261226
en-he,it,158,C3,C3,1.0,sport-11927854.ugc,0.2540663740773074,23.81893828837653
en-he,it,158,C35,C35,1.0,sport-11927854.ugc,0.30213753973567675,38.014718392209105
en-he,it,158,GP,GP,1.0,sport-11927854.ugc,13.485111859503684,24.075077399380802
en-he,it,158,MEPRS,C35,1.0,sport-11927854.ugc,0.30213753973567675,38.014718392209105
en-he,it,163,G35,G35,1.0,sport-6657351.news,19.674979811155634,43.04064471876638
en-he,it,163,G4o,G4o,1.0,sport-6657351.news,36.46285861936467,74.28504472108607
en-he,it,163,C3,C3,1.0,sport-6657351.news,10.182425646195501,27.91528561571256
en-he,it,163,C35,C35,1.0,sport-6657351.news,45.30254148525908,80.52687082313778
en-he,it,163,GP,GP,1.0,sport-6657351.news,40.352786374639905,76.99741456513632
en-he,it,163,MEPRS,GP,1.0,sport-6657351.news,40.352786374639905,76.99741456513632
en-he,it,166,G35,G35,1.0,celebrities-7966246.ugc,16.036590969929357,20.243901360181628
en-he,it,166,G4o,G4o,1.0,celebrities-7966246.ugc,22.089591134157885,15.635152696556204
en-he,it,166,C3,C3,1.0,celebrities-7966246.ugc,27.301208627090666,16.665273525029622
en-he,it,166,C35,C35,1.0,celebrities-7966246.ugc,0.0012255046020111175,29.766164910126857
en-he,it,166,GP,GP,1.0,celebrities-7966246.ugc,0.0012255046020111175,23.846718486094193
en-he,it,166,MEPRS,GP,1.0,celebrities-7966246.ugc,0.0012255046020111175,23.846718486094193
en-he,it,168,G35,G35,1.0,culture-11929702.ugc,29.847458960098226,76.09617537629704
en-he,it,168,G4o,G4o,1.0,culture-11929702.ugc,24.446151121745054,69.74554767242789
en-he,it,168,C3,C3,1.0,culture-11929702.ugc,24.446151121745054,69.74554767242789
en-he,it,168,C35,C35,1.0,culture-11929702.ugc,24.446151121745054,69.74554767242789
en-he,it,168,GP,GP,1.0,culture-11929702.ugc,7.444903200446294e-07,0.8250825082508251
en-he,it,168,MEPRS,C3,1.0,culture-11929702.ugc,24.446151121745054,69.74554767242789
en-he,it,173,G35,G35,1.0,business-6678547.news,31.23939936920256,66.3101816495449
en-he,it,173,G4o,G4o,1.0,business-6678547.news,50.813274815461476,74.93729697234652
en-he,it,173,C3,C3,1.0,business-6678547.news,50.813274815461476,61.27483595284799
en-he,it,173,C35,C35,1.0,business-6678547.news,20.556680845025987,48.156435385754634
en-he,it,173,GP,GP,1.0,business-6678547.news,23.462350320528,62.647925439406684
en-he,it,173,MEPRS,G4o,1.0,business-6678547.news,50.813274815461476,74.93729697234652
en-he,it,176,G35,G35,1.0,tech-4475059.news,29.25612730731506,68.76646215027488
en-he,it,176,G4o,G4o,1.0,tech-4475059.news,88.01117367933934,99.58017411309255
en-he,it,176,C3,C3,1.0,tech-4475059.news,100.0,100.0
en-he,it,176,C35,C35,1.0,tech-4475059.news,70.16879391277372,92.49247174972363
en-he,it,176,GP,GP,1.0,tech-4475059.news,62.62844962765469,93.31270116056345
en-he,it,176,MEPRS,C35,1.0,tech-4475059.news,70.16879391277372,92.49247174972363
en-he,it,180,G35,G35,1.0,sport-6657351.news,59.18150152544451,80.8965482491686
en-he,it,180,G4o,G4o,1.0,sport-6657351.news,43.343660127583234,77.53482247754846
en-he,it,180,C3,C3,1.0,sport-6657351.news,61.04735835807844,85.02047836479302
en-he,it,180,C35,C35,1.0,sport-6657351.news,53.03624596095554,78.58039786330635
en-he,it,180,GP,GP,1.0,sport-6657351.news,38.63958857674753,73.84767287957551
en-he,it,180,MEPRS,C3,1.0,sport-6657351.news,61.04735835807844,85.02047836479302
en-he,it,182,G35,G35,0.9643,tech-10857141.news,3.1354281449893554e-05,2.1114248678499936
en-he,it,182,G4o,G4o,0.9643,tech-10857141.news,57.253805547742495,82.32607942024077
en-he,it,182,C3,C3,0.9643,tech-10857141.news,66.4742074211128,85.83937867766292
en-he,it,182,C35,C35,0.9643,tech-10857141.news,41.10573751509462,78.71253788345787
en-he,it,182,GP,GP,0.9643,tech-10857141.news,67.31098025323075,91.70572350355819
en-he,it,182,MEPRS,C35,0.9643,tech-10857141.news,41.10573751509462,78.71253788345787
en-he,it,184,G35,G35,0.962,health-6945555.news,3.0404863731705873e-06,1.8929492706668143
en-he,it,184,G4o,G4o,0.962,health-6945555.news,27.414403754782583,65.60364637674361
en-he,it,184,C3,C3,0.962,health-6945555.news,34.53513585208172,68.43814669939003
en-he,it,184,C35,C35,0.962,health-6945555.news,34.536124641703594,69.53159317841967
en-he,it,184,GP,GP,0.962,health-6945555.news,22.09272285481984,64.99051193755146
en-he,it,184,MEPRS,C3,0.962,health-6945555.news,34.53513585208172,68.43814669939003
en-he,it,191,G35,G35,1.0,culture-11929702.ugc,19.96019880774733,16.580280093608305
en-he,it,191,G4o,G4o,1.0,culture-11929702.ugc,26.26909894424158,18.842931076973628
en-he,it,191,C3,C3,1.0,culture-11929702.ugc,50.813274815461476,25.15853322304935
en-he,it,191,C35,C35,1.0,culture-11929702.ugc,50.813274815461476,25.15853322304935
en-he,it,191,GP,GP,1.0,culture-11929702.ugc,50.813274815461476,25.15853322304935
en-he,it,191,MEPRS,C35,1.0,culture-11929702.ugc,50.813274815461476,25.15853322304935
en-he,it,193,G35,G35,0.9756,travel-6742632.news,0.0008789114564408147,1.8896838791844848
en-he,it,193,G4o,G4o,0.9756,travel-6742632.news,32.88861494180288,74.90639491952884
en-he,it,193,C3,C3,0.9756,travel-6742632.news,45.64879193910772,78.57937243163525
en-he,it,193,C35,C35,0.9756,travel-6742632.news,70.01575310229897,89.3963411599132
en-he,it,193,GP,GP,0.9756,travel-6742632.news,56.77889395785439,86.82192939577538
en-he,it,193,MEPRS,G35,0.9756,travel-6742632.news,0.0008789114564408147,1.8896838791844848
en-he,it,198,G35,G35,0.9286,health-6935580.news,17.02602472176709,53.08930480940892
en-he,it,198,G4o,G4o,0.9286,health-6935580.news,34.48444257953326,66.81951437766703
en-he,it,198,C3,C3,0.9286,health-6935580.news,33.260249505555045,69.42710174448901
en-he,it,198,C35,C35,0.9286,health-6935580.news,20.44800736021839,58.97030793101474
en-he,it,198,GP,GP,0.9286,health-6935580.news,23.287896954139942,64.47807202129154
en-he,it,198,MEPRS,C35,0.9286,health-6935580.news,20.44800736021839,58.97030793101474
en-he,tear,4,G35,G35,1.0,health-10797578.news,21.65195674618106,57.03995677828226
en-he,tear,4,G4o,G4o,1.0,health-10797578.news,23.50520410695959,60.96247233965507
en-he,tear,4,C3,C3,1.0,health-10797578.news,23.397625978961173,62.87670815202634
en-he,tear,4,C35,C35,1.0,health-10797578.news,32.00286101270289,70.89250720743532
en-he,tear,4,GP,GP,1.0,health-10797578.news,32.00286101270289,70.89250720743532
en-he,tear,4,MEPRS,G4o,1.0,health-10797578.news,23.50520410695959,60.96247233965507
en-he,tear,5,G35,G35,1.0,internal-11921820.news,11.709061630923735,50.71128631125961
en-he,tear,5,G4o,G4o,1.0,internal-11921820.news,25.543184713657467,62.891985498691874
en-he,tear,5,C3,C3,1.0,internal-11921820.news,24.688498672025876,64.95330545041806
en-he,tear,5,C35,C35,1.0,internal-11921820.news,46.67450771834514,74.71402345591842
en-he,tear,5,GP,GP,1.0,internal-11921820.news,29.15369229944523,64.29982417748039
en-he,tear,5,MEPRS,G4o,1.0,internal-11921820.news,25.543184713657467,62.891985498691874
en-he,tear,7,G35,G35,1.0,travel-6705434.ugc,48.326978309062206,90.53626644176153
en-he,tear,7,G4o,G4o,1.0,travel-6705434.ugc,22.71870978054232,77.5739581238838
en-he,tear,7,C3,C3,1.0,travel-6705434.ugc,40.52587697205425,88.18918594960373
en-he,tear,7,C35,C35,1.0,travel-6705434.ugc,48.326978309062206,90.53626644176153
en-he,tear,7,GP,GP,1.0,travel-6705434.ugc,28.889830842564407,79.93424360517538
en-he,tear,7,MEPRS,G4o,1.0,travel-6705434.ugc,22.71870978054232,77.5739581238838
en-he,tear,9,G35,G35,1.0,health-6945555.ugc,47.28708045015878,64.73606700204951
en-he,tear,9,G4o,G4o,1.0,health-6945555.ugc,47.28708045015878,64.73606700204951
en-he,tear,9,C3,C3,1.0,health-6945555.ugc,47.28708045015878,64.73606700204951
en-he,tear,9,C35,C35,1.0,health-6945555.ugc,47.28708045015878,64.73606700204951
en-he,tear,9,GP,GP,1.0,health-6945555.ugc,47.28708045015878,64.73606700204951
en-he,tear,9,MEPRS,G35,1.0,health-6945555.ugc,47.28708045015878,64.73606700204951
en-he,tear,10,G35,G35,1.0,internal-11921820.news,0.30213753973567675,14.267676767676768
en-he,tear,10,G4o,G4o,1.0,internal-11921820.news,0.5623413251903492,100.0
en-he,tear,10,C3,C3,1.0,internal-11921820.news,0.5623413251903492,100.0
en-he,tear,10,C35,C35,1.0,internal-11921820.news,0.5623413251903492,100.0
en-he,tear,10,GP,GP,1.0,internal-11921820.news,35.93041119630843,59.19936544936545
en-he,tear,10,MEPRS,C35,1.0,internal-11921820.news,0.5623413251903492,100.0
en-he,tear,12,G35,G35,1.0,travel-11904005.news,41.11336169005197,57.621679479165806
en-he,tear,12,G4o,G4o,1.0,travel-11904005.news,46.71379777282001,72.10300841105796
en-he,tear,12,C3,C3,1.0,travel-11904005.news,46.71379777282001,72.10300841105796
en-he,tear,12,C35,C35,1.0,travel-11904005.news,66.06328636027614,84.54257859056621
en-he,tear,12,GP,GP,1.0,travel-11904005.news,3.6275801473979916,17.03500660063036
en-he,tear,12,MEPRS,C35,1.0,travel-11904005.news,66.06328636027614,84.54257859056621
en-he,tear,15,G35,G35,1.0,health-6944162.news,29.847458960098226,62.370603734128565
en-he,tear,15,G4o,G4o,1.0,health-6944162.news,33.03164318013807,80.15804336893767
en-he,tear,15,C3,C3,1.0,health-6944162.news,33.03164318013807,80.15804336893767
en-he,tear,15,C35,C35,1.0,health-6944162.news,33.03164318013807,80.15804336893767
en-he,tear,15,GP,GP,1.0,health-6944162.news,68.03749333171201,96.0790436873633
en-he,tear,15,MEPRS,C35,1.0,health-6944162.news,33.03164318013807,80.15804336893767
en-he,tear,17,G35,G35,1.0,tech-4529876.news,16.621692209732004,53.328534481939556
en-he,tear,17,G4o,G4o,1.0,tech-4529876.news,15.851165692617156,44.66581642344232
en-he,tear,17,C3,C3,1.0,tech-4529876.news,41.72261448611506,69.92841572610918
en-he,tear,17,C35,C35,1.0,tech-4529876.news,22.692039365038067,54.32133123081553
en-he,tear,17,GP,GP,1.0,tech-4529876.news,19.729406277958837,52.53260815126935
en-he,tear,17,MEPRS,C3,1.0,tech-4529876.news,41.72261448611506,69.92841572610918
en-he,tear,18,G35,G35,0.96,culture-11927371.news,44.65175411019042,67.54596598005385
en-he,tear,18,G4o,G4o,0.96,culture-11927371.news,61.40805763077801,75.72489093673387
en-he,tear,18,C3,C3,0.96,culture-11927371.news,48.597223576818436,71.97674089252531
en-he,tear,18,C35,C35,0.96,culture-11927371.news,48.597223576818436,73.2029317170179
en-he,tear,18,GP,GP,0.96,culture-11927371.news,61.69034543248991,80.84169092380824
en-he,tear,18,MEPRS,C35,0.96,culture-11927371.news,48.597223576818436,73.2029317170179
en-he,tear,20,G35,G35,1.0,travel-11738742.news,72.92571723872932,81.35574269685019
en-he,tear,20,G4o,G4o,1.0,travel-11738742.news,76.91605673134586,87.4598021320618
en-he,tear,20,C3,C3,1.0,travel-11738742.news,66.52049901111008,78.97385638452234
en-he,tear,20,C35,C35,1.0,travel-11738742.news,66.52049901111008,78.97385638452234
en-he,tear,20,GP,GP,1.0,travel-11738742.news,27.22589423069702,60.478426131607165
en-he,tear,20,MEPRS,G4o,1.0,travel-11738742.news,76.91605673134586,87.4598021320618
en-he,tear,25,G35,G35,0.9268,internal-11928232.news,22.543581270097683,63.94067412724679
en-he,tear,25,G4o,G4o,0.9268,internal-11928232.news,40.56966136591355,77.00955130313251
en-he,tear,25,C3,C3,0.9268,internal-11928232.news,58.307384598890444,76.91344723183651
en-he,tear,25,C35,C35,0.9268,internal-11928232.news,59.088710322310554,83.31000606398649
en-he,tear,25,GP,GP,0.9268,internal-11928232.news,6.778074409165903e-07,0.0
en-he,tear,25,MEPRS,C35,0.9268,internal-11928232.news,59.088710322310554,83.31000606398649
en-he,tear,26,G35,G35,1.0,celebrities-7966246.ugc,35.93041119630843,25.790598290598293
en-he,tear,26,G4o,G4o,1.0,celebrities-7966246.ugc,39.76353643835253,32.751751229244476
en-he,tear,26,C3,C3,1.0,celebrities-7966246.ugc,39.76353643835253,32.751751229244476
en-he,tear,26,C35,C35,1.0,celebrities-7966246.ugc,35.93041119630843,26.9017094017094
en-he,tear,26,GP,GP,1.0,celebrities-7966246.ugc,12.500763055889768,42.564678183873234
en-he,tear,26,MEPRS,G35,1.0,celebrities-7966246.ugc,35.93041119630843,25.790598290598293
en-he,tear,28,G35,G35,1.0,travel-6742632.ugc,31.23939936920256,39.61184361020917
en-he,tear,28,G4o,G4o,1.0,travel-6742632.ugc,31.23939936920256,38.529592527958094
en-he,tear,28,C3,C3,1.0,travel-6742632.ugc,31.23939936920256,38.529592527958094
en-he,tear,28,C35,C35,1.0,travel-6742632.ugc,31.23939936920256,40.11114571010493
en-he,tear,28,GP,GP,1.0,travel-6742632.ugc,0.0004508379481408807,0.0
en-he,tear,28,MEPRS,C35,1.0,travel-6742632.ugc,31.23939936920256,40.11114571010493
en-he,tear,30,G35,G35,1.0,health-10797578.news,64.06746857842317,77.58233062497816
en-he,tear,30,G4o,G4o,1.0,health-10797578.news,64.06746857842317,77.58233062497816
en-he,tear,30,C3,C3,1.0,health-10797578.news,41.11336169005197,52.061901968063346
en-he,tear,30,C35,C35,1.0,health-10797578.news,41.11336169005197,52.25805340660413
en-he,tear,30,GP,GP,1.0,health-10797578.news,1.2685234867836352,7.518288065600714
en-he,tear,30,MEPRS,G4o,1.0,health-10797578.news,64.06746857842317,77.58233062497816
en-he,tear,38,G35,G35,1.0,tech-10794134.news,36.61926362999429,54.37933908498285
en-he,tear,38,G4o,G4o,1.0,tech-10794134.news,37.84481137591871,65.75655754299402
en-he,tear,38,C3,C3,1.0,tech-10794134.news,62.981299923942416,75.48202678645721
en-he,tear,38,C35,C35,1.0,tech-10794134.news,40.0474299443347,63.69187038681105
en-he,tear,38,GP,GP,1.0,tech-10794134.news,3.920418485256199,22.840132456946524
en-he,tear,38,MEPRS,C35,1.0,tech-10794134.news,40.0474299443347,63.69187038681105
en-he,tear,48,G35,G35,1.0,health-6931611.news,30.967873315877295,12.316176470588234
en-he,tear,48,G4o,G4o,1.0,health-6931611.news,100.0,100.0
en-he,tear,48,C3,C3,1.0,health-6931611.news,100.0,100.0
en-he,tear,48,C35,C35,1.0,health-6931611.news,50.813274815461476,54.94146171878155
en-he,tear,48,GP,GP,1.0,health-6931611.news,3.389916000771091,12.003863690585169
en-he,tear,48,MEPRS,C3,1.0,health-6931611.news,100.0,100.0
en-he,tear,50,G35,G35,0.9535,health-10745162.news,35.510746225324006,59.31769110827822
en-he,tear,50,G4o,G4o,0.9535,health-10745162.news,65.53241113907262,81.52844880772402
en-he,tear,50,C3,C3,0.9535,health-10745162.news,51.43431596435892,68.03326337201109
en-he,tear,50,C35,C35,0.9535,health-10745162.news,55.343209693183674,73.44310264514338
en-he,tear,50,GP,GP,0.9535,health-10745162.news,19.797422969494466,54.05472173641331
en-he,tear,50,MEPRS,C35,0.9535,health-10745162.news,55.343209693183674,73.44310264514338
en-he,tear,51,G35,G35,0.9722,travel-6725307.news,27.520052334430115,62.19650944191442
en-he,tear,51,G4o,G4o,0.9722,travel-6725307.news,57.316800120145686,79.02440584512121
en-he,tear,51,C3,C3,0.9722,travel-6725307.news,31.768992379404377,68.59491957408393
en-he,tear,51,C35,C35,0.9722,travel-6725307.news,37.20284711824149,71.6974601970665
en-he,tear,51,GP,GP,0.9722,travel-6725307.news,45.93321525934076,77.33753980514098
en-he,tear,51,MEPRS,C35,0.9722,travel-6725307.news,37.20284711824149,71.6974601970665
en-he,tear,54,G35,G35,1.0,tech-10857141.ugc,18.850319022747353,42.50887362609066
en-he,tear,54,G4o,G4o,1.0,tech-10857141.ugc,16.784459625186194,52.31443862577006
en-he,tear,54,C3,C3,1.0,tech-10857141.ugc,21.834177214239055,64.65123705212534
en-he,tear,54,C35,C35,1.0,tech-10857141.ugc,21.105340631872636,54.34123330514591
en-he,tear,54,GP,GP,1.0,tech-10857141.ugc,17.03318603763928,52.81933763791306
en-he,tear,54,MEPRS,GP,1.0,tech-10857141.ugc,17.03318603763928,52.81933763791306
en-he,tear,59,G35,G35,0.9722,travel-11904005.ugc,35.93041119630843,52.186429368887445
en-he,tear,59,G4o,G4o,0.9722,travel-11904005.ugc,35.93041119630843,51.62397260792438
en-he,tear,59,C3,C3,0.9722,travel-11904005.ugc,29.071536848410968,53.540494136549114
en-he,tear,59,C35,C35,0.9722,travel-11904005.ugc,29.071536848410968,53.540494136549114
en-he,tear,59,GP,GP,0.9722,travel-11904005.ugc,13.674406678232568,40.62205267119573
en-he,tear,59,MEPRS,GP,0.9722,travel-11904005.ugc,13.674406678232568,40.62205267119573
en-he,tear,62,G35,G35,0.9836,tech-4531486.news,36.889397323344056,72.93603713556539
en-he,tear,62,G4o,G4o,0.9836,tech-4531486.news,25.098621243978965,63.09939398533971
en-he,tear,62,C3,C3,0.9836,tech-4531486.news,35.49481056010053,65.18734499831972
en-he,tear,62,C35,C35,0.9836,tech-4531486.news,25.098621243978965,63.09939398533971
en-he,tear,62,GP,GP,0.9836,tech-4531486.news,21.105340631872636,56.05037104818651
en-he,tear,62,MEPRS,G35,0.9836,tech-4531486.news,36.889397323344056,72.93603713556539
en-he,tear,70,G35,G35,1.0,sport-6671743.news,40.637982820134425,74.68335471151251
en-he,tear,70,G4o,G4o,1.0,sport-6671743.news,70.16879391277372,86.55462730689617
en-he,tear,70,C3,C3,1.0,sport-6671743.news,34.38931217657843,58.8618237636099
en-he,tear,70,C35,C35,1.0,sport-6671743.news,51.566269182398216,81.58372110193504
en-he,tear,70,GP,GP,1.0,sport-6671743.news,76.91605673134586,94.01826710472504
en-he,tear,70,MEPRS,G4o,1.0,sport-6671743.news,70.16879391277372,86.55462730689617
en-he,tear,72,G35,G35,0.988,travel-11904005.news,31.568352507808196,63.33074869339757
en-he,tear,72,G4o,G4o,0.988,travel-11904005.news,51.77913452581063,80.93858746373118
en-he,tear,72,C3,C3,0.988,travel-11904005.news,38.625913467809625,75.11764733525048
en-he,tear,72,C35,C35,0.988,travel-11904005.news,45.29459968212506,74.71377615453812
en-he,tear,72,GP,GP,0.988,travel-11904005.news,26.766209635804895,62.985675267771306
en-he,tear,72,MEPRS,G4o,0.988,travel-11904005.news,51.77913452581063,80.93858746373118
en-he,tear,73,G35,G35,1.0,business-6693072.news,50.86769742107621,72.94158078230403
en-he,tear,73,G4o,G4o,1.0,business-6693072.news,56.31868677196009,77.05481939427126
en-he,tear,73,C3,C3,1.0,business-6693072.news,56.10270450354139,75.49154576951832
en-he,tear,73,C35,C35,1.0,business-6693072.news,66.5985944903297,86.53432403506554
en-he,tear,73,GP,GP,1.0,business-6693072.news,7.965378430180994,28.53616271277673
en-he,tear,73,MEPRS,G4o,1.0,business-6693072.news,56.31868677196009,77.05481939427126
en-he,tear,75,G35,G35,1.0,sport-6671743.ugc,24.446151121745054,50.001084850228104
en-he,tear,75,G4o,G4o,1.0,sport-6671743.ugc,20.556680845025987,41.30549487381834
en-he,tear,75,C3,C3,1.0,sport-6671743.ugc,24.446151121745054,46.83317563045037
en-he,tear,75,C35,C35,1.0,sport-6671743.ugc,24.446151121745054,47.49097722818524
en-he,tear,75,GP,GP,1.0,sport-6671743.ugc,9.103526405546068,49.36810318512002
en-he,tear,75,MEPRS,G4o,1.0,sport-6671743.ugc,20.556680845025987,41.30549487381834
en-he,tear,79,G35,G35,1.0,health-10797578.news,37.66410991613996,62.66906191748165
en-he,tear,79,G4o,G4o,1.0,health-10797578.news,43.5949382480739,71.13651206864733
en-he,tear,79,C3,C3,1.0,health-10797578.news,43.343660127583234,66.80438900718254
en-he,tear,79,C35,C35,1.0,health-10797578.news,59.088710322310554,75.37880549624381
en-he,tear,79,GP,GP,1.0,health-10797578.news,40.55105980173464,64.19882248477747
en-he,tear,79,MEPRS,G4o,1.0,health-10797578.news,43.5949382480739,71.13651206864733
en-he,tear,82,G35,G35,0.9444,sport-11901982.news,24.004335671708578,65.99753281057984
en-he,tear,82,G4o,G4o,0.9444,sport-11901982.news,62.47237517396118,85.4662394388937
en-he,tear,82,C3,C3,0.9444,sport-11901982.news,64.55651607183006,87.08475087757226
en-he,tear,82,C35,C35,0.9444,sport-11901982.news,64.55651607183006,87.08475087757226
en-he,tear,82,GP,GP,0.9444,sport-11901982.news,48.597223576818436,79.17291844161065
en-he,tear,82,MEPRS,C35,0.9444,sport-11901982.news,64.55651607183006,87.08475087757226
en-he,tear,84,G35,G35,1.0,sport-11927854.ugc,36.55552228545123,67.95518563732635
en-he,tear,84,G4o,G4o,1.0,sport-11927854.ugc,19.96019880774733,46.93809670276578
en-he,tear,84,C3,C3,1.0,sport-11927854.ugc,26.26909894424158,52.40343858289689
en-he,tear,84,C35,C35,1.0,sport-11927854.ugc,26.26909894424158,53.9712409769881
en-he,tear,84,GP,GP,1.0,sport-11927854.ugc,20.556680845025987,34.242216509267614
en-he,tear,84,MEPRS,C3,1.0,sport-11927854.ugc,26.26909894424158,52.40343858289689
en-he,tear,85,G35,G35,1.0,culture-11929702.ugc,84.64817248906141,96.54790387835881
en-he,tear,85,G4o,G4o,1.0,culture-11929702.ugc,84.64817248906141,96.54790387835881
en-he,tear,85,C3,C3,1.0,culture-11929702.ugc,100.0,100.0
en-he,tear,85,C35,C35,1.0,culture-11929702.ugc,100.0,100.0
en-he,tear,85,GP,GP,1.0,culture-11929702.ugc,47.03709593866897,76.19119409082795
en-he,tear,85,MEPRS,C35,1.0,culture-11929702.ugc,100.0,100.0
en-he,tear,92,G35,G35,0.9412,business-6678547.news,23.815634868812534,60.95564386338572
en-he,tear,92,G4o,G4o,0.9412,business-6678547.news,24.94857379691192,60.21939345647493
en-he,tear,92,C3,C3,0.9412,business-6678547.news,40.810303219840115,70.20842931325332
en-he,tear,92,C35,C35,0.9412,business-6678547.news,14.784543178491024,53.6517497776048
en-he,tear,92,GP,GP,0.9412,business-6678547.news,19.044566617592118,62.64389121557472
en-he,tear,92,MEPRS,C35,0.9412,business-6678547.news,14.784543178491024,53.6517497776048
en-he,tear,93,G35,G35,1.0,sport-11901982.ugc,0.30213753973567675,47.41286491286491
en-he,tear,93,G4o,G4o,1.0,sport-11901982.ugc,0.3593041119630843,60.49404299404299
en-he,tear,93,C3,C3,1.0,sport-11901982.ugc,0.3593041119630843,60.49404299404299
en-he,tear,93,C35,C35,1.0,sport-11901982.ugc,0.3593041119630843,60.49404299404299
en-he,tear,93,GP,GP,1.0,sport-11901982.ugc,0.30213753973567675,47.41286491286491
en-he,tear,93,MEPRS,C35,1.0,sport-11901982.ugc,0.3593041119630843,60.49404299404299
en-he,tear,95,G35,G35,1.0,travel-6742632.ugc,66.8740304976422,59.00738150738152
en-he,tear,95,G4o,G4o,1.0,travel-6742632.ugc,66.8740304976422,59.00738150738152
en-he,tear,95,C3,C3,1.0,travel-6742632.ugc,66.8740304976422,59.00738150738152
en-he,tear,95,C35,C35,1.0,travel-6742632.ugc,66.8740304976422,59.00738150738152
en-he,tear,95,GP,GP,1.0,travel-6742632.ugc,66.8740304976422,59.00738150738152
en-he,tear,95,MEPRS,G4o,1.0,travel-6742632.ugc,66.8740304976422,59.00738150738152
en-he,tear,98,G35,G35,1.0,animals-10505867.news,40.55769115524514,67.9552067849004
en-he,tear,98,G4o,G4o,1.0,animals-10505867.news,40.52587697205425,62.32094241446364
en-he,tear,98,C3,C3,1.0,animals-10505867.news,45.46012039207042,74.53923184395376
en-he,tear,98,C35,C35,1.0,animals-10505867.news,55.54570250728591,80.70476594199317
en-he,tear,98,GP,GP,1.0,animals-10505867.news,27.322315104876438,60.745846451595746
en-he,tear,98,MEPRS,C3,1.0,animals-10505867.news,45.46012039207042,74.53923184395376
en-he,tear,99,G35,G35,1.0,tech-10576693.ugc,20.873176328735713,52.41114253744835
en-he,tear,99,G4o,G4o,1.0,tech-10576693.ugc,20.873176328735713,52.21190580466384
en-he,tear,99,C3,C3,1.0,tech-10576693.ugc,20.873176328735713,52.94031744827157
en-he,tear,99,C35,C35,1.0,tech-10576693.ugc,20.873176328735713,52.94031744827157
en-he,tear,99,GP,GP,1.0,tech-10576693.ugc,10.182425646195501,50.149996658819276
en-he,tear,99,MEPRS,GP,1.0,tech-10576693.ugc,10.182425646195501,50.149996658819276
en-he,tear,102,G35,G35,1.0,travel-11848012.news,59.46035575013605,84.38011707785229
en-he,tear,102,G4o,G4o,1.0,travel-11848012.news,55.33409598501608,78.62496218835757
en-he,tear,102,C3,C3,1.0,travel-11848012.news,82.0532221682398,92.59590847694669
en-he,tear,102,C35,C35,1.0,travel-11848012.news,70.18491170272205,88.28424994947314
en-he,tear,102,GP,GP,1.0,travel-11848012.news,58.28233954152654,77.5254847767465
en-he,tear,102,MEPRS,C3,1.0,travel-11848012.news,82.0532221682398,92.59590847694669
en-he,tear,106,G35,G35,1.0,business-11924445.news,18.852104513558068,60.386770660859014
en-he,tear,106,G4o,G4o,1.0,business-11924445.news,37.84481137591871,66.71213661308913
en-he,tear,106,C3,C3,1.0,business-11924445.news,25.915900842425525,65.46064106953723
en-he,tear,106,C35,C35,1.0,business-11924445.news,38.78096206640051,68.97027176032967
en-he,tear,106,GP,GP,1.0,business-11924445.news,23.938844062762364,62.31746778777193
en-he,tear,106,MEPRS,G4o,1.0,business-11924445.news,37.84481137591871,66.71213661308913
en-he,tear,109,G35,G35,1.0,business-6678547.news,20.86130724305753,51.95492784762498
en-he,tear,109,G4o,G4o,1.0,business-6678547.news,21.834177214239055,58.78177919246203
en-he,tear,109,C3,C3,1.0,business-6678547.news,21.834177214239055,55.39070589100806
en-he,tear,109,C35,C35,1.0,business-6678547.news,21.834177214239055,55.39070589100806
en-he,tear,109,GP,GP,1.0,business-6678547.news,12.300686288463773,46.27064524475068
en-he,tear,109,MEPRS,G4o,1.0,business-6678547.news,21.834177214239055,58.78177919246203
en-he,tear,111,G35,G35,1.0,health-6944162.news,23.5269071488911,58.27820301654348
en-he,tear,111,G4o,G4o,1.0,health-6944162.news,37.13354961020269,75.42886519761028
en-he,tear,111,C3,C3,1.0,health-6944162.news,58.05767005939101,81.27878206927544
en-he,tear,111,C35,C35,1.0,health-6944162.news,69.86939462620248,89.42171571574357
en-he,tear,111,GP,GP,1.0,health-6944162.news,48.08831927104961,79.43675748237648
en-he,tear,111,MEPRS,G4o,1.0,health-6944162.news,37.13354961020269,75.42886519761028
en-he,tear,113,G35,G35,1.0,celebrities-7966246.news,26.58483576665877,62.805888386355385
en-he,tear,113,G4o,G4o,1.0,celebrities-7966246.news,100.0,100.0
en-he,tear,113,C3,C3,1.0,celebrities-7966246.news,48.45325473577054,85.26897203520555
en-he,tear,113,C35,C35,1.0,celebrities-7966246.news,48.45325473577054,85.26897203520555
en-he,tear,113,GP,GP,1.0,celebrities-7966246.news,41.04424101861004,76.46852153247578
en-he,tear,113,MEPRS,G4o,1.0,celebrities-7966246.news,100.0,100.0
en-he,tear,115,G35,G35,1.0,sport-11918887.news,15.29555933752883,64.55806269981021
en-he,tear,115,G4o,G4o,1.0,sport-11918887.news,32.08178668824405,73.62525288329923
en-he,tear,115,C3,C3,1.0,sport-11918887.news,37.54749996604944,79.78413485236275
en-he,tear,115,C35,C35,1.0,sport-11918887.news,57.67329314455439,84.40564073567514
en-he,tear,115,GP,GP,1.0,sport-11918887.news,32.83509382886223,79.32284764537401
en-he,tear,115,MEPRS,G4o,1.0,sport-11918887.news,32.08178668824405,73.62525288329923
en-he,tear,116,G35,G35,1.0,tech-10857141.ugc,6.352047085618947,26.473390033478015
en-he,tear,116,G4o,G4o,1.0,tech-10857141.ugc,53.7284965911771,75.19898979066356
en-he,tear,116,C3,C3,1.0,tech-10857141.ugc,53.7284965911771,75.19898979066356
en-he,tear,116,C35,C35,1.0,tech-10857141.ugc,38.60973950960897,50.622158723967864
en-he,tear,116,GP,GP,1.0,tech-10857141.ugc,31.23939936920256,50.12772487230762
en-he,tear,116,MEPRS,G4o,1.0,tech-10857141.ugc,53.7284965911771,75.19898979066356
en-he,tear,118,G35,G35,1.0,sport-6663385.ugc,50.40294561132104,78.69720665251509
en-he,tear,118,G4o,G4o,1.0,sport-6663385.ugc,50.40294561132104,78.69720665251509
en-he,tear,118,C3,C3,1.0,sport-6663385.ugc,100.0,100.0
en-he,tear,118,C35,C35,1.0,sport-6663385.ugc,35.49481056010053,61.20642229486061
en-he,tear,118,GP,GP,1.0,sport-6663385.ugc,66.06328636027614,79.91746823349273
en-he,tear,118,MEPRS,C3,1.0,sport-6663385.ugc,100.0,100.0
en-he,tear,119,G35,G35,0.9583,travel-6742632.news,48.9886422224093,70.23246617578859
en-he,tear,119,G4o,G4o,0.9583,travel-6742632.news,66.43548861507492,82.06356259140624
en-he,tear,119,C3,C3,0.9583,travel-6742632.news,60.362895209552455,78.19029907595433
en-he,tear,119,C35,C35,0.9583,travel-6742632.news,45.733444463149816,70.06733146035167
en-he,tear,119,GP,GP,0.9583,travel-6742632.news,60.362895209552455,80.21913656582876
en-he,tear,119,MEPRS,C35,0.9583,travel-6742632.news,45.733444463149816,70.06733146035167
en-he,tear,123,G35,G35,0.9667,tech-4475059.news,19.54717520780831,57.035110918432906
en-he,tear,123,G4o,G4o,0.9667,tech-4475059.news,26.748210072204763,61.56132181786776
en-he,tear,123,C3,C3,0.9667,tech-4475059.news,28.96437860479548,63.26208487398642
en-he,tear,123,C35,C35,0.9667,tech-4475059.news,26.449851994067945,59.58684957621884
en-he,tear,123,GP,GP,0.9667,tech-4475059.news,41.820888037800565,67.66861410033025
en-he,tear,123,MEPRS,G4o,0.9667,tech-4475059.news,26.748210072204763,61.56132181786776
en-he,tear,125,G35,G35,0.9677,travel-11904005.ugc,24.737714147554012,48.30227228447122
en-he,tear,125,G4o,G4o,0.9677,travel-11904005.ugc,26.938611102351814,50.154551979089376
en-he,tear,125,C3,C3,0.9677,travel-11904005.ugc,23.741426776235766,42.22859834652331
en-he,tear,125,C35,C35,0.9677,travel-11904005.ugc,26.938611102351814,50.154551979089376
en-he,tear,125,GP,GP,0.9677,travel-11904005.ugc,18.204651199034366,48.903094802521686
en-he,tear,125,MEPRS,C35,0.9677,travel-11904005.ugc,26.938611102351814,50.154551979089376
en-he,tear,128,G35,G35,0.9655,culture-11928547.news,58.425910222202205,81.69769416507354
en-he,tear,128,G4o,G4o,0.9655,culture-11928547.news,47.12818073149298,74.17080785545377
en-he,tear,128,C3,C3,0.9655,culture-11928547.news,65.68019134748964,80.23664252773612
en-he,tear,128,C35,C35,0.9655,culture-11928547.news,36.55902396779921,70.98565679515856
en-he,tear,128,GP,GP,0.9655,culture-11928547.news,9.429731761772898,36.931246830030155
en-he,tear,128,MEPRS,G4o,0.9655,culture-11928547.news,47.12818073149298,74.17080785545377
en-he,tear,130,G35,G35,1.0,business-11918180.news,47.17689621306842,38.40998809480853
en-he,tear,130,G4o,G4o,1.0,business-11918180.news,51.0981376221498,63.48230736599939
en-he,tear,130,C3,C3,1.0,business-11918180.news,49.030470692026626,53.430578097239284
en-he,tear,130,C35,C35,1.0,business-11918180.news,51.0981376221498,63.48230736599939
en-he,tear,130,GP,GP,1.0,business-11918180.news,33.23217739558646,43.18902693907578
en-he,tear,130,MEPRS,G4o,1.0,business-11918180.news,51.0981376221498,63.48230736599939
en-he,tear,132,G35,G35,1.0,sport-6663385.ugc,39.76353643835253,24.58846236211944
en-he,tear,132,G4o,G4o,1.0,sport-6663385.ugc,39.76353643835253,24.58846236211944
en-he,tear,132,C3,C3,1.0,sport-6663385.ugc,42.728700639623405,32.14015244430407
en-he,tear,132,C35,C35,1.0,sport-6663385.ugc,39.76353643835253,24.58846236211944
en-he,tear,132,GP,GP,1.0,sport-6663385.ugc,5.551277111446364,20.22640199804143
en-he,tear,132,MEPRS,C3,1.0,sport-6663385.ugc,42.728700639623405,32.14015244430407
en-he,tear,134,G35,G35,0.9804,tech-10857141.ugc,22.229849552064014,61.322772890441705
en-he,tear,134,G4o,G4o,0.9804,tech-10857141.ugc,40.64477676550596,74.90259488629147
en-he,tear,134,C3,C3,0.9804,tech-10857141.ugc,40.58951763812706,74.62368748348183
en-he,tear,134,C35,C35,0.9804,tech-10857141.ugc,25.81298987216986,70.87658925286122
en-he,tear,134,GP,GP,0.9804,tech-10857141.ugc,20.951611502840127,46.12646535444295
en-he,tear,134,MEPRS,C35,0.9804,tech-10857141.ugc,25.81298987216986,70.87658925286122
en-he,tear,137,G35,G35,0.9231,tech-10857141.news,13.87222331268796,34.16336884881834
en-he,tear,137,G4o,G4o,0.9231,tech-10857141.news,35.28261142545886,52.32231810701004
en-he,tear,137,C3,C3,0.9231,tech-10857141.news,34.51395513935865,52.64013674572024
en-he,tear,137,C35,C35,0.9231,tech-10857141.news,35.28261142545886,56.34956493536804
en-he,tear,137,GP,GP,0.9231,tech-10857141.news,16.299446731288942,41.824890098950085
en-he,tear,137,MEPRS,C3,0.9231,tech-10857141.news,34.51395513935865,52.64013674572024
en-he,tear,138,G35,G35,1.0,celebrities-7966246.news,15.31024544118244,52.43743869052358
en-he,tear,138,G4o,G4o,1.0,celebrities-7966246.news,24.022110864391532,63.49839766190905
en-he,tear,138,C3,C3,1.0,celebrities-7966246.news,24.739977342883947,70.64389719295858
en-he,tear,138,C35,C35,1.0,celebrities-7966246.news,20.098339913206324,63.02059637674455
en-he,tear,138,GP,GP,1.0,celebrities-7966246.news,1.982892583025406,12.566020564867372
en-he,tear,138,MEPRS,G4o,1.0,celebrities-7966246.news,24.022110864391532,63.49839766190905
en-he,tear,139,G35,G35,1.0,auto-5285631.news,60.600320738082445,68.63682278113627
en-he,tear,139,G4o,G4o,1.0,auto-5285631.news,65.96924585662963,84.22553789295108
en-he,tear,139,C3,C3,1.0,auto-5285631.news,23.682079130839757,69.80948511634442
en-he,tear,139,C35,C35,1.0,auto-5285631.news,49.890709729102724,80.40924292722754
en-he,tear,139,GP,GP,1.0,auto-5285631.news,29.251718341295522,69.2838186841786
en-he,tear,139,MEPRS,G4o,1.0,auto-5285631.news,65.96924585662963,84.22553789295108
en-he,tear,147,G35,G35,1.0,internal-11929688.news,45.49497296421331,73.4562294193975
en-he,tear,147,G4o,G4o,1.0,internal-11929688.news,45.49497296421331,73.4562294193975
en-he,tear,147,C3,C3,1.0,internal-11929688.news,30.13040489278569,67.3476736518327
en-he,tear,147,C35,C35,1.0,internal-11929688.news,27.668736912821895,62.94651469350389
en-he,tear,147,GP,GP,1.0,internal-11929688.news,3.0567810028439704,17.578416735238736
en-he,tear,147,MEPRS,G4o,1.0,internal-11929688.news,45.49497296421331,73.4562294193975
en-he,tear,150,G35,G35,0.9474,health-6931611.news,37.51840463233443,74.92543398554555
en-he,tear,150,G4o,G4o,0.9474,health-6931611.news,44.50050658086207,78.684413186798
en-he,tear,150,C3,C3,0.9474,health-6931611.news,36.65882729601239,76.48839916728387
en-he,tear,150,C35,C35,0.9474,health-6931611.news,56.11121564750133,83.48052393308991
en-he,tear,150,GP,GP,0.9474,health-6931611.news,28.489318277723964,67.93706068497899
en-he,tear,150,MEPRS,C35,0.9474,health-6931611.news,56.11121564750133,83.48052393308991
en-he,tear,151,G35,G35,1.0,celebrities-10425290.news,16.829946711936866,45.52659327318252
en-he,tear,151,G4o,G4o,1.0,celebrities-10425290.news,16.5998261506368,49.57758522890695
en-he,tear,151,C3,C3,1.0,celebrities-10425290.news,16.5998261506368,49.428205642903976
en-he,tear,151,C35,C35,1.0,celebrities-10425290.news,16.5998261506368,49.57758522890695
en-he,tear,151,GP,GP,1.0,celebrities-10425290.news,10.390302174233558,29.349623565358346
en-he,tear,151,MEPRS,C3,1.0,celebrities-10425290.news,16.5998261506368,49.428205642903976
en-he,tear,152,G35,G35,1.0,culture-8883085.news,49.13270548144421,66.44584077366167
en-he,tear,152,G4o,G4o,1.0,culture-8883085.news,49.13270548144421,66.44584077366167
en-he,tear,152,C3,C3,1.0,culture-8883085.news,49.13270548144421,66.44584077366167
en-he,tear,152,C35,C35,1.0,culture-8883085.news,47.85543921093738,67.86432813197594
en-he,tear,152,GP,GP,1.0,culture-8883085.news,3.3154586253102942,20.38651669068111
en-he,tear,152,MEPRS,G4o,1.0,culture-8883085.news,49.13270548144421,66.44584077366167
en-he,tear,154,G35,G35,1.0,tech-10857141.news,30.744212557072608,67.87158593560525
en-he,tear,154,G4o,G4o,1.0,tech-10857141.news,50.67340047645924,74.28118730630943
en-he,tear,154,C3,C3,1.0,tech-10857141.news,39.10952306532281,72.42099278541684
en-he,tear,154,C35,C35,1.0,tech-10857141.news,41.99595251131682,76.12563516869768
en-he,tear,154,GP,GP,1.0,tech-10857141.news,43.296918271474475,75.50284475856192
en-he,tear,154,MEPRS,G4o,1.0,tech-10857141.news,50.67340047645924,74.28118730630943
en-he,tear,158,G35,G35,1.0,sport-11927854.ugc,0.2540663740773074,21.10442557651212
en-he,tear,158,G4o,G4o,1.0,sport-11927854.ugc,0.30213753973567675,38.50553577742846
en-he,tear,158,C3,C3,1.0,sport-11927854.ugc,0.2540663740773074,23.81893828837653
en-he,tear,158,C35,C35,1.0,sport-11927854.ugc,0.30213753973567675,38.014718392209105
en-he,tear,158,GP,GP,1.0,sport-11927854.ugc,0.2540663740773074,23.81893828837653
en-he,tear,158,MEPRS,C35,1.0,sport-11927854.ugc,0.30213753973567675,38.014718392209105
en-he,tear,163,G35,G35,1.0,sport-6657351.news,19.674979811155634,42.70321425012687
en-he,tear,163,G4o,G4o,1.0,sport-6657351.news,45.30254148525908,80.52687082313778
en-he,tear,163,C3,C3,1.0,sport-6657351.news,17.827531042796256,29.934015552270036
en-he,tear,163,C35,C35,1.0,sport-6657351.news,45.30254148525908,80.52687082313778
en-he,tear,163,GP,GP,1.0,sport-6657351.news,45.18010018049224,78.13887262199682
en-he,tear,163,MEPRS,GP,1.0,sport-6657351.news,45.18010018049224,78.13887262199682
en-he,tear,166,G35,G35,1.0,celebrities-7966246.ugc,0.30213753973567675,24.69073560503939
en-he,tear,166,G4o,G4o,1.0,celebrities-7966246.ugc,0.30213753973567675,13.47373188405797
en-he,tear,166,C3,C3,1.0,celebrities-7966246.ugc,0.30213753973567675,30.51074899344542
en-he,tear,166,C35,C35,1.0,celebrities-7966246.ugc,0.0012255046020111175,29.766164910126857
en-he,tear,166,GP,GP,1.0,celebrities-7966246.ugc,0.30213753973567675,24.69073560503939
en-he,tear,166,MEPRS,GP,1.0,celebrities-7966246.ugc,0.30213753973567675,24.69073560503939
en-he,tear,168,G35,G35,1.0,culture-11929702.ugc,24.446151121745054,69.74554767242789
en-he,tear,168,G4o,G4o,1.0,culture-11929702.ugc,20.556680845025987,67.58150773005845
en-he,tear,168,C3,C3,1.0,culture-11929702.ugc,24.446151121745054,69.74554767242789
en-he,tear,168,C35,C35,1.0,culture-11929702.ugc,24.446151121745054,69.74554767242789
en-he,tear,168,GP,GP,1.0,culture-11929702.ugc,20.556680845025987,69.19159034037621
en-he,tear,168,MEPRS,G4o,1.0,culture-11929702.ugc,20.556680845025987,67.58150773005845
en-he,tear,173,G35,G35,1.0,business-6678547.news,24.446151121745054,49.76379152077907
en-he,tear,173,G4o,G4o,1.0,business-6678547.news,24.446151121745054,55.44342404182851
en-he,tear,173,C3,C3,1.0,business-6678547.news,50.813274815461476,61.27483595284799
en-he,tear,173,C35,C35,1.0,business-6678547.news,50.813274815461476,74.93729697234652
en-he,tear,173,GP,GP,1.0,business-6678547.news,50.813274815461476,74.93729697234652
en-he,tear,173,MEPRS,GP,1.0,business-6678547.news,50.813274815461476,74.93729697234652
en-he,tear,176,G35,G35,1.0,tech-4475059.news,46.71379777282001,73.33699899941476
en-he,tear,176,G4o,G4o,1.0,tech-4475059.news,88.01117367933934,92.45073158267411
en-he,tear,176,C3,C3,1.0,tech-4475059.news,70.16879391277372,92.49247174972363
en-he,tear,176,C35,C35,1.0,tech-4475059.news,100.0,100.0
en-he,tear,176,GP,GP,1.0,tech-4475059.news,89.31539818068694,99.58017411309255
en-he,tear,176,MEPRS,C3,1.0,tech-4475059.news,70.16879391277372,92.49247174972363
en-he,tear,180,G35,G35,1.0,sport-6657351.news,49.35578819979932,74.15010955417242
en-he,tear,180,G4o,G4o,1.0,sport-6657351.news,61.04735835807844,84.5350063997422
en-he,tear,180,C3,C3,1.0,sport-6657351.news,61.04735835807844,85.02047836479302
en-he,tear,180,C35,C35,1.0,sport-6657351.news,53.03624596095554,78.35009316821883
en-he,tear,180,GP,GP,1.0,sport-6657351.news,38.98938932918353,74.78796232177422
en-he,tear,180,MEPRS,G4o,1.0,sport-6657351.news,61.04735835807844,84.5350063997422
en-he,tear,182,G35,G35,0.9643,tech-10857141.news,44.64721563463441,81.74878350081924
en-he,tear,182,G4o,G4o,0.9643,tech-10857141.news,59.131346706998514,81.10935147821426
en-he,tear,182,C3,C3,0.9643,tech-10857141.news,60.51093178237533,87.36359529898657
en-he,tear,182,C35,C35,0.9643,tech-10857141.news,55.894858151771274,85.34404200132543
en-he,tear,182,GP,GP,0.9643,tech-10857141.news,74.08285789173841,92.9831185846835
en-he,tear,182,MEPRS,GP,0.9643,tech-10857141.news,74.08285789173841,92.9831185846835
en-he,tear,184,G35,G35,0.962,health-6945555.news,7.851040337889671,50.00508332199547
en-he,tear,184,G4o,G4o,0.962,health-6945555.news,29.669679240499136,65.0400400060822
en-he,tear,184,C3,C3,0.962,health-6945555.news,27.676881670261977,66.83276526414538
en-he,tear,184,C35,C35,0.962,health-6945555.news,28.34849281142283,65.2329197133056
en-he,tear,184,GP,GP,0.962,health-6945555.news,8.319993759736114,46.14058991662742
en-he,tear,184,MEPRS,G4o,0.962,health-6945555.news,29.669679240499136,65.0400400060822
en-he,tear,191,G35,G35,1.0,culture-11929702.ugc,50.813274815461476,25.15853322304935
en-he,tear,191,G4o,G4o,1.0,culture-11929702.ugc,50.813274815461476,25.15853322304935
en-he,tear,191,C3,C3,1.0,culture-11929702.ugc,100.0,100.0
en-he,tear,191,C35,C35,1.0,culture-11929702.ugc,50.813274815461476,25.15853322304935
en-he,tear,191,GP,GP,1.0,culture-11929702.ugc,50.813274815461476,25.15853322304935
en-he,tear,191,MEPRS,C3,1.0,culture-11929702.ugc,100.0,100.0
en-he,tear,193,G35,G35,0.9756,travel-6742632.news,32.92010361291119,68.11580718969917
en-he,tear,193,G4o,G4o,0.9756,travel-6742632.news,37.283992459416574,76.1086140051302
en-he,tear,193,C3,C3,0.9756,travel-6742632.news,70.01575310229897,89.3963411599132
en-he,tear,193,C35,C35,0.9756,travel-6742632.news,70.01575310229897,89.3963411599132
en-he,tear,193,GP,GP,0.9756,travel-6742632.news,54.71072010147133,84.83692650102965
en-he,tear,193,MEPRS,C3,0.9756,travel-6742632.news,70.01575310229897,89.3963411599132
en-he,tear,198,G35,G35,0.9286,health-6935580.news,21.14214171430308,52.976806894241015
en-he,tear,198,G4o,G4o,0.9286,health-6935580.news,15.53712569276035,61.09142574736281
en-he,tear,198,C3,C3,0.9286,health-6935580.news,24.384183193426086,64.43794662424168
en-he,tear,198,C35,C35,0.9286,health-6935580.news,20.44800736021839,57.45132947029041
en-he,tear,198,GP,GP,0.9286,health-6935580.news,21.869766863251183,61.574760716965535
en-he,tear,198,MEPRS,C3,0.9286,health-6935580.news,24.384183193426086,64.43794662424168
en-ru,it,3,G35,G35,1.0,ecommerce_en_24,38.46037601567719,61.907308718339344
en-ru,it,3,G4o,G4o,1.0,ecommerce_en_24,62.48651455191909,72.93855744618206
en-ru,it,3,C3,C3,1.0,ecommerce_en_24,47.32863907739541,63.72484870888953
en-ru,it,3,C35,C35,1.0,ecommerce_en_24,52.521758905186964,65.3830923430307
en-ru,it,3,GP,GP,1.0,ecommerce_en_24,41.606310454767815,62.64571409835423
en-ru,it,3,MEPRS,G4o,1.0,ecommerce_en_24,62.48651455191909,72.93855744618206
en-ru,it,5,G35,G35,1.0,en_fr_CLIENT-02_default_2021-01-10-21_doc0,11.390778025531027,11.762169942947972
en-ru,it,5,G4o,G4o,1.0,en_fr_CLIENT-02_default_2021-01-10-21_doc0,16.036590969929357,12.850949266632817
en-ru,it,5,C3,C3,1.0,en_fr_CLIENT-02_default_2021-01-10-21_doc0,14.113991930789776,14.784589559051739
en-ru,it,5,C35,C35,1.0,en_fr_CLIENT-02_default_2021-01-10-21_doc0,16.036590969929357,12.850949266632817
en-ru,it,5,GP,GP,1.0,en_fr_CLIENT-02_default_2021-01-10-21_doc0,45.18010018049224,65.64467410291209
en-ru,it,5,MEPRS,GP,1.0,en_fr_CLIENT-02_default_2021-01-10-21_doc0,45.18010018049224,65.64467410291209
en-ru,it,6,G35,G35,1.0,en_de_CLIENT-02_default_2021-02-07-7_doc0,21.200626759025184,32.87835511498974
en-ru,it,6,G4o,G4o,1.0,en_de_CLIENT-02_default_2021-02-07-7_doc0,16.829946711936866,27.955016520545016
en-ru,it,6,C3,C3,1.0,en_de_CLIENT-02_default_2021-02-07-7_doc0,26.34029008230752,33.600298791003745
en-ru,it,6,C35,C35,1.0,en_de_CLIENT-02_default_2021-02-07-7_doc0,24.936514388871334,32.07637590157487
en-ru,it,6,GP,GP,1.0,en_de_CLIENT-02_default_2021-02-07-7_doc0,7.289334177359764,20.561512391928584
en-ru,it,6,MEPRS,G4o,1.0,en_de_CLIENT-02_default_2021-02-07-7_doc0,16.829946711936866,27.955016520545016
en-ru,it,8,G35,G35,1.0,ecommerce_en_52,24.125880497129863,47.995983458848734
en-ru,it,8,G4o,G4o,1.0,ecommerce_en_52,29.660903203497252,48.058759536974314
en-ru,it,8,C3,C3,1.0,ecommerce_en_52,28.051550320162942,47.802436496137396
en-ru,it,8,C35,C35,1.0,ecommerce_en_52,23.05089862656663,48.8000555148956
en-ru,it,8,GP,GP,1.0,ecommerce_en_52,29.359738279508402,51.0395677159033
en-ru,it,8,MEPRS,GP,1.0,ecommerce_en_52,29.359738279508402,51.0395677159033
en-ru,it,10,G35,G35,1.0,t3_q8vmve,0.1820465119903437,3.8314176245210727
en-ru,it,10,G4o,G4o,1.0,t3_q8vmve,26.26909894424158,66.52266301568922
en-ru,it,10,C3,C3,1.0,t3_q8vmve,66.8740304976422,83.37409086441595
en-ru,it,10,C35,C35,1.0,t3_q8vmve,66.8740304976422,83.37409086441595
en-ru,it,10,GP,GP,1.0,t3_q8vmve,5.291907393644997,29.657392999089854
en-ru,it,10,MEPRS,C35,1.0,t3_q8vmve,66.8740304976422,83.37409086441595
en-ru,it,19,G35,G35,0.9565,ecommerce_en_13,16.995165296029047,56.162686342454016
en-ru,it,19,G4o,G4o,0.9565,ecommerce_en_13,23.245687974745426,69.83771429456961
en-ru,it,19,C3,C3,0.9565,ecommerce_en_13,32.65373524557183,74.02868489273236
en-ru,it,19,C35,C35,0.9565,ecommerce_en_13,24.822973415995943,63.796468837671334
en-ru,it,19,GP,GP,0.9565,ecommerce_en_13,13.760933820806132,58.948315010241835
en-ru,it,19,MEPRS,C35,0.9565,ecommerce_en_13,24.822973415995943,63.796468837671334
en-ru,it,22,G35,G35,1.0,en_fr_CLIENT-02_default_2021-01-10-26_doc0,33.38080021677297,64.99170019045411
en-ru,it,22,G4o,G4o,1.0,en_fr_CLIENT-02_default_2021-01-10-26_doc0,46.86244765795395,57.103537295588374
en-ru,it,22,C3,C3,1.0,en_fr_CLIENT-02_default_2021-01-10-26_doc0,54.49453495579753,60.49350703347209
en-ru,it,22,C35,C35,1.0,en_fr_CLIENT-02_default_2021-01-10-26_doc0,51.49732203257935,69.44584033745717
en-ru,it,22,GP,GP,1.0,en_fr_CLIENT-02_default_2021-01-10-26_doc0,41.18037635691578,59.73856002833913
en-ru,it,22,MEPRS,C35,1.0,en_fr_CLIENT-02_default_2021-01-10-26_doc0,51.49732203257935,69.44584033745717
en-ru,it,24,G35,G35,1.0,t3_rdc3rj,17.03318603763928,22.844770862511464
en-ru,it,24,G4o,G4o,1.0,t3_rdc3rj,16.959011078459053,19.602072628643587
en-ru,it,24,C3,C3,1.0,t3_rdc3rj,47.54373049371217,50.108496154420834
en-ru,it,24,C35,C35,1.0,t3_rdc3rj,20.958712452883564,37.67308027851192
en-ru,it,24,GP,GP,1.0,t3_rdc3rj,16.959011078459053,19.602072628643587
en-ru,it,24,MEPRS,C35,1.0,t3_rdc3rj,20.958712452883564,37.67308027851192
en-ru,it,26,G35,G35,1.0,ecommerce_en_49,15.807437922444715,49.66293387960113
en-ru,it,26,G4o,G4o,1.0,ecommerce_en_49,33.932513407933634,75.51264314691804
en-ru,it,26,C3,C3,1.0,ecommerce_en_49,100.0,100.0
en-ru,it,26,C35,C35,1.0,ecommerce_en_49,50.0,79.40706345424199
en-ru,it,26,GP,GP,1.0,ecommerce_en_49,15.807437922444715,33.83336724813321
en-ru,it,26,MEPRS,G35,1.0,ecommerce_en_49,15.807437922444715,49.66293387960113
en-ru,it,27,G35,G35,0.9667,independent.80454,32.739546202728,71.05578997291515
en-ru,it,27,G4o,G4o,0.9667,independent.80454,27.87356352547991,69.06194608801724
en-ru,it,27,C3,C3,0.9667,independent.80454,46.09261191970042,78.92755725426386
en-ru,it,27,C35,C35,0.9667,independent.80454,34.00657349553066,69.32413699823634
en-ru,it,27,GP,GP,0.9667,independent.80454,28.44137749558327,65.02975545340145
en-ru,it,27,MEPRS,C3,0.9667,independent.80454,46.09261191970042,78.92755725426386
en-ru,it,29,G35,G35,1.0,en_fr_CLIENT-02_default_2020-12-27-14_doc04,18.850319022747353,62.74475461364136
en-ru,it,29,G4o,G4o,1.0,en_fr_CLIENT-02_default_2020-12-27-14_doc04,15.61969968460128,31.107965092440832
en-ru,it,29,C3,C3,1.0,en_fr_CLIENT-02_default_2020-12-27-14_doc04,0.1230079048417731,33.287468696162755
en-ru,it,29,C35,C35,1.0,en_fr_CLIENT-02_default_2020-12-27-14_doc04,36.990337444913074,38.9955957982085
en-ru,it,29,GP,GP,1.0,en_fr_CLIENT-02_default_2020-12-27-14_doc04,19.96019880774733,48.04730688814586
en-ru,it,29,MEPRS,G35,1.0,en_fr_CLIENT-02_default_2020-12-27-14_doc04,18.850319022747353,62.74475461364136
en-ru,it,33,G35,G35,1.0,rt.com.18606,11.114924776032007,52.60609371773146
en-ru,it,33,G4o,G4o,1.0,rt.com.18606,19.756380535471646,47.079242266670995
en-ru,it,33,C3,C3,1.0,rt.com.18606,16.481400866629635,50.318270772409704
en-ru,it,33,C35,C35,1.0,rt.com.18606,16.481400866629635,50.318270772409704
en-ru,it,33,GP,GP,1.0,rt.com.18606,9.615094003919298,55.83734484175461
en-ru,it,33,MEPRS,G4o,1.0,rt.com.18606,19.756380535471646,47.079242266670995
en-ru,it,36,G35,G35,1.0,t1_ho5gymy,65.25452579142078,90.18623229217002
en-ru,it,36,G4o,G4o,1.0,t1_ho5gymy,100.0,100.0
en-ru,it,36,C3,C3,1.0,t1_ho5gymy,70.16879391277372,81.27008257587116
en-ru,it,36,C35,C35,1.0,t1_ho5gymy,34.48444257953326,65.8045642924091
en-ru,it,36,GP,GP,1.0,t1_ho5gymy,90.36020036098448,99.02029451826115
en-ru,it,36,MEPRS,G4o,1.0,t1_ho5gymy,100.0,100.0
en-ru,it,40,G35,G35,1.0,t1_hnwfutv,12.35622127262679,48.48865004636974
en-ru,it,40,G4o,G4o,1.0,t1_hnwfutv,12.011055432195764,51.71904918017947
en-ru,it,40,C3,C3,1.0,t1_hnwfutv,11.510518494396258,45.44002204375016
en-ru,it,40,C35,C35,1.0,t1_hnwfutv,14.595947916189678,41.304353286325245
en-ru,it,40,GP,GP,1.0,t1_hnwfutv,5.705093314691302,32.21883237188443
en-ru,it,40,MEPRS,C35,1.0,t1_hnwfutv,14.595947916189678,41.304353286325245
en-ru,it,41,G35,G35,1.0,t3_r43jsw,58.15494568798613,82.83036689662087
en-ru,it,41,G4o,G4o,1.0,t3_r43jsw,44.28500142691474,85.42806177786828
en-ru,it,41,C3,C3,1.0,t3_r43jsw,66.25410838324736,84.86148589054123
en-ru,it,41,C35,C35,1.0,t3_r43jsw,44.30679264615375,74.7335523762053
en-ru,it,41,GP,GP,1.0,t3_r43jsw,51.84341074271374,80.93414012107105
en-ru,it,41,MEPRS,G4o,1.0,t3_r43jsw,44.28500142691474,85.42806177786828
en-ru,it,42,G35,G35,1.0,t1_ho5gymy,13.950796967929136,43.58266265624959
en-ru,it,42,G4o,G4o,1.0,t1_ho5gymy,30.21375397356768,49.34692990404748
en-ru,it,42,C3,C3,1.0,t1_ho5gymy,30.21375397356768,43.08872572214465
en-ru,it,42,C35,C35,1.0,t1_ho5gymy,30.21375397356768,49.34692990404748
en-ru,it,42,GP,GP,1.0,t1_ho5gymy,13.950796967929136,43.23874568802105
en-ru,it,42,MEPRS,C3,1.0,t1_ho5gymy,30.21375397356768,43.08872572214465
en-ru,it,45,G35,G35,1.0,en_fr_CLIENT-02_default_2020-12-27-11_doc03,19.070828081828378,55.58855967322787
en-ru,it,45,G4o,G4o,1.0,en_fr_CLIENT-02_default_2020-12-27-11_doc03,46.17366309441026,79.78519161380207
en-ru,it,45,C3,C3,1.0,en_fr_CLIENT-02_default_2020-12-27-11_doc03,100.0,100.0
en-ru,it,45,C35,C35,1.0,en_fr_CLIENT-02_default_2020-12-27-11_doc03,32.46679154750989,68.13202327714713
en-ru,it,45,GP,GP,1.0,en_fr_CLIENT-02_default_2020-12-27-11_doc03,46.17366309441026,79.78519161380207
en-ru,it,45,MEPRS,C3,1.0,en_fr_CLIENT-02_default_2020-12-27-11_doc03,100.0,100.0
en-ru,it,47,G35,G35,1.0,ecommerce_en_27,0.14628187563941417,26.384030065010695
en-ru,it,47,G4o,G4o,1.0,ecommerce_en_27,27.776190340117914,43.5567419915375
en-ru,it,47,C3,C3,1.0,ecommerce_en_27,27.776190340117914,44.09786753266304
en-ru,it,47,C35,C35,1.0,ecommerce_en_27,31.23939936920256,52.04972417225023
en-ru,it,47,GP,GP,1.0,ecommerce_en_27,27.776190340117914,43.5567419915375
en-ru,it,47,MEPRS,C3,1.0,ecommerce_en_27,27.776190340117914,44.09786753266304
en-ru,it,52,G35,G35,1.0,t1_hmpp3wk,31.87271473320672,59.927487564071555
en-ru,it,52,G4o,G4o,1.0,t1_hmpp3wk,53.31675363405771,63.8299705132618
en-ru,it,52,C3,C3,1.0,t1_hmpp3wk,63.15552371794036,67.75493004784757
en-ru,it,52,C35,C35,1.0,t1_hmpp3wk,31.61487584488943,68.57886057794452
en-ru,it,52,GP,GP,1.0,t1_hmpp3wk,13.597796343834895,48.505935682527216
en-ru,it,52,MEPRS,C35,1.0,t1_hmpp3wk,31.61487584488943,68.57886057794452
en-ru,it,55,G35,G35,1.0,t1_hiyjod1,65.92368094002906,86.33582000562825
en-ru,it,55,G4o,G4o,1.0,t1_hiyjod1,78.19437868913751,89.85417933296667
en-ru,it,55,C3,C3,1.0,t1_hiyjod1,58.43012847432387,80.42119976869597
en-ru,it,55,C35,C35,1.0,t1_hiyjod1,76.7443680342226,88.30042828317242
en-ru,it,55,GP,GP,1.0,t1_hiyjod1,65.92368094002906,86.33582000562825
en-ru,it,55,MEPRS,C35,1.0,t1_hiyjod1,76.7443680342226,88.30042828317242
en-ru,it,66,G35,G35,1.0,t1_h6c5bhv,31.18687901642478,60.54748284192191
en-ru,it,66,G4o,G4o,1.0,t1_h6c5bhv,56.35190098079903,70.73724993250357
en-ru,it,66,C3,C3,1.0,t1_h6c5bhv,61.626070997295855,65.80777122221782
en-ru,it,66,C35,C35,1.0,t1_h6c5bhv,69.97522298221912,72.9457655140247
en-ru,it,66,GP,GP,1.0,t1_h6c5bhv,49.88349435401652,69.17059320127255
en-ru,it,66,MEPRS,C35,1.0,t1_h6c5bhv,69.97522298221912,72.9457655140247
en-ru,it,69,G35,G35,0.9524,en_de_CLIENT-01_default_2021-01-10-57_doc0,20.69099661161138,47.7253549348219
en-ru,it,69,G4o,G4o,0.9524,en_de_CLIENT-01_default_2021-01-10-57_doc0,37.447417181493456,67.66420476344861
en-ru,it,69,C3,C3,0.9524,en_de_CLIENT-01_default_2021-01-10-57_doc0,25.56189082997477,54.811440382402594
en-ru,it,69,C35,C35,0.9524,en_de_CLIENT-01_default_2021-01-10-57_doc0,23.479342336162492,52.81159850098336
en-ru,it,69,GP,GP,0.9524,en_de_CLIENT-01_default_2021-01-10-57_doc0,19.758409158529144,53.386489236491606
en-ru,it,69,MEPRS,G4o,0.9524,en_de_CLIENT-01_default_2021-01-10-57_doc0,37.447417181493456,67.66420476344861
en-ru,it,75,G35,G35,0.9268,express.co.uk.29378,10.109765416598176,38.690092756520805
en-ru,it,75,G4o,G4o,0.9268,express.co.uk.29378,13.224473398607675,46.85584551547964
en-ru,it,75,C3,C3,0.9268,express.co.uk.29378,44.17918226831577,69.30057108262618
en-ru,it,75,C35,C35,0.9268,express.co.uk.29378,12.660422785462305,50.04902363781997
en-ru,it,75,GP,GP,0.9268,express.co.uk.29378,42.56995349694282,69.77021309752989
en-ru,it,75,MEPRS,C3,0.9268,express.co.uk.29378,44.17918226831577,69.30057108262618
en-ru,it,79,G35,G35,1.0,guardian.44781,51.566269182398216,80.67812123471285
en-ru,it,79,G4o,G4o,1.0,guardian.44781,100.0,100.0
en-ru,it,79,C3,C3,1.0,guardian.44781,100.0,100.0
en-ru,it,79,C35,C35,1.0,guardian.44781,100.0,100.0
en-ru,it,79,GP,GP,1.0,guardian.44781,23.956565612760205,49.75860014176687
en-ru,it,79,MEPRS,G4o,1.0,guardian.44781,100.0,100.0
en-ru,it,84,G35,G35,1.0,en_zh-TW_CLIENT-05_2020-12-20-268_doc0,62.62844962765469,91.86732740420501
en-ru,it,84,G4o,G4o,1.0,en_zh-TW_CLIENT-05_2020-12-20-268_doc0,64.79121525090147,81.06305053782951
en-ru,it,84,C3,C3,1.0,en_zh-TW_CLIENT-05_2020-12-20-268_doc0,42.969435238201484,73.13552885398984
en-ru,it,84,C35,C35,1.0,en_zh-TW_CLIENT-05_2020-12-20-268_doc0,42.969435238201484,73.13552885398984
en-ru,it,84,GP,GP,1.0,en_zh-TW_CLIENT-05_2020-12-20-268_doc0,47.58733096412523,73.05845326550897
en-ru,it,84,MEPRS,G35,1.0,en_zh-TW_CLIENT-05_2020-12-20-268_doc0,62.62844962765469,91.86732740420501
en-ru,it,87,G35,G35,0.9394,guardian.44758,2.1786036857496707e-06,1.2179516691279504
en-ru,it,87,G4o,G4o,0.9394,guardian.44758,32.92429906066838,61.60055622158106
en-ru,it,87,C3,C3,0.9394,guardian.44758,30.538385012782953,57.27441591573552
en-ru,it,87,C35,C35,0.9394,guardian.44758,32.7617049607268,59.56897664880659
en-ru,it,87,GP,GP,0.9394,guardian.44758,28.14991553857761,57.5451796343034
en-ru,it,87,MEPRS,G4o,0.9394,guardian.44758,32.92429906066838,61.60055622158106
en-ru,it,89,G35,G35,1.0,cnn.81799,37.74155035532907,66.38356956578903
en-ru,it,89,G4o,G4o,1.0,cnn.81799,46.24519493253227,69.29179608052654
en-ru,it,89,C3,C3,1.0,cnn.81799,48.45766087853281,68.51383489496247
en-ru,it,89,C35,C35,1.0,cnn.81799,56.854888702772236,72.31900628215978
en-ru,it,89,GP,GP,1.0,cnn.81799,45.307778036928106,63.963326758325614
en-ru,it,89,MEPRS,G35,1.0,cnn.81799,37.74155035532907,66.38356956578903
en-ru,it,94,G35,G35,0.94,en_fr_CLIENT-02_default_2020-12-27-71_doc07,13.217947626377288,40.585533118582
en-ru,it,94,G4o,G4o,0.94,en_fr_CLIENT-02_default_2020-12-27-71_doc07,15.807437922444715,44.01858817243859
en-ru,it,94,C3,C3,0.94,en_fr_CLIENT-02_default_2020-12-27-71_doc07,51.93071778680676,73.01518763391687
en-ru,it,94,C35,C35,0.94,en_fr_CLIENT-02_default_2020-12-27-71_doc07,20.66825197574423,43.68649683645122
en-ru,it,94,GP,GP,0.94,en_fr_CLIENT-02_default_2020-12-27-71_doc07,45.78831372133982,73.24152496609955
en-ru,it,94,MEPRS,C3,0.94,en_fr_CLIENT-02_default_2020-12-27-71_doc07,51.93071778680676,73.01518763391687
en-ru,it,96,G35,G35,1.0,en_fr_CLIENT-02_default_2020-12-27-14_doc0,21.105340631872636,63.01694332030389
en-ru,it,96,G4o,G4o,1.0,en_fr_CLIENT-02_default_2020-12-27-14_doc0,47.28708045015878,73.40306339801027
en-ru,it,96,C3,C3,1.0,en_fr_CLIENT-02_default_2020-12-27-14_doc0,0.39763536438352537,74.15964525097651
en-ru,it,96,C35,C35,1.0,en_fr_CLIENT-02_default_2020-12-27-14_doc0,0.39763536438352537,74.15964525097651
en-ru,it,96,GP,GP,1.0,en_fr_CLIENT-02_default_2020-12-27-14_doc0,47.28708045015878,73.40306339801027
en-ru,it,96,MEPRS,GP,1.0,en_fr_CLIENT-02_default_2020-12-27-14_doc0,47.28708045015878,73.40306339801027
en-ru,it,98,G35,G35,1.0,en_fr_CLIENT-02_default_2020-12-27-14_doc0,13.508625657351411,52.51873669136385
en-ru,it,98,G4o,G4o,1.0,en_fr_CLIENT-02_default_2020-12-27-14_doc0,29.502343631964045,63.97672468858962
en-ru,it,98,C3,C3,1.0,en_fr_CLIENT-02_default_2020-12-27-14_doc0,29.502343631964045,63.97672468858962
en-ru,it,98,C35,C35,1.0,en_fr_CLIENT-02_default_2020-12-27-14_doc0,29.502343631964045,63.97672468858962
en-ru,it,98,GP,GP,1.0,en_fr_CLIENT-02_default_2020-12-27-14_doc0,29.502343631964045,63.97672468858962
en-ru,it,98,MEPRS,C35,1.0,en_fr_CLIENT-02_default_2020-12-27-14_doc0,29.502343631964045,63.97672468858962
en-ru,it,101,G35,G35,1.0,en_zh-TW_CLIENT-05_2020-12-20-256_doc0,41.18037635691578,82.12974157481993
en-ru,it,101,G4o,G4o,1.0,en_zh-TW_CLIENT-05_2020-12-20-256_doc0,46.89243888211724,85.18563412121567
en-ru,it,101,C3,C3,1.0,en_zh-TW_CLIENT-05_2020-12-20-256_doc0,49.735673561245434,83.25209073786517
en-ru,it,101,C35,C35,1.0,en_zh-TW_CLIENT-05_2020-12-20-256_doc0,54.52469119630863,84.94565298301227
en-ru,it,101,GP,GP,1.0,en_zh-TW_CLIENT-05_2020-12-20-256_doc0,48.326978309062206,62.011366339876076
en-ru,it,101,MEPRS,C35,1.0,en_zh-TW_CLIENT-05_2020-12-20-256_doc0,54.52469119630863,84.94565298301227
en-ru,it,104,G35,G35,1.0,en_fr_CLIENT-02_default_2020-12-27-11_doc03,19.070828081828378,53.617480137344906
en-ru,it,104,G4o,G4o,1.0,en_fr_CLIENT-02_default_2020-12-27-11_doc03,46.17366309441026,79.78519161380207
en-ru,it,104,C3,C3,1.0,en_fr_CLIENT-02_default_2020-12-27-11_doc03,100.0,100.0
en-ru,it,104,C35,C35,1.0,en_fr_CLIENT-02_default_2020-12-27-11_doc03,0.18447288202065065,69.70801762676003
en-ru,it,104,GP,GP,1.0,en_fr_CLIENT-02_default_2020-12-27-11_doc03,46.17366309441026,79.78519161380207
en-ru,it,104,MEPRS,C3,1.0,en_fr_CLIENT-02_default_2020-12-27-11_doc03,100.0,100.0
en-ru,it,107,G35,G35,1.0,ecommerce_en_8,22.04887282071633,66.05314895100996
en-ru,it,107,G4o,G4o,1.0,ecommerce_en_8,22.04887282071633,66.08473223861101
en-ru,it,107,C3,C3,1.0,ecommerce_en_8,62.981299923942416,80.18600130077073
en-ru,it,107,C35,C35,1.0,ecommerce_en_8,27.379285619165262,67.41273262945698
en-ru,it,107,GP,GP,1.0,ecommerce_en_8,70.8339753228812,81.25596915133933
en-ru,it,107,MEPRS,C3,1.0,ecommerce_en_8,62.981299923942416,80.18600130077073
en-ru,it,121,G35,G35,1.0,pa.10292,23.462350320528,48.930151454120306
en-ru,it,121,G4o,G4o,1.0,pa.10292,25.21193618434983,48.39928469799279
en-ru,it,121,C3,C3,1.0,pa.10292,33.16700344765874,55.65425340301649
en-ru,it,121,C35,C35,1.0,pa.10292,33.03164318013807,55.65425340301649
en-ru,it,121,GP,GP,1.0,pa.10292,19.674979811155634,43.66633308322332
en-ru,it,121,MEPRS,C3,1.0,pa.10292,33.16700344765874,55.65425340301649
en-ru,it,133,G35,G35,1.0,t1_hiyjod1,13.834368456410944,49.87478033407009
en-ru,it,133,G4o,G4o,1.0,t1_hiyjod1,16.261701715194892,50.11964985857372
en-ru,it,133,C3,C3,1.0,t1_hiyjod1,44.48286903173789,76.33746002418813
en-ru,it,133,C35,C35,1.0,t1_hiyjod1,17.68796183625973,49.40310218954165
en-ru,it,133,GP,GP,1.0,t1_hiyjod1,6.788872963786075e-10,1.1775402823115562
en-ru,it,133,MEPRS,C3,1.0,t1_hiyjod1,44.48286903173789,76.33746002418813
en-ru,it,137,G35,G35,1.0,t1_hoh4p6r,44.98062466836449,67.4281538732447
en-ru,it,137,G4o,G4o,1.0,t1_hoh4p6r,44.58830485477146,69.14607032504921
en-ru,it,137,C3,C3,1.0,t1_hoh4p6r,44.58830485477146,65.61777575094276
en-ru,it,137,C35,C35,1.0,t1_hoh4p6r,44.58830485477146,65.61777575094276
en-ru,it,137,GP,GP,1.0,t1_hoh4p6r,44.58830485477146,69.28933496718653
en-ru,it,137,MEPRS,G4o,1.0,t1_hoh4p6r,44.58830485477146,69.14607032504921
en-ru,it,144,G35,G35,1.0,en_de_CLIENT-01_default_2021-01-17-45_doc0,54.029495475303314,75.53460453216708
en-ru,it,144,G4o,G4o,1.0,en_de_CLIENT-01_default_2021-01-17-45_doc0,78.39800200378248,91.11722912036159
en-ru,it,144,C3,C3,1.0,en_de_CLIENT-01_default_2021-01-17-45_doc0,78.39800200378248,91.36361870789551
en-ru,it,144,C35,C35,1.0,en_de_CLIENT-01_default_2021-01-17-45_doc0,86.96989726356092,92.29233664666644
en-ru,it,144,GP,GP,1.0,en_de_CLIENT-01_default_2021-01-17-45_doc0,75.90598306198805,90.35310082790961
en-ru,it,144,MEPRS,C35,1.0,en_de_CLIENT-01_default_2021-01-17-45_doc0,86.96989726356092,92.29233664666644
en-ru,it,151,G35,G35,1.0,ecommerce_en_30,34.791594751284464,73.4449048182596
en-ru,it,151,G4o,G4o,1.0,ecommerce_en_30,34.791594751284464,73.4449048182596
en-ru,it,151,C3,C3,1.0,ecommerce_en_30,26.253019470824807,63.83981650326522
en-ru,it,151,C35,C35,1.0,ecommerce_en_30,28.701510322753986,71.8027277712529
en-ru,it,151,GP,GP,1.0,ecommerce_en_30,20.716865163126652,62.88395843491325
en-ru,it,151,MEPRS,C35,1.0,ecommerce_en_30,28.701510322753986,71.8027277712529
en-ru,it,154,G35,G35,0.9677,rt.com.18606,13.289872971952025,60.022863305228924
en-ru,it,154,G4o,G4o,0.9677,rt.com.18606,14.509639468016669,62.09259330862833
en-ru,it,154,C3,C3,0.9677,rt.com.18606,27.563694037511812,64.21109328097681
en-ru,it,154,C35,C35,0.9677,rt.com.18606,20.37403777399519,66.70719568309646
en-ru,it,154,GP,GP,0.9677,rt.com.18606,30.05355261931184,68.50708137101249
en-ru,it,154,MEPRS,C3,0.9677,rt.com.18606,27.563694037511812,64.21109328097681
en-ru,it,159,G35,G35,0.9231,en_fr_CLIENT-02_default_2020-12-20-16_doc08,14.377919100088189,37.05893746912985
en-ru,it,159,G4o,G4o,0.9231,en_fr_CLIENT-02_default_2020-12-20-16_doc08,32.523403430389784,54.970557188008286
en-ru,it,159,C3,C3,0.9231,en_fr_CLIENT-02_default_2020-12-20-16_doc08,22.95748846661433,37.04429549980053
en-ru,it,159,C35,C35,0.9231,en_fr_CLIENT-02_default_2020-12-20-16_doc08,44.17918226831577,54.63304791912717
en-ru,it,159,GP,GP,0.9231,en_fr_CLIENT-02_default_2020-12-20-16_doc08,15.31024544118244,55.03655631459484
en-ru,it,159,MEPRS,C3,0.9231,en_fr_CLIENT-02_default_2020-12-20-16_doc08,22.95748846661433,37.04429549980053
en-ru,it,162,G35,G35,0.9286,standard.co.uk.46814,26.220676436185975,51.20871910737657
en-ru,it,162,G4o,G4o,0.9286,standard.co.uk.46814,31.97842999788807,71.35068077865618
en-ru,it,162,C3,C3,0.9286,standard.co.uk.46814,53.12583871630396,81.21720931617047
en-ru,it,162,C35,C35,0.9286,standard.co.uk.46814,53.12583871630396,81.21720931617047
en-ru,it,162,GP,GP,0.9286,standard.co.uk.46814,42.0628882417221,85.66044369356963
en-ru,it,162,MEPRS,C35,0.9286,standard.co.uk.46814,53.12583871630396,81.21720931617047
en-ru,it,164,G35,G35,1.0,t1_hkc5no1,24.446151121745054,54.16050383629764
en-ru,it,164,G4o,G4o,1.0,t1_hkc5no1,24.446151121745054,54.16050383629764
en-ru,it,164,C3,C3,1.0,t1_hkc5no1,0.0031622776601683803,100.0
en-ru,it,164,C35,C35,1.0,t1_hkc5no1,0.0031622776601683803,100.0
en-ru,it,164,GP,GP,1.0,t1_hkc5no1,24.446151121745054,54.16050383629764
en-ru,it,164,MEPRS,C3,1.0,t1_hkc5no1,0.0031622776601683803,100.0
en-ru,it,175,G35,G35,1.0,en_fr_CLIENT-02_default_2020-12-27-11_doc03,19.96019880774733,45.517851545637235
en-ru,it,175,G4o,G4o,1.0,en_fr_CLIENT-02_default_2020-12-27-11_doc03,17.03318603763928,50.177296833643574
en-ru,it,175,C3,C3,1.0,en_fr_CLIENT-02_default_2020-12-27-11_doc03,27.776190340117914,62.06131385537168
en-ru,it,175,C35,C35,1.0,en_fr_CLIENT-02_default_2020-12-27-11_doc03,27.960682295094564,61.66423110250225
en-ru,it,175,GP,GP,1.0,en_fr_CLIENT-02_default_2020-12-27-11_doc03,19.96019880774733,45.517851545637235
en-ru,it,175,MEPRS,C3,1.0,en_fr_CLIENT-02_default_2020-12-27-11_doc03,27.776190340117914,62.06131385537168
en-ru,it,179,G35,G35,1.0,t3_qdm51k,21.14214171430308,57.213659131264855
en-ru,it,179,G4o,G4o,1.0,t3_qdm51k,76.18948947367412,83.44180525141844
en-ru,it,179,C3,C3,1.0,t3_qdm51k,100.0,100.0
en-ru,it,179,C35,C35,1.0,t3_qdm51k,100.0,100.0
en-ru,it,179,GP,GP,1.0,t3_qdm51k,44.28500142691474,75.14498015100548
en-ru,it,179,MEPRS,C35,1.0,t3_qdm51k,100.0,100.0
en-ru,it,180,G35,G35,1.0,en_fr_CLIENT-02_default_2020-12-27-11_doc03,19.070828081828378,55.58855967322787
en-ru,it,180,G4o,G4o,1.0,en_fr_CLIENT-02_default_2020-12-27-11_doc03,46.17366309441026,79.78519161380207
en-ru,it,180,C3,C3,1.0,en_fr_CLIENT-02_default_2020-12-27-11_doc03,68.03749333171201,89.6638581003906
en-ru,it,180,C35,C35,1.0,en_fr_CLIENT-02_default_2020-12-27-11_doc03,100.0,100.0
en-ru,it,180,GP,GP,1.0,en_fr_CLIENT-02_default_2020-12-27-11_doc03,12.35622127262679,53.14648033126294
en-ru,it,180,MEPRS,C35,1.0,en_fr_CLIENT-02_default_2020-12-27-11_doc03,100.0,100.0
en-ru,it,182,G35,G35,1.0,en_fr_CLIENT-02_default_2020-12-27-30_doc0,23.961829057131983,58.82864184266425
en-ru,it,182,G4o,G4o,1.0,en_fr_CLIENT-02_default_2020-12-27-30_doc0,34.98761149110956,62.24081272061786
en-ru,it,182,C3,C3,1.0,en_fr_CLIENT-02_default_2020-12-27-30_doc0,53.7284965911771,65.30719649805413
en-ru,it,182,C35,C35,1.0,en_fr_CLIENT-02_default_2020-12-27-30_doc0,42.728700639623405,63.199552514814194
en-ru,it,182,GP,GP,1.0,en_fr_CLIENT-02_default_2020-12-27-30_doc0,53.7284965911771,65.30719649805413
en-ru,it,182,MEPRS,C35,1.0,en_fr_CLIENT-02_default_2020-12-27-30_doc0,42.728700639623405,63.199552514814194
en-ru,it,185,G35,G35,1.0,express.co.uk.29378,0.0001660049311760983,1.6799612634590924
en-ru,it,185,G4o,G4o,1.0,express.co.uk.29378,27.854818257669674,66.17672818082468
en-ru,it,185,C3,C3,1.0,express.co.uk.29378,63.83874983756992,83.79681894637777
en-ru,it,185,C35,C35,1.0,express.co.uk.29378,63.83874983756992,83.79681894637777
en-ru,it,185,GP,GP,1.0,express.co.uk.29378,58.3899712825618,79.54051264563194
en-ru,it,185,MEPRS,C3,1.0,express.co.uk.29378,63.83874983756992,83.79681894637777
en-ru,it,186,G35,G35,1.0,t3_qxpw5l,0.009063562138594407,3.871794871794872
en-ru,it,186,G4o,G4o,1.0,t3_qxpw5l,43.27621739875602,27.43983388588505
en-ru,it,186,C3,C3,1.0,t3_qxpw5l,40.96777877652659,21.25205488423879
en-ru,it,186,C35,C35,1.0,t3_qxpw5l,40.96777877652659,27.523288016197352
en-ru,it,186,GP,GP,1.0,t3_qxpw5l,22.50265947708922,24.792634407927746
en-ru,it,186,MEPRS,C35,1.0,t3_qxpw5l,40.96777877652659,27.523288016197352
en-ru,it,189,G35,G35,1.0,en_fr_CLIENT-02_default_2020-12-27-11_doc09,43.5949382480739,67.26964701824282
en-ru,it,189,G4o,G4o,1.0,en_fr_CLIENT-02_default_2020-12-27-11_doc09,59.56403592718089,68.98858042040088
en-ru,it,189,C3,C3,1.0,en_fr_CLIENT-02_default_2020-12-27-11_doc09,82.42367502646054,94.26253287533272
en-ru,it,189,C35,C35,1.0,en_fr_CLIENT-02_default_2020-12-27-11_doc09,82.42367502646054,94.26253287533272
en-ru,it,189,GP,GP,1.0,en_fr_CLIENT-02_default_2020-12-27-11_doc09,12.212865548711086,36.365113582618356
en-ru,it,189,MEPRS,G35,1.0,en_fr_CLIENT-02_default_2020-12-27-11_doc09,43.5949382480739,67.26964701824282
en-ru,it,192,G35,G35,1.0,ecommerce_en_26,64.98516724937325,89.30024331871705
en-ru,it,192,G4o,G4o,1.0,ecommerce_en_26,40.109300880022666,69.9151135744764
en-ru,it,192,C3,C3,1.0,ecommerce_en_26,46.77357242838073,82.69731647723255
en-ru,it,192,C35,C35,1.0,ecommerce_en_26,46.77357242838073,78.79004038758066
en-ru,it,192,GP,GP,1.0,ecommerce_en_26,35.51832485624203,74.77674232826962
en-ru,it,192,MEPRS,C3,1.0,ecommerce_en_26,46.77357242838073,82.69731647723255
en-ru,it,196,G35,G35,1.0,ecommerce_en_41,26.760322756637912,66.05544855845389
en-ru,it,196,G4o,G4o,1.0,ecommerce_en_41,42.728700639623405,69.94417454935531
en-ru,it,196,C3,C3,1.0,ecommerce_en_41,22.089591134157885,64.94621651272992
en-ru,it,196,C35,C35,1.0,ecommerce_en_41,22.089591134157885,64.94621651272992
en-ru,it,196,GP,GP,1.0,ecommerce_en_41,17.03318603763928,47.26046629367025
en-ru,it,196,MEPRS,C3,1.0,ecommerce_en_41,22.089591134157885,64.94621651272992
en-ru,tear,3,G35,G35,1.0,ecommerce_en_24,35.87448820785564,61.53839572100916
en-ru,tear,3,G4o,G4o,1.0,ecommerce_en_24,62.04219920898481,73.28043284547742
en-ru,tear,3,C3,C3,1.0,ecommerce_en_24,44.78977591489488,57.470232440802135
en-ru,tear,3,C35,C35,1.0,ecommerce_en_24,52.521758905186964,65.3830923430307
en-ru,tear,3,GP,GP,1.0,ecommerce_en_24,44.78977591489488,58.32123951146875
en-ru,tear,3,MEPRS,G4o,1.0,ecommerce_en_24,62.04219920898481,73.28043284547742
en-ru,tear,5,G35,G35,1.0,en_fr_CLIENT-02_default_2021-01-10-21_doc0,16.036590969929357,12.850949266632817
en-ru,tear,5,G4o,G4o,1.0,en_fr_CLIENT-02_default_2021-01-10-21_doc0,14.113991930789776,13.282260847749455
en-ru,tear,5,C3,C3,1.0,en_fr_CLIENT-02_default_2021-01-10-21_doc0,18.5750579991336,13.47463768115942
en-ru,tear,5,C35,C35,1.0,en_fr_CLIENT-02_default_2021-01-10-21_doc0,14.113991930789776,13.282260847749455
en-ru,tear,5,GP,GP,1.0,en_fr_CLIENT-02_default_2021-01-10-21_doc0,6.809398432036522,10.399027035056449
en-ru,tear,5,MEPRS,G35,1.0,en_fr_CLIENT-02_default_2021-01-10-21_doc0,16.036590969929357,12.850949266632817
en-ru,tear,6,G35,G35,1.0,en_de_CLIENT-02_default_2021-02-07-7_doc0,25.98013194025897,33.51756206879803
en-ru,tear,6,G4o,G4o,1.0,en_de_CLIENT-02_default_2021-02-07-7_doc0,17.632778423526837,19.613757897570142
en-ru,tear,6,C3,C3,1.0,en_de_CLIENT-02_default_2021-02-07-7_doc0,18.947653508428854,37.46316937447053
en-ru,tear,6,C35,C35,1.0,en_de_CLIENT-02_default_2021-02-07-7_doc0,26.34029008230752,36.0881435210726
en-ru,tear,6,GP,GP,1.0,en_de_CLIENT-02_default_2021-02-07-7_doc0,22.831876136235007,30.28760541918437
en-ru,tear,6,MEPRS,G35,1.0,en_de_CLIENT-02_default_2021-02-07-7_doc0,25.98013194025897,33.51756206879803
en-ru,tear,8,G35,G35,1.0,ecommerce_en_52,28.051550320162942,48.64791852624207
en-ru,tear,8,G4o,G4o,1.0,ecommerce_en_52,29.66902146845811,52.173481355130214
en-ru,tear,8,C3,C3,1.0,ecommerce_en_52,28.051550320162942,47.802436496137396
en-ru,tear,8,C35,C35,1.0,ecommerce_en_52,28.051550320162942,47.802436496137396
en-ru,tear,8,GP,GP,1.0,ecommerce_en_52,29.359738279508402,51.0395677159033
en-ru,tear,8,MEPRS,GP,1.0,ecommerce_en_52,29.359738279508402,51.0395677159033
en-ru,tear,10,G35,G35,1.0,t3_q8vmve,30.21375397356768,32.15633457366847
en-ru,tear,10,G4o,G4o,1.0,t3_q8vmve,50.813274815461476,82.3703336647476
en-ru,tear,10,C3,C3,1.0,t3_q8vmve,50.813274815461476,82.3703336647476
en-ru,tear,10,C35,C35,1.0,t3_q8vmve,66.8740304976422,83.37409086441595
en-ru,tear,10,GP,GP,1.0,t3_q8vmve,0.0931074937843112,0.7473335084870699
en-ru,tear,10,MEPRS,C35,1.0,t3_q8vmve,66.8740304976422,83.37409086441595
en-ru,tear,19,G35,G35,0.9565,ecommerce_en_13,16.93251257829789,55.74675803263825
en-ru,tear,19,G4o,G4o,0.9565,ecommerce_en_13,21.157608525783196,64.42342525500128
en-ru,tear,19,C3,C3,0.9565,ecommerce_en_13,10.105385745342533,56.690055146250465
en-ru,tear,19,C35,C35,0.9565,ecommerce_en_13,11.554716243103428,58.41444823858573
en-ru,tear,19,GP,GP,0.9565,ecommerce_en_13,13.760933820806132,58.948315010241835
en-ru,tear,19,MEPRS,G4o,0.9565,ecommerce_en_13,21.157608525783196,64.42342525500128
en-ru,tear,22,G35,G35,1.0,en_fr_CLIENT-02_default_2021-01-10-26_doc0,54.49453495579753,60.49350703347209
en-ru,tear,22,G4o,G4o,1.0,en_fr_CLIENT-02_default_2021-01-10-26_doc0,46.86244765795395,57.40186277911647
en-ru,tear,22,C3,C3,1.0,en_fr_CLIENT-02_default_2021-01-10-26_doc0,54.45178846139404,72.59956115099449
en-ru,tear,22,C35,C35,1.0,en_fr_CLIENT-02_default_2021-01-10-26_doc0,54.49453495579753,60.49350703347209
en-ru,tear,22,GP,GP,1.0,en_fr_CLIENT-02_default_2021-01-10-26_doc0,54.49453495579753,60.49350703347209
en-ru,tear,22,MEPRS,G4o,1.0,en_fr_CLIENT-02_default_2021-01-10-26_doc0,46.86244765795395,57.40186277911647
en-ru,tear,24,G35,G35,1.0,t3_rdc3rj,22.48204208756835,38.593746482644825
en-ru,tear,24,G4o,G4o,1.0,t3_rdc3rj,18.67587389639562,21.88474946431033
en-ru,tear,24,C3,C3,1.0,t3_rdc3rj,21.632118787624222,38.21405854817323
en-ru,tear,24,C35,C35,1.0,t3_rdc3rj,20.958712452883564,37.67308027851192
en-ru,tear,24,GP,GP,1.0,t3_rdc3rj,15.53712569276035,19.44457994185117
en-ru,tear,24,MEPRS,C3,1.0,t3_rdc3rj,21.632118787624222,38.21405854817323
en-ru,tear,26,G35,G35,1.0,ecommerce_en_49,26.53856085536222,51.875794802854045
en-ru,tear,26,G4o,G4o,1.0,ecommerce_en_49,100.0,100.0
en-ru,tear,26,C3,C3,1.0,ecommerce_en_49,50.0,79.40706345424199
en-ru,tear,26,C35,C35,1.0,ecommerce_en_49,30.739407647563223,62.133223032610225
en-ru,tear,26,GP,GP,1.0,ecommerce_en_49,14.628063653657527,30.77074693182283
en-ru,tear,26,MEPRS,G4o,1.0,ecommerce_en_49,100.0,100.0
en-ru,tear,27,G35,G35,0.9667,independent.80454,38.41906830251733,72.29843887140284
en-ru,tear,27,G4o,G4o,0.9667,independent.80454,27.10917650413096,69.18693533684646
en-ru,tear,27,C3,C3,0.9667,independent.80454,28.4651281446665,70.32737112858888
en-ru,tear,27,C35,C35,0.9667,independent.80454,26.385612770745215,66.86850286259128
en-ru,tear,27,GP,GP,0.9667,independent.80454,25.86286649508135,62.296271128772325
en-ru,tear,27,MEPRS,C3,0.9667,independent.80454,28.4651281446665,70.32737112858888
en-ru,tear,29,G35,G35,1.0,en_fr_CLIENT-02_default_2020-12-27-14_doc04,7.913247271422609,38.838850685302496
en-ru,tear,29,G4o,G4o,1.0,en_fr_CLIENT-02_default_2020-12-27-14_doc04,0.1230079048417731,30.091525242552738
en-ru,tear,29,C3,C3,1.0,en_fr_CLIENT-02_default_2020-12-27-14_doc04,33.03164318013807,75.49802371541503
en-ru,tear,29,C35,C35,1.0,en_fr_CLIENT-02_default_2020-12-27-14_doc04,36.990337444913074,38.9955957982085
en-ru,tear,29,GP,GP,1.0,en_fr_CLIENT-02_default_2020-12-27-14_doc04,8.961672320242714,36.57904453670985
en-ru,tear,29,MEPRS,C3,1.0,en_fr_CLIENT-02_default_2020-12-27-14_doc04,33.03164318013807,75.49802371541503
en-ru,tear,33,G35,G35,1.0,rt.com.18606,14.323145079400494,52.36075068173656
en-ru,tear,33,G4o,G4o,1.0,rt.com.18606,17.827531042796256,44.90691562688601
en-ru,tear,33,C3,C3,1.0,rt.com.18606,17.851905035930724,49.721937797714496
en-ru,tear,33,C35,C35,1.0,rt.com.18606,16.481400866629635,50.318270772409704
en-ru,tear,33,GP,GP,1.0,rt.com.18606,15.464260451973763,57.72369369024769
en-ru,tear,33,MEPRS,G35,1.0,rt.com.18606,14.323145079400494,52.36075068173656
en-ru,tear,36,G35,G35,1.0,t1_ho5gymy,100.0,100.0
en-ru,tear,36,G4o,G4o,1.0,t1_ho5gymy,70.16879391277372,81.27008257587116
en-ru,tear,36,C3,C3,1.0,t1_ho5gymy,38.163309113713375,63.14048524181923
en-ru,tear,36,C35,C35,1.0,t1_ho5gymy,100.0,100.0
en-ru,tear,36,GP,GP,1.0,t1_ho5gymy,70.16879391277372,81.27008257587116
en-ru,tear,36,MEPRS,G35,1.0,t1_ho5gymy,100.0,100.0
en-ru,tear,40,G35,G35,1.0,t1_hnwfutv,12.273680279953824,48.51858483743688
en-ru,tear,40,G4o,G4o,1.0,t1_hnwfutv,20.31141229701443,56.18154397483921
en-ru,tear,40,C3,C3,1.0,t1_hnwfutv,15.553014371537456,55.396027035088395
en-ru,tear,40,C35,C35,1.0,t1_hnwfutv,38.67706276352344,74.5060465384283
en-ru,tear,40,GP,GP,1.0,t1_hnwfutv,10.878661088699644,37.643577160240376
en-ru,tear,40,MEPRS,C35,1.0,t1_hnwfutv,38.67706276352344,74.5060465384283
en-ru,tear,41,G35,G35,1.0,t3_r43jsw,39.78310279066883,78.0450631285429
en-ru,tear,41,G4o,G4o,1.0,t3_r43jsw,42.065509661355335,74.40262112948675
en-ru,tear,41,C3,C3,1.0,t3_r43jsw,36.099323166894386,65.88410531004402
en-ru,tear,41,C35,C35,1.0,t3_r43jsw,44.30679264615375,74.7335523762053
en-ru,tear,41,GP,GP,1.0,t3_r43jsw,34.90680648726609,60.26717113348002
en-ru,tear,41,MEPRS,C35,1.0,t3_r43jsw,44.30679264615375,74.7335523762053
en-ru,tear,42,G35,G35,1.0,t1_ho5gymy,53.7284965911771,79.99140403270171
en-ru,tear,42,G4o,G4o,1.0,t1_ho5gymy,30.21375397356768,43.08872572214465
en-ru,tear,42,C3,C3,1.0,t1_ho5gymy,30.21375397356768,49.34692990404748
en-ru,tear,42,C35,C35,1.0,t1_ho5gymy,100.0,100.0
en-ru,tear,42,GP,GP,1.0,t1_ho5gymy,30.21375397356768,49.34692990404748
en-ru,tear,42,MEPRS,C35,1.0,t1_ho5gymy,100.0,100.0
en-ru,tear,45,G35,G35,1.0,en_fr_CLIENT-02_default_2020-12-27-11_doc03,0.0005933361076010362,42.14131592808064
en-ru,tear,45,G4o,G4o,1.0,en_fr_CLIENT-02_default_2020-12-27-11_doc03,100.0,100.0
en-ru,tear,45,C3,C3,1.0,en_fr_CLIENT-02_default_2020-12-27-11_doc03,100.0,100.0
en-ru,tear,45,C35,C35,1.0,en_fr_CLIENT-02_default_2020-12-27-11_doc03,0.18447288202065065,69.70801762676003
en-ru,tear,45,GP,GP,1.0,en_fr_CLIENT-02_default_2020-12-27-11_doc03,100.0,100.0
en-ru,tear,45,MEPRS,GP,1.0,en_fr_CLIENT-02_default_2020-12-27-11_doc03,100.0,100.0
en-ru,tear,47,G35,G35,1.0,ecommerce_en_27,31.23939936920256,52.04972417225023
en-ru,tear,47,G4o,G4o,1.0,ecommerce_en_27,27.776190340117914,61.81598233039446
en-ru,tear,47,C3,C3,1.0,ecommerce_en_27,31.23939936920256,66.17567696451641
en-ru,tear,47,C35,C35,1.0,ecommerce_en_27,24.446151121745054,35.633501072143005
en-ru,tear,47,GP,GP,1.0,ecommerce_en_27,70.71067811865474,93.08555689218115
en-ru,tear,47,MEPRS,C3,1.0,ecommerce_en_27,31.23939936920256,66.17567696451641
en-ru,tear,52,G35,G35,1.0,t1_hmpp3wk,42.61082723917017,62.77892090266917
en-ru,tear,52,G4o,G4o,1.0,t1_hmpp3wk,52.8993443482769,61.897959134105314
en-ru,tear,52,C3,C3,1.0,t1_hmpp3wk,16.417223692914014,47.008458661008824
en-ru,tear,52,C35,C35,1.0,t1_hmpp3wk,53.31675363405771,67.06515340447889
en-ru,tear,52,GP,GP,1.0,t1_hmpp3wk,14.710052131359536,43.07472224023815
en-ru,tear,52,MEPRS,C3,1.0,t1_hmpp3wk,16.417223692914014,47.008458661008824
en-ru,tear,55,G35,G35,1.0,t1_hiyjod1,72.01585366033397,87.47148628607368
en-ru,tear,55,G4o,G4o,1.0,t1_hiyjod1,80.50549558968083,87.01108094118995
en-ru,tear,55,C3,C3,1.0,t1_hiyjod1,76.50639813704503,84.6673967662115
en-ru,tear,55,C35,C35,1.0,t1_hiyjod1,68.02082681031864,82.2229674769723
en-ru,tear,55,GP,GP,1.0,t1_hiyjod1,14.394983108492307,46.11999825302093
en-ru,tear,55,MEPRS,G35,1.0,t1_hiyjod1,72.01585366033397,87.47148628607368
en-ru,tear,66,G35,G35,1.0,t1_h6c5bhv,43.74811431224644,63.341014808156835
en-ru,tear,66,G4o,G4o,1.0,t1_h6c5bhv,69.97522298221912,72.9457655140247
en-ru,tear,66,C3,C3,1.0,t1_h6c5bhv,37.67471803151817,60.57240701345372
en-ru,tear,66,C35,C35,1.0,t1_h6c5bhv,61.626070997295855,65.80777122221782
en-ru,tear,66,GP,GP,1.0,t1_h6c5bhv,34.579137592374956,53.4755911948566
en-ru,tear,66,MEPRS,G4o,1.0,t1_h6c5bhv,69.97522298221912,72.9457655140247
en-ru,tear,69,G35,G35,0.9524,en_de_CLIENT-01_default_2021-01-10-57_doc0,24.458749915387724,48.36049932324415
en-ru,tear,69,G4o,G4o,0.9524,en_de_CLIENT-01_default_2021-01-10-57_doc0,26.598871140611724,62.81219239018699
en-ru,tear,69,C3,C3,0.9524,en_de_CLIENT-01_default_2021-01-10-57_doc0,25.312245791949685,55.945232811041905
en-ru,tear,69,C35,C35,0.9524,en_de_CLIENT-01_default_2021-01-10-57_doc0,23.938844062762364,52.4254228158536
en-ru,tear,69,GP,GP,0.9524,en_de_CLIENT-01_default_2021-01-10-57_doc0,27.500743522704845,59.92770849021593
en-ru,tear,69,MEPRS,G35,0.9524,en_de_CLIENT-01_default_2021-01-10-57_doc0,24.458749915387724,48.36049932324415
en-ru,tear,75,G35,G35,0.9268,express.co.uk.29378,11.71291646655074,39.88772713116679
en-ru,tear,75,G4o,G4o,0.9268,express.co.uk.29378,8.085298080223222,36.358903586669975
en-ru,tear,75,C3,C3,0.9268,express.co.uk.29378,47.410093877936305,70.76744350932667
en-ru,tear,75,C35,C35,0.9268,express.co.uk.29378,51.418425571746994,74.69839799321244
en-ru,tear,75,GP,GP,0.9268,express.co.uk.29378,15.112039211450066,28.337383338118226
en-ru,tear,75,MEPRS,C35,0.9268,express.co.uk.29378,51.418425571746994,74.69839799321244
en-ru,tear,79,G35,G35,1.0,guardian.44781,48.549177170732335,87.36807460252858
en-ru,tear,79,G4o,G4o,1.0,guardian.44781,49.47385908818387,81.00473750891403
en-ru,tear,79,C3,C3,1.0,guardian.44781,100.0,100.0
en-ru,tear,79,C35,C35,1.0,guardian.44781,100.0,100.0
en-ru,tear,79,GP,GP,1.0,guardian.44781,81.87307530779819,86.46816941033403
en-ru,tear,79,MEPRS,C3,1.0,guardian.44781,100.0,100.0
en-ru,tear,84,G35,G35,1.0,en_zh-TW_CLIENT-05_2020-12-20-268_doc0,100.0,100.0
en-ru,tear,84,G4o,G4o,1.0,en_zh-TW_CLIENT-05_2020-12-20-268_doc0,70.71067811865474,90.3844809997182
en-ru,tear,84,C3,C3,1.0,en_zh-TW_CLIENT-05_2020-12-20-268_doc0,42.969435238201484,73.13552885398984
en-ru,tear,84,C35,C35,1.0,en_zh-TW_CLIENT-05_2020-12-20-268_doc0,66.06328636027614,75.15241447959005
en-ru,tear,84,GP,GP,1.0,en_zh-TW_CLIENT-05_2020-12-20-268_doc0,88.01117367933934,84.51489874930512
en-ru,tear,84,MEPRS,G35,1.0,en_zh-TW_CLIENT-05_2020-12-20-268_doc0,100.0,100.0
en-ru,tear,87,G35,G35,0.9394,guardian.44758,25.377107541251164,58.033439848985815
en-ru,tear,87,G4o,G4o,0.9394,guardian.44758,26.938876512662617,60.87016277078087
en-ru,tear,87,C3,C3,0.9394,guardian.44758,34.00135874482914,60.194143350664014
en-ru,tear,87,C35,C35,0.9394,guardian.44758,29.747041119017165,58.754604447430125
en-ru,tear,87,GP,GP,0.9394,guardian.44758,28.14991553857761,57.11588044922136
en-ru,tear,87,MEPRS,G35,0.9394,guardian.44758,25.377107541251164,58.033439848985815
en-ru,tear,89,G35,G35,1.0,cnn.81799,39.1080327529236,67.05808428052588
en-ru,tear,89,G4o,G4o,1.0,cnn.81799,53.770033921456296,70.98211788698426
en-ru,tear,89,C3,C3,1.0,cnn.81799,48.45766087853281,68.51383489496247
en-ru,tear,89,C35,C35,1.0,cnn.81799,53.09354663044073,67.17550696335566
en-ru,tear,89,GP,GP,1.0,cnn.81799,51.08636942731495,69.80171782973838
en-ru,tear,89,MEPRS,C35,1.0,cnn.81799,53.09354663044073,67.17550696335566
en-ru,tear,94,G35,G35,0.94,en_fr_CLIENT-02_default_2020-12-27-71_doc07,18.885888592159468,40.08299020908852
en-ru,tear,94,G4o,G4o,0.94,en_fr_CLIENT-02_default_2020-12-27-71_doc07,28.729491522452538,47.100377377017985
en-ru,tear,94,C3,C3,0.94,en_fr_CLIENT-02_default_2020-12-27-71_doc07,44.83386700384459,68.65072166307606
en-ru,tear,94,C35,C35,0.94,en_fr_CLIENT-02_default_2020-12-27-71_doc07,28.729491522452538,47.100377377017985
en-ru,tear,94,GP,GP,0.94,en_fr_CLIENT-02_default_2020-12-27-71_doc07,44.83386700384459,68.65072166307606
en-ru,tear,94,MEPRS,C35,0.94,en_fr_CLIENT-02_default_2020-12-27-71_doc07,28.729491522452538,47.100377377017985
en-ru,tear,96,G35,G35,1.0,en_fr_CLIENT-02_default_2020-12-27-14_doc0,47.28708045015878,73.40306339801027
en-ru,tear,96,G4o,G4o,1.0,en_fr_CLIENT-02_default_2020-12-27-14_doc0,47.28708045015878,73.40306339801027
en-ru,tear,96,C3,C3,1.0,en_fr_CLIENT-02_default_2020-12-27-14_doc0,39.76353643835253,61.47654204521556
en-ru,tear,96,C35,C35,1.0,en_fr_CLIENT-02_default_2020-12-27-14_doc0,0.39763536438352537,74.15964525097651
en-ru,tear,96,GP,GP,1.0,en_fr_CLIENT-02_default_2020-12-27-14_doc0,30.21375397356768,60.93195368599499
en-ru,tear,96,MEPRS,G4o,1.0,en_fr_CLIENT-02_default_2020-12-27-14_doc0,47.28708045015878,73.40306339801027
en-ru,tear,98,G35,G35,1.0,en_fr_CLIENT-02_default_2020-12-27-14_doc0,29.502343631964045,63.97672468858962
en-ru,tear,98,G4o,G4o,1.0,en_fr_CLIENT-02_default_2020-12-27-14_doc0,80.85785995823291,79.90615238629987
en-ru,tear,98,C3,C3,1.0,en_fr_CLIENT-02_default_2020-12-27-14_doc0,28.789615415027633,63.52862980291996
en-ru,tear,98,C35,C35,1.0,en_fr_CLIENT-02_default_2020-12-27-14_doc0,29.502343631964045,63.97672468858962
en-ru,tear,98,GP,GP,1.0,en_fr_CLIENT-02_default_2020-12-27-14_doc0,20.255986027125637,59.96791964073936
en-ru,tear,98,MEPRS,G4o,1.0,en_fr_CLIENT-02_default_2020-12-27-14_doc0,80.85785995823291,79.90615238629987
en-ru,tear,101,G35,G35,1.0,en_zh-TW_CLIENT-05_2020-12-20-256_doc0,59.230330720232494,88.54181596846153
en-ru,tear,101,G4o,G4o,1.0,en_zh-TW_CLIENT-05_2020-12-20-256_doc0,82.65168183793801,91.99888312848121
en-ru,tear,101,C3,C3,1.0,en_zh-TW_CLIENT-05_2020-12-20-256_doc0,49.735673561245434,80.66458862717742
en-ru,tear,101,C35,C35,1.0,en_zh-TW_CLIENT-05_2020-12-20-256_doc0,82.65168183793801,91.99888312848121
en-ru,tear,101,GP,GP,1.0,en_zh-TW_CLIENT-05_2020-12-20-256_doc0,59.230330720232494,88.54181596846153
en-ru,tear,101,MEPRS,G4o,1.0,en_zh-TW_CLIENT-05_2020-12-20-256_doc0,82.65168183793801,91.99888312848121
en-ru,tear,104,G35,G35,1.0,en_fr_CLIENT-02_default_2020-12-27-11_doc03,0.18447288202065065,69.70801762676003
en-ru,tear,104,G4o,G4o,1.0,en_fr_CLIENT-02_default_2020-12-27-11_doc03,100.0,100.0
en-ru,tear,104,C3,C3,1.0,en_fr_CLIENT-02_default_2020-12-27-11_doc03,100.0,100.0
en-ru,tear,104,C35,C35,1.0,en_fr_CLIENT-02_default_2020-12-27-11_doc03,0.18447288202065065,69.70801762676003
en-ru,tear,104,GP,GP,1.0,en_fr_CLIENT-02_default_2020-12-27-11_doc03,100.0,100.0
en-ru,tear,104,MEPRS,C3,1.0,en_fr_CLIENT-02_default_2020-12-27-11_doc03,100.0,100.0
en-ru,tear,107,G35,G35,1.0,ecommerce_en_8,27.400779283791568,62.76622024415857
en-ru,tear,107,G4o,G4o,1.0,ecommerce_en_8,27.379285619165262,67.41273262945698
en-ru,tear,107,C3,C3,1.0,ecommerce_en_8,53.12583871630396,85.36036851724248
en-ru,tear,107,C35,C35,1.0,ecommerce_en_8,27.379285619165262,67.41273262945698
en-ru,tear,107,GP,GP,1.0,ecommerce_en_8,85.5526185871245,90.17761352073454
en-ru,tear,107,MEPRS,GP,1.0,ecommerce_en_8,85.5526185871245,90.17761352073454
en-ru,tear,121,G35,G35,1.0,pa.10292,33.03164318013807,55.65425340301649
en-ru,tear,121,G4o,G4o,1.0,pa.10292,35.49481056010053,55.65425340301649
en-ru,tear,121,C3,C3,1.0,pa.10292,31.68917438308293,52.74070365484142
en-ru,tear,121,C35,C35,1.0,pa.10292,31.55984539112945,51.771711406779396
en-ru,tear,121,GP,GP,1.0,pa.10292,31.55984539112945,52.74070365484142
en-ru,tear,121,MEPRS,G4o,1.0,pa.10292,35.49481056010053,55.65425340301649
en-ru,tear,133,G35,G35,1.0,t1_hiyjod1,17.68796183625973,51.68610098158194
en-ru,tear,133,G4o,G4o,1.0,t1_hiyjod1,44.48286903173789,76.33746002418813
en-ru,tear,133,C3,C3,1.0,t1_hiyjod1,44.48286903173789,76.03427709255908
en-ru,tear,133,C35,C35,1.0,t1_hiyjod1,17.68796183625973,49.40310218954165
en-ru,tear,133,GP,GP,1.0,t1_hiyjod1,6.788872963786075e-10,1.1775402823115562
en-ru,tear,133,MEPRS,G4o,1.0,t1_hiyjod1,44.48286903173789,76.33746002418813
en-ru,tear,137,G35,G35,1.0,t1_hoh4p6r,44.58830485477146,68.88903797609271
en-ru,tear,137,G4o,G4o,1.0,t1_hoh4p6r,42.899782770979115,65.4785686470067
en-ru,tear,137,C3,C3,1.0,t1_hoh4p6r,44.58830485477146,68.88903797609271
en-ru,tear,137,C35,C35,1.0,t1_hoh4p6r,44.58830485477146,65.92195884404414
en-ru,tear,137,GP,GP,1.0,t1_hoh4p6r,40.051071695431894,65.19792727039523
en-ru,tear,137,MEPRS,G4o,1.0,t1_hoh4p6r,42.899782770979115,65.4785686470067
en-ru,tear,144,G35,G35,1.0,en_de_CLIENT-01_default_2021-01-17-45_doc0,72.38602777420688,87.27943460944947
en-ru,tear,144,G4o,G4o,1.0,en_de_CLIENT-01_default_2021-01-17-45_doc0,75.02253275393993,87.67291708678954
en-ru,tear,144,C3,C3,1.0,en_de_CLIENT-01_default_2021-01-17-45_doc0,86.96398662122881,92.16583298040747
en-ru,tear,144,C35,C35,1.0,en_de_CLIENT-01_default_2021-01-17-45_doc0,75.02253275393993,87.67291708678954
en-ru,tear,144,GP,GP,1.0,en_de_CLIENT-01_default_2021-01-17-45_doc0,86.96398662122881,92.16583298040747
en-ru,tear,144,MEPRS,C35,1.0,en_de_CLIENT-01_default_2021-01-17-45_doc0,75.02253275393993,87.67291708678954
en-ru,tear,151,G35,G35,1.0,ecommerce_en_30,32.39454232489392,74.54163519853479
en-ru,tear,151,G4o,G4o,1.0,ecommerce_en_30,32.39454232489392,74.54163519853479
en-ru,tear,151,C3,C3,1.0,ecommerce_en_30,34.56590393223134,83.0614650870099
en-ru,tear,151,C35,C35,1.0,ecommerce_en_30,28.701510322753986,71.8027277712529
en-ru,tear,151,GP,GP,1.0,ecommerce_en_30,61.02169202557912,81.49732212160227
en-ru,tear,151,MEPRS,C3,1.0,ecommerce_en_30,34.56590393223134,83.0614650870099
en-ru,tear,154,G35,G35,0.9677,rt.com.18606,11.969177020885217,59.29012814896294
en-ru,tear,154,G4o,G4o,0.9677,rt.com.18606,14.171936781537678,61.43513395905637
en-ru,tear,154,C3,C3,0.9677,rt.com.18606,30.309648328255445,67.71987466363193
en-ru,tear,154,C35,C35,0.9677,rt.com.18606,30.309648328255445,67.71987466363193
en-ru,tear,154,GP,GP,0.9677,rt.com.18606,32.28138168796069,68.3179841287807
en-ru,tear,154,MEPRS,G35,0.9677,rt.com.18606,11.969177020885217,59.29012814896294
en-ru,tear,159,G35,G35,0.9231,en_fr_CLIENT-02_default_2020-12-20-16_doc08,26.26909894424158,50.831736893056465
en-ru,tear,159,G4o,G4o,0.9231,en_fr_CLIENT-02_default_2020-12-20-16_doc08,44.17918226831577,54.63304791912717
en-ru,tear,159,C3,C3,0.9231,en_fr_CLIENT-02_default_2020-12-20-16_doc08,22.95748846661433,37.04429549980053
en-ru,tear,159,C35,C35,0.9231,en_fr_CLIENT-02_default_2020-12-20-16_doc08,18.527972555830953,39.075001088050364
en-ru,tear,159,GP,GP,0.9231,en_fr_CLIENT-02_default_2020-12-20-16_doc08,23.462350320528,56.87956580368867
en-ru,tear,159,MEPRS,G35,0.9231,en_fr_CLIENT-02_default_2020-12-20-16_doc08,26.26909894424158,50.831736893056465
en-ru,tear,162,G35,G35,0.9286,standard.co.uk.46814,30.14896054317117,51.39374670625321
en-ru,tear,162,G4o,G4o,0.9286,standard.co.uk.46814,18.207052811092133,52.63282261541932
en-ru,tear,162,C3,C3,0.9286,standard.co.uk.46814,36.180820304487185,64.21664986516464
en-ru,tear,162,C35,C35,0.9286,standard.co.uk.46814,53.12583871630396,81.21720931617047
en-ru,tear,162,GP,GP,0.9286,standard.co.uk.46814,37.946257796638555,84.02341738420954
en-ru,tear,162,MEPRS,C35,0.9286,standard.co.uk.46814,53.12583871630396,81.21720931617047
en-ru,tear,164,G35,G35,1.0,t1_hkc5no1,0.0031622776601683803,100.0
en-ru,tear,164,G4o,G4o,1.0,t1_hkc5no1,0.0031622776601683803,100.0
en-ru,tear,164,C3,C3,1.0,t1_hkc5no1,0.0031622776601683803,100.0
en-ru,tear,164,C35,C35,1.0,t1_hkc5no1,6.541924356118014e-06,82.98250893265306
en-ru,tear,164,GP,GP,1.0,t1_hkc5no1,0.0031622776601683803,100.0
en-ru,tear,164,MEPRS,GP,1.0,t1_hkc5no1,0.0031622776601683803,100.0
en-ru,tear,175,G35,G35,1.0,en_fr_CLIENT-02_default_2020-12-27-11_doc03,27.365701285770772,62.87107026887338
en-ru,tear,175,G4o,G4o,1.0,en_fr_CLIENT-02_default_2020-12-27-11_doc03,27.960682295094564,55.70990023790617
en-ru,tear,175,C3,C3,1.0,en_fr_CLIENT-02_default_2020-12-27-11_doc03,38.260294162784476,82.10016701256968
en-ru,tear,175,C35,C35,1.0,en_fr_CLIENT-02_default_2020-12-27-11_doc03,27.776190340117914,62.06131385537168
en-ru,tear,175,GP,GP,1.0,en_fr_CLIENT-02_default_2020-12-27-11_doc03,23.9802967618271,58.56085989890468
en-ru,tear,175,MEPRS,C3,1.0,en_fr_CLIENT-02_default_2020-12-27-11_doc03,38.260294162784476,82.10016701256968
en-ru,tear,179,G35,G35,1.0,t3_qdm51k,29.150322793751425,53.942363371862776
en-ru,tear,179,G4o,G4o,1.0,t3_qdm51k,58.143073696821936,73.72909605423743
en-ru,tear,179,C3,C3,1.0,t3_qdm51k,100.0,100.0
en-ru,tear,179,C35,C35,1.0,t3_qdm51k,100.0,100.0
en-ru,tear,179,GP,GP,1.0,t3_qdm51k,100.0,100.0
en-ru,tear,179,MEPRS,C35,1.0,t3_qdm51k,100.0,100.0
en-ru,tear,180,G35,G35,1.0,en_fr_CLIENT-02_default_2020-12-27-11_doc03,0.18447288202065065,69.70801762676003
en-ru,tear,180,G4o,G4o,1.0,en_fr_CLIENT-02_default_2020-12-27-11_doc03,100.0,100.0
en-ru,tear,180,C3,C3,1.0,en_fr_CLIENT-02_default_2020-12-27-11_doc03,100.0,100.0
en-ru,tear,180,C35,C35,1.0,en_fr_CLIENT-02_default_2020-12-27-11_doc03,0.18447288202065065,69.70801762676003
en-ru,tear,180,GP,GP,1.0,en_fr_CLIENT-02_default_2020-12-27-11_doc03,58.739490946992134,87.84972323376155
en-ru,tear,180,MEPRS,C3,1.0,en_fr_CLIENT-02_default_2020-12-27-11_doc03,100.0,100.0
en-ru,tear,182,G35,G35,1.0,en_fr_CLIENT-02_default_2020-12-27-30_doc0,33.18077402843942,61.18543143145377
en-ru,tear,182,G4o,G4o,1.0,en_fr_CLIENT-02_default_2020-12-27-30_doc0,34.48444257953326,66.01471073367317
en-ru,tear,182,C3,C3,1.0,en_fr_CLIENT-02_default_2020-12-27-30_doc0,47.987820666906636,69.71698732666992
en-ru,tear,182,C35,C35,1.0,en_fr_CLIENT-02_default_2020-12-27-30_doc0,42.728700639623405,63.199552514814194
en-ru,tear,182,GP,GP,1.0,en_fr_CLIENT-02_default_2020-12-27-30_doc0,38.163309113713375,62.97299716149377
en-ru,tear,182,MEPRS,C3,1.0,en_fr_CLIENT-02_default_2020-12-27-30_doc0,47.987820666906636,69.71698732666992
en-ru,tear,185,G35,G35,1.0,express.co.uk.29378,29.94444686615303,62.2088868644228
en-ru,tear,185,G4o,G4o,1.0,express.co.uk.29378,27.703938290867807,67.35992012785876
en-ru,tear,185,C3,C3,1.0,express.co.uk.29378,48.16860447610121,75.42956798140496
en-ru,tear,185,C35,C35,1.0,express.co.uk.29378,63.83874983756992,83.79681894637777
en-ru,tear,185,GP,GP,1.0,express.co.uk.29378,44.7371938447156,74.11949554423128
en-ru,tear,185,MEPRS,C35,1.0,express.co.uk.29378,63.83874983756992,83.79681894637777
en-ru,tear,186,G35,G35,1.0,t3_qxpw5l,40.96777877652659,27.523288016197352
en-ru,tear,186,G4o,G4o,1.0,t3_qxpw5l,47.580159443336534,46.97800086662866
en-ru,tear,186,C3,C3,1.0,t3_qxpw5l,40.96777877652659,21.25205488423879
en-ru,tear,186,C35,C35,1.0,t3_qxpw5l,40.96777877652659,27.523288016197352
en-ru,tear,186,GP,GP,1.0,t3_qxpw5l,40.96777877652659,21.25205488423879
en-ru,tear,186,MEPRS,G35,1.0,t3_qxpw5l,40.96777877652659,27.523288016197352
en-ru,tear,189,G35,G35,1.0,en_fr_CLIENT-02_default_2020-12-27-11_doc09,61.153805769010226,73.4761717872892
en-ru,tear,189,G4o,G4o,1.0,en_fr_CLIENT-02_default_2020-12-27-11_doc09,34.07806467081348,58.71753273428132
en-ru,tear,189,C3,C3,1.0,en_fr_CLIENT-02_default_2020-12-27-11_doc09,48.415247130346,83.59341711469854
en-ru,tear,189,C35,C35,1.0,en_fr_CLIENT-02_default_2020-12-27-11_doc09,82.42367502646054,94.26253287533272
en-ru,tear,189,GP,GP,1.0,en_fr_CLIENT-02_default_2020-12-27-11_doc09,1.908177381906114,11.616471209682219
en-ru,tear,189,MEPRS,C3,1.0,en_fr_CLIENT-02_default_2020-12-27-11_doc09,48.415247130346,83.59341711469854
en-ru,tear,192,G35,G35,1.0,ecommerce_en_26,59.635843213583364,84.0470322553751
en-ru,tear,192,G4o,G4o,1.0,ecommerce_en_26,40.109300880022666,69.80957810183673
en-ru,tear,192,C3,C3,1.0,ecommerce_en_26,37.467730855250416,61.29132580264835
en-ru,tear,192,C35,C35,1.0,ecommerce_en_26,46.77357242838073,83.10512936217957
en-ru,tear,192,GP,GP,1.0,ecommerce_en_26,35.51832485624203,73.78475488841572
en-ru,tear,192,MEPRS,G4o,1.0,ecommerce_en_26,40.109300880022666,69.80957810183673
en-ru,tear,196,G35,G35,1.0,ecommerce_en_41,42.728700639623405,69.94417454935531
en-ru,tear,196,G4o,G4o,1.0,ecommerce_en_41,24.384183193426086,66.16253337760871
en-ru,tear,196,C3,C3,1.0,ecommerce_en_41,24.384183193426086,66.4115054786334
en-ru,tear,196,C35,C35,1.0,ecommerce_en_41,22.089591134157885,64.94621651272992
en-ru,tear,196,GP,GP,1.0,ecommerce_en_41,48.549177170732335,71.89295793646158
en-ru,tear,196,MEPRS,G35,1.0,ecommerce_en_41,42.728700639623405,69.94417454935531
en-zh,it,0,G35,G35,0.9492,apparel-3-zh_0075255-118,13.674406678232568,27.074667762679756
en-zh,it,0,G4o,G4o,0.9492,apparel-3-zh_0075255-118,12.273680279953824,26.50031198339182
en-zh,it,0,C3,C3,0.9492,apparel-3-zh_0075255-118,9.147827112247601,27.468104872515102
en-zh,it,0,C35,C35,0.9492,apparel-3-zh_0075255-118,12.977836824680315,25.698780732011482
en-zh,it,0,GP,GP,0.9492,apparel-3-zh_0075255-118,11.633270842295028,25.160402996923874
en-zh,it,0,MEPRS,G4o,0.9492,apparel-3-zh_0075255-118,12.273680279953824,26.50031198339182
en-zh,it,1,G35,G35,1.0,sports-1-zh_0749906-157,22.089591134157885,10.449350067234423
en-zh,it,1,G4o,G4o,1.0,sports-1-zh_0749906-157,0.0008839449202722574,12.660197901161757
en-zh,it,1,C3,C3,1.0,sports-1-zh_0749906-157,0.0008839449202722574,9.530497592295342
en-zh,it,1,C35,C35,1.0,sports-1-zh_0749906-157,0.0008839449202722574,19.53983061148288
en-zh,it,1,GP,GP,1.0,sports-1-zh_0749906-157,6.429451441231726,9.496638127585799
en-zh,it,1,MEPRS,G4o,1.0,sports-1-zh_0749906-157,0.0008839449202722574,12.660197901161757
en-zh,it,6,G35,G35,1.0,rfi-chinese.19798,22.089591134157885,33.10480940009224
en-zh,it,6,G4o,G4o,1.0,rfi-chinese.19798,0.0024028114141347564,36.478984510593705
en-zh,it,6,C3,C3,1.0,rfi-chinese.19798,0.0024028114141347564,54.62506273819656
en-zh,it,6,C35,C35,1.0,rfi-chinese.19798,0.0024028114141347564,37.10640943310778
en-zh,it,6,GP,GP,1.0,rfi-chinese.19798,10.390302174233558,29.86706149661813
en-zh,it,6,MEPRS,C3,1.0,rfi-chinese.19798,0.0024028114141347564,54.62506273819656
en-zh,it,15,G35,G35,0.9444,hunan_ribao-zh.11306,14.85237584394808,17.68576543791391
en-zh,it,15,G4o,G4o,0.9444,hunan_ribao-zh.11306,15.7044754112095,16.741839650509288
en-zh,it,15,C3,C3,0.9444,hunan_ribao-zh.11306,16.959011078459053,30.08848945174097
en-zh,it,15,C35,C35,0.9444,hunan_ribao-zh.11306,16.959011078459053,25.07480240927205
en-zh,it,15,GP,GP,0.9444,hunan_ribao-zh.11306,12.03921753741131,22.194847296588353
en-zh,it,15,MEPRS,C3,0.9444,hunan_ribao-zh.11306,16.959011078459053,30.08848945174097
en-zh,it,22,G35,G35,1.0,other-3-zh_0328063-185,14.991106946711685,31.35172010867228
en-zh,it,22,G4o,G4o,1.0,other-3-zh_0328063-185,26.26909894424158,39.93316767171977
en-zh,it,22,C3,C3,1.0,other-3-zh_0328063-185,26.26909894424158,35.42072702546775
en-zh,it,22,C35,C35,1.0,other-3-zh_0328063-185,26.26909894424158,39.06629726846976
en-zh,it,22,GP,GP,1.0,other-3-zh_0328063-185,9.147827112247601,29.41267059156208
en-zh,it,22,MEPRS,C3,1.0,other-3-zh_0328063-185,26.26909894424158,35.42072702546775
en-zh,it,25,G35,G35,0.9474,office_product-2-zh_0543012-62,21.105340631872636,24.14983164983165
en-zh,it,25,G4o,G4o,0.9474,office_product-2-zh_0543012-62,0.2540663740773074,19.087707546786827
en-zh,it,25,C3,C3,0.9474,office_product-2-zh_0543012-62,30.21375397356768,19.84985913557342
en-zh,it,25,C35,C35,0.9474,office_product-2-zh_0543012-62,0.30213753973567675,18.52122463824592
en-zh,it,25,GP,GP,0.9474,office_product-2-zh_0543012-62,9.507244120026236,15.619553376906318
en-zh,it,25,MEPRS,C3,0.9474,office_product-2-zh_0543012-62,30.21375397356768,19.84985913557342
en-zh,it,34,G35,G35,0.9383,home-1-zh_0279080-154,12.090340630072074,22.53541215014691
en-zh,it,34,G4o,G4o,0.9383,home-1-zh_0279080-154,11.575135351846036,32.25595587954503
en-zh,it,34,C3,C3,0.9383,home-1-zh_0279080-154,6.809398432036522,24.75056103641859
en-zh,it,34,C35,C35,0.9383,home-1-zh_0279080-154,12.029921003317645,28.13924731708622
en-zh,it,34,GP,GP,0.9383,home-1-zh_0279080-154,7.832899330004498,23.679829372180993
en-zh,it,34,MEPRS,G4o,0.9383,home-1-zh_0279080-154,11.575135351846036,32.25595587954503
en-zh,it,35,G35,G35,1.0,chinanews.com.280781,35.93041119630843,8.262063140111922
en-zh,it,35,G4o,G4o,1.0,chinanews.com.280781,35.93041119630843,8.262063140111922
en-zh,it,35,C3,C3,1.0,chinanews.com.280781,0.0024028114141347564,11.047979797979798
en-zh,it,35,C35,C35,1.0,chinanews.com.280781,0.0024028114141347564,11.047979797979798
en-zh,it,35,GP,GP,1.0,chinanews.com.280781,10.390302174233558,9.057723129665163
en-zh,it,35,MEPRS,C35,1.0,chinanews.com.280781,0.0024028114141347564,11.047979797979798
en-zh,it,37,G35,G35,1.0,automotive-3-zh_0544945-98,16.036590969929357,3.333333333333334
en-zh,it,37,G4o,G4o,1.0,automotive-3-zh_0544945-98,35.93041119630843,4.065040650406504
en-zh,it,37,C3,C3,1.0,automotive-3-zh_0544945-98,35.93041119630843,3.968253968253968
en-zh,it,37,C35,C35,1.0,automotive-3-zh_0544945-98,35.93041119630843,4.065040650406504
en-zh,it,37,GP,GP,1.0,automotive-3-zh_0544945-98,35.93041119630843,3.787878787878787
en-zh,it,37,MEPRS,G4o,1.0,automotive-3-zh_0544945-98,35.93041119630843,4.065040650406504
en-zh,it,43,G35,G35,0.9362,personal_care_appliances-4-zh_0788270-92,24.446151121745054,15.054697554697553
en-zh,it,43,G4o,G4o,0.9362,personal_care_appliances-4-zh_0788270-92,24.1178039884613,12.84931960622666
en-zh,it,43,C3,C3,0.9362,personal_care_appliances-4-zh_0788270-92,24.1178039884613,12.280569933978938
en-zh,it,43,C35,C35,0.9362,personal_care_appliances-4-zh_0788270-92,24.1178039884613,13.423290146922044
en-zh,it,43,GP,GP,0.9362,personal_care_appliances-4-zh_0788270-92,9.147827112247601,13.828150220231862
en-zh,it,43,MEPRS,G4o,0.9362,personal_care_appliances-4-zh_0788270-92,24.1178039884613,12.84931960622666
en-zh,it,45,G35,G35,1.0,rfi-chinese.19812,22.95748846661433,22.804414860827592
en-zh,it,45,G4o,G4o,1.0,rfi-chinese.19812,0.2540663740773074,21.355145094047433
en-zh,it,45,C3,C3,1.0,rfi-chinese.19812,1.4953487812212207e-05,26.77371129752082
en-zh,it,45,C35,C35,1.0,rfi-chinese.19812,1.4953487812212207e-05,30.340582680580184
en-zh,it,45,GP,GP,1.0,rfi-chinese.19812,22.95748846661433,23.179875679875682
en-zh,it,45,MEPRS,C3,1.0,rfi-chinese.19812,1.4953487812212207e-05,26.77371129752082
en-zh,it,46,G35,G35,0.9206,electronics-2-zh_0978438-79,13.065113298388567,18.833587138491126
en-zh,it,46,G4o,G4o,0.9206,electronics-2-zh_0978438-79,15.851165692617156,14.912099374252358
en-zh,it,46,C3,C3,0.9206,electronics-2-zh_0978438-79,12.605968092174912,17.38809162598313
en-zh,it,46,C35,C35,0.9206,electronics-2-zh_0978438-79,15.851165692617156,15.61689976524522
en-zh,it,46,GP,GP,0.9206,electronics-2-zh_0978438-79,15.851165692617156,19.300118276555583
en-zh,it,46,MEPRS,GP,0.9206,electronics-2-zh_0978438-79,15.851165692617156,19.300118276555583
en-zh,it,47,G35,G35,1.0,watch-2-zh_0475429-74,16.036590969929357,9.074463118580764
en-zh,it,47,G4o,G4o,1.0,watch-2-zh_0475429-74,22.089591134157885,9.785870158210583
en-zh,it,47,C3,C3,1.0,watch-2-zh_0475429-74,30.21375397356768,8.882428940568476
en-zh,it,47,C35,C35,1.0,watch-2-zh_0475429-74,35.93041119630843,10.849375211077339
en-zh,it,47,GP,GP,1.0,watch-2-zh_0475429-74,8.839374326825924,6.319444444444443
en-zh,it,47,MEPRS,C35,1.0,watch-2-zh_0475429-74,35.93041119630843,10.849375211077339
en-zh,it,50,G35,G35,1.0,personal_care_appliances-5-zh_0172161-51,17.747405280050263,21.209902217953616
en-zh,it,50,G4o,G4o,1.0,personal_care_appliances-5-zh_0172161-51,0.0008839449202722574,16.91866053568181
en-zh,it,50,C3,C3,1.0,personal_care_appliances-5-zh_0172161-51,39.76353643835253,20.711247045872692
en-zh,it,50,C35,C35,1.0,personal_care_appliances-5-zh_0172161-51,39.76353643835253,21.15503977206105
en-zh,it,50,GP,GP,1.0,personal_care_appliances-5-zh_0172161-51,8.513012360883545,9.81975225036621
en-zh,it,50,MEPRS,C35,1.0,personal_care_appliances-5-zh_0172161-51,39.76353643835253,21.15503977206105
en-zh,it,53,G35,G35,1.0,grocery-3-zh_0192439-140,22.95748846661433,14.42760942760943
en-zh,it,53,G4o,G4o,1.0,grocery-3-zh_0192439-140,30.21375397356768,15.316096433117709
en-zh,it,53,C3,C3,1.0,grocery-3-zh_0192439-140,1.4953487812212207e-05,29.284984878834294
en-zh,it,53,C35,C35,1.0,grocery-3-zh_0192439-140,1.4953487812212207e-05,17.470346804917323
en-zh,it,53,GP,GP,1.0,grocery-3-zh_0192439-140,9.578464408619825,10.915221771028044
en-zh,it,53,MEPRS,C3,1.0,grocery-3-zh_0192439-140,1.4953487812212207e-05,29.284984878834294
en-zh,it,55,G35,G35,0.9565,pc-3-zh_0475867-158,22.089591134157885,42.051878294949425
en-zh,it,55,G4o,G4o,0.9565,pc-3-zh_0475867-158,0.0024028114141347564,30.08467704667107
en-zh,it,55,C3,C3,0.9565,pc-3-zh_0475867-158,0.30213753973567675,47.63976763976765
en-zh,it,55,C35,C35,0.9565,pc-3-zh_0475867-158,0.0024028114141347564,47.23902620282063
en-zh,it,55,GP,GP,0.9565,pc-3-zh_0475867-158,0.0024028114141347564,30.08467704667107
en-zh,it,55,MEPRS,C3,0.9565,pc-3-zh_0475867-158,0.30213753973567675,47.63976763976765
en-zh,it,58,G35,G35,0.9333,gb-0,31.314224813827344,21.92920273067632
en-zh,it,58,G4o,G4o,0.9333,gb-0,32.82518529729175,24.197676379344955
en-zh,it,58,C3,C3,0.9333,gb-0,24.76980256562108,41.52430617266298
en-zh,it,58,C35,C35,0.9333,gb-0,44.710186192584196,25.37787411225139
en-zh,it,58,GP,GP,0.9333,gb-0,21.84971203531728,22.0772889174269
en-zh,it,58,MEPRS,C3,0.9333,gb-0,24.76980256562108,41.52430617266298
en-zh,it,70,G35,G35,1.0,rfi-chinese.19800,19.33853138176172,51.57560402983744
en-zh,it,70,G4o,G4o,1.0,rfi-chinese.19800,17.747405280050263,43.36186202285273
en-zh,it,70,C3,C3,1.0,rfi-chinese.19800,16.036590969929357,32.15631175383498
en-zh,it,70,C35,C35,1.0,rfi-chinese.19800,39.76353643835253,49.75201847298671
en-zh,it,70,GP,GP,1.0,rfi-chinese.19800,7.444903200446294e-07,0.9689922480620154
en-zh,it,70,MEPRS,C35,1.0,rfi-chinese.19800,39.76353643835253,49.75201847298671
en-zh,it,76,G35,G35,1.0,baby_product-3-zh_0705149-120,22.089591134157885,9.487319832147419
en-zh,it,76,G4o,G4o,1.0,baby_product-3-zh_0705149-120,22.089591134157885,17.760525427999195
en-zh,it,76,C3,C3,1.0,baby_product-3-zh_0705149-120,0.0024028114141347564,19.499129618177236
en-zh,it,76,C35,C35,1.0,baby_product-3-zh_0705149-120,0.0024028114141347564,12.660619803476948
en-zh,it,76,GP,GP,1.0,baby_product-3-zh_0705149-120,0.0024028114141347564,12.660619803476948
en-zh,it,76,MEPRS,C35,1.0,baby_product-3-zh_0705149-120,0.0024028114141347564,12.660619803476948
en-zh,it,78,G35,G35,1.0,wdr-3,14.991106946711685,28.613438232597943
en-zh,it,78,G4o,G4o,1.0,wdr-3,15.7044754112095,28.4668308728594
en-zh,it,78,C3,C3,1.0,wdr-3,12.551072480361713,16.26840748770761
en-zh,it,78,C35,C35,1.0,wdr-3,13.487005099534617,23.181967272400655
en-zh,it,78,GP,GP,1.0,wdr-3,1.845407001317659e-09,0.5446623093681918
en-zh,it,78,MEPRS,C35,1.0,wdr-3,13.487005099534617,23.181967272400655
en-zh,it,80,G35,G35,1.0,toy-5-zh_0723212-60,16.036590969929357,12.388888888888888
en-zh,it,80,G4o,G4o,1.0,toy-5-zh_0723212-60,22.089591134157885,15.50934413857158
en-zh,it,80,C3,C3,1.0,toy-5-zh_0723212-60,22.089591134157885,16.745463280764614
en-zh,it,80,C35,C35,1.0,toy-5-zh_0723212-60,22.089591134157885,13.950626960222642
en-zh,it,80,GP,GP,1.0,toy-5-zh_0723212-60,8.225964699966553,11.379566888502751
en-zh,it,80,MEPRS,G4o,1.0,toy-5-zh_0723212-60,22.089591134157885,15.50934413857158
en-zh,it,83,G35,G35,1.0,office_product-4-zh_0292700-89,18.850319022747353,24.89117397163946
en-zh,it,83,G4o,G4o,1.0,office_product-4-zh_0292700-89,18.850319022747353,25.930448336230697
en-zh,it,83,C3,C3,1.0,office_product-4-zh_0292700-89,29.847458960098226,32.799264825859815
en-zh,it,83,C35,C35,1.0,office_product-4-zh_0292700-89,19.070828081828378,26.219249474657897
en-zh,it,83,GP,GP,1.0,office_product-4-zh_0292700-89,8.282282660969601,17.26401595071346
en-zh,it,83,MEPRS,C35,1.0,office_product-4-zh_0292700-89,19.070828081828378,26.219249474657897
en-zh,it,84,G35,G35,1.0,apparel-3-zh_0075255-118,22.089591134157885,6.319210399614829
en-zh,it,84,G4o,G4o,1.0,apparel-3-zh_0075255-118,35.93041119630843,6.727786900200694
en-zh,it,84,C3,C3,1.0,apparel-3-zh_0075255-118,0.0008839449202722574,14.804886172924915
en-zh,it,84,C35,C35,1.0,apparel-3-zh_0075255-118,0.0008839449202722574,8.318696330991413
en-zh,it,84,GP,GP,1.0,apparel-3-zh_0075255-118,22.089591134157885,7.340730676328502
en-zh,it,84,MEPRS,C3,1.0,apparel-3-zh_0075255-118,0.0008839449202722574,14.804886172924915
en-zh,it,93,G35,G35,0.96,international_times-zh.9295,17.747405280050263,36.68331453109758
en-zh,it,93,G4o,G4o,0.96,international_times-zh.9295,39.76353643835253,39.52497191482905
en-zh,it,93,C3,C3,0.96,international_times-zh.9295,35.93041119630843,33.055261121244776
en-zh,it,93,C35,C35,0.96,international_times-zh.9295,39.76353643835253,34.438834789327025
en-zh,it,93,GP,GP,0.96,international_times-zh.9295,39.76353643835253,31.955462290169418
en-zh,it,93,MEPRS,C35,0.96,international_times-zh.9295,39.76353643835253,34.438834789327025
en-zh,it,94,G35,G35,0.9818,rfi-chinese.19798,13.065113298388567,38.519077371792555
en-zh,it,94,G4o,G4o,0.9818,rfi-chinese.19798,12.977836824680315,43.05131227637525
en-zh,it,94,C3,C3,0.9818,rfi-chinese.19798,9.726684100532912,31.219872653759907
en-zh,it,94,C35,C35,0.9818,rfi-chinese.19798,12.230657747975581,34.319776161713555
en-zh,it,94,GP,GP,0.9818,rfi-chinese.19798,12.011055432195764,46.02835753013526
en-zh,it,94,MEPRS,G35,0.9818,rfi-chinese.19798,13.065113298388567,38.519077371792555
en-zh,it,102,G35,G35,1.0,vietnam_plus-zh.14206,22.089591134157885,33.063629218717814
en-zh,it,102,G4o,G4o,1.0,vietnam_plus-zh.14206,0.0024028114141347564,40.096601847173936
en-zh,it,102,C3,C3,1.0,vietnam_plus-zh.14206,0.0024028114141347564,47.77816588262589
en-zh,it,102,C35,C35,1.0,vietnam_plus-zh.14206,0.0024028114141347564,28.16762343936257
en-zh,it,102,GP,GP,1.0,vietnam_plus-zh.14206,7.692375026049747,26.526595812648946
en-zh,it,102,MEPRS,G4o,1.0,vietnam_plus-zh.14206,0.0024028114141347564,40.096601847173936
en-zh,it,104,G35,G35,0.9474,other-5-zh_0055587-107,22.089591134157885,20.932744499459435
en-zh,it,104,G4o,G4o,0.9474,other-5-zh_0055587-107,0.0008839449202722574,23.648806301981452
en-zh,it,104,C3,C3,0.9474,other-5-zh_0055587-107,0.0008839449202722574,19.25653594771242
en-zh,it,104,C35,C35,0.9474,other-5-zh_0055587-107,0.0008839449202722574,25.729070854491543
en-zh,it,104,GP,GP,0.9474,other-5-zh_0055587-107,9.78237574896145,12.933496843676336
en-zh,it,104,MEPRS,G4o,0.9474,other-5-zh_0055587-107,0.0008839449202722574,23.648806301981452
en-zh,it,113,G35,G35,1.0,rfi-chinese.19813,18.822631894109964,51.15097010913413
en-zh,it,113,G4o,G4o,1.0,rfi-chinese.19813,18.822631894109964,33.31557927556421
en-zh,it,113,C3,C3,1.0,rfi-chinese.19813,17.51643270174889,31.176220834976267
en-zh,it,113,C35,C35,1.0,rfi-chinese.19813,18.822631894109964,33.31557927556421
en-zh,it,113,GP,GP,1.0,rfi-chinese.19813,61.04735835807844,65.97513383449784
en-zh,it,113,MEPRS,GP,1.0,rfi-chinese.19813,61.04735835807844,65.97513383449784
en-zh,it,114,G35,G35,0.9259,digital_ebook_purchase-1-zh_0999275-194,14.323145079400494,23.715223675823946
en-zh,it,114,G4o,G4o,0.9259,digital_ebook_purchase-1-zh_0999275-194,22.71870978054232,44.839826756058244
en-zh,it,114,C3,C3,0.9259,digital_ebook_purchase-1-zh_0999275-194,2.827041762122738,12.247968707481752
en-zh,it,114,C35,C35,0.9259,digital_ebook_purchase-1-zh_0999275-194,15.019394384099988,25.884140034451686
en-zh,it,114,GP,GP,0.9259,digital_ebook_purchase-1-zh_0999275-194,12.586347848916265,39.18456668018414
en-zh,it,114,MEPRS,C35,0.9259,digital_ebook_purchase-1-zh_0999275-194,15.019394384099988,25.884140034451686
en-zh,it,116,G35,G35,0.9655,gb-4,22.089591134157885,5.538093099835354
en-zh,it,116,G4o,G4o,0.9655,gb-4,35.93041119630843,4.478169554505432
en-zh,it,116,C3,C3,0.9655,gb-4,0.0008839449202722574,4.620067983305366
en-zh,it,116,C35,C35,0.9655,gb-4,0.0008839449202722574,4.620067983305366
en-zh,it,116,GP,GP,0.9655,gb-4,13.950796967929136,15.121191744380148
en-zh,it,116,MEPRS,C35,0.9655,gb-4,0.0008839449202722574,4.620067983305366
en-zh,it,125,G35,G35,0.9545,chinanews.com.280883,12.962472880491877,49.21034689178361
en-zh,it,125,G4o,G4o,0.9545,chinanews.com.280883,8.899891914341412,46.94626082639794
en-zh,it,125,C3,C3,0.9545,chinanews.com.280883,7.913247271422609,41.37053041327594
en-zh,it,125,C35,C35,0.9545,chinanews.com.280883,14.23071532720465,53.86378654139011
en-zh,it,125,GP,GP,0.9545,chinanews.com.280883,11.902001907030836,59.986333993047275
en-zh,it,125,MEPRS,C35,0.9545,chinanews.com.280883,14.23071532720465,53.86378654139011
en-zh,it,137,G35,G35,0.9412,pc-3-zh_0475867-158,15.851165692617156,17.50806869869771
en-zh,it,137,G4o,G4o,0.9412,pc-3-zh_0475867-158,19.070828081828378,19.01690862837642
en-zh,it,137,C3,C3,0.9412,pc-3-zh_0475867-158,13.309610652103345,21.326043716685938
en-zh,it,137,C35,C35,0.9412,pc-3-zh_0475867-158,18.822631894109964,21.76122588870175
en-zh,it,137,GP,GP,0.9412,pc-3-zh_0475867-158,7.681104116622755,15.393043887207414
en-zh,it,137,MEPRS,C3,0.9412,pc-3-zh_0475867-158,13.309610652103345,21.326043716685938
en-zh,it,140,G35,G35,1.0,sports-1-zh_0749906-157,16.036590969929357,10.965856717590704
en-zh,it,140,G4o,G4o,1.0,sports-1-zh_0749906-157,35.93041119630843,12.291760892507162
en-zh,it,140,C3,C3,1.0,sports-1-zh_0749906-157,18.5750579991336,8.262063140111922
en-zh,it,140,C35,C35,1.0,sports-1-zh_0749906-157,35.93041119630843,12.291760892507162
en-zh,it,140,GP,GP,1.0,sports-1-zh_0749906-157,16.036590969929357,9.996864469528688
en-zh,it,140,MEPRS,C35,1.0,sports-1-zh_0749906-157,35.93041119630843,12.291760892507162
en-zh,it,145,G35,G35,1.0,xm-2,18.5750579991336,4.166666666666667
en-zh,it,145,G4o,G4o,1.0,xm-2,13.485111859503684,3.4722222222222228
en-zh,it,145,C3,C3,1.0,xm-2,11.868405219520975,0.0
en-zh,it,145,C35,C35,1.0,xm-2,1.9806835695592742,0.0
en-zh,it,145,GP,GP,1.0,xm-2,12.605968092174912,6.220506220506221
en-zh,it,145,MEPRS,C35,1.0,xm-2,1.9806835695592742,0.0
en-zh,it,147,G35,G35,0.9688,chinanews.com.280744,19.070828081828378,35.81674307978863
en-zh,it,147,G4o,G4o,0.9688,chinanews.com.280744,18.822631894109964,36.95353650337456
en-zh,it,147,C3,C3,0.9688,chinanews.com.280744,17.747405280050263,36.56790799434087
en-zh,it,147,C35,C35,0.9688,chinanews.com.280744,18.822631894109964,36.95353650337456
en-zh,it,147,GP,GP,0.9688,chinanews.com.280744,20.164945583740668,37.97683628770762
en-zh,it,147,MEPRS,C35,0.9688,chinanews.com.280744,18.822631894109964,36.95353650337456
en-zh,it,148,G35,G35,1.0,chinanews.com.280802,32.37722713145643,33.651557404577865
en-zh,it,148,G4o,G4o,1.0,chinanews.com.280802,37.59663529467017,34.9235367316599
en-zh,it,148,C3,C3,1.0,chinanews.com.280802,37.59663529467017,37.957432231909145
en-zh,it,148,C35,C35,1.0,chinanews.com.280802,37.59663529467017,40.22355241080467
en-zh,it,148,GP,GP,1.0,chinanews.com.280802,37.59663529467017,35.608267305223315
en-zh,it,148,MEPRS,C35,1.0,chinanews.com.280802,37.59663529467017,40.22355241080467
en-zh,it,149,G35,G35,1.0,drugstore-1-zh_0633884-136,22.089591134157885,7.190034016817678
en-zh,it,149,G4o,G4o,1.0,drugstore-1-zh_0633884-136,39.76353643835253,8.641302619573539
en-zh,it,149,C3,C3,1.0,drugstore-1-zh_0633884-136,35.93041119630843,8.481240981240981
en-zh,it,149,C35,C35,1.0,drugstore-1-zh_0633884-136,39.76353643835253,8.481240981240981
en-zh,it,149,GP,GP,1.0,drugstore-1-zh_0633884-136,9.78237574896145,7.1295482843236515
en-zh,it,149,MEPRS,C3,1.0,drugstore-1-zh_0633884-136,35.93041119630843,8.481240981240981
en-zh,it,150,G35,G35,1.0,automotive-5-zh_0526086-87,14.991106946711685,14.333218667583992
en-zh,it,150,G4o,G4o,1.0,automotive-5-zh_0526086-87,24.446151121745054,15.998131274209063
en-zh,it,150,C3,C3,1.0,automotive-5-zh_0526086-87,22.089591134157885,9.987745098039214
en-zh,it,150,C35,C35,1.0,automotive-5-zh_0526086-87,24.446151121745054,11.793866819098106
en-zh,it,150,GP,GP,1.0,automotive-5-zh_0526086-87,9.147827112247601,10.046141211457947
en-zh,it,150,MEPRS,G4o,1.0,automotive-5-zh_0526086-87,24.446151121745054,15.998131274209063
en-zh,it,157,G35,G35,1.0,sports-5-zh_0041815-69,22.089591134157885,15.904509952128999
en-zh,it,157,G4o,G4o,1.0,sports-5-zh_0041815-69,0.0024028114141347564,54.39016134120981
en-zh,it,157,C3,C3,1.0,sports-5-zh_0041815-69,0.0024028114141347564,13.425925925925926
en-zh,it,157,C35,C35,1.0,sports-5-zh_0041815-69,0.0024028114141347564,57.72704855255298
en-zh,it,157,GP,GP,1.0,sports-5-zh_0041815-69,12.605968092174912,36.070408142806805
en-zh,it,157,MEPRS,C35,1.0,sports-5-zh_0041815-69,0.0024028114141347564,57.72704855255298
en-zh,it,173,G35,G35,0.9231,automotive-3-zh_0544945-98,17.747405280050263,26.44312403220449
en-zh,it,173,G4o,G4o,0.9231,automotive-3-zh_0544945-98,24.446151121745054,15.542868629431844
en-zh,it,173,C3,C3,0.9231,automotive-3-zh_0544945-98,22.089591134157885,22.664358415685758
en-zh,it,173,C35,C35,0.9231,automotive-3-zh_0544945-98,24.446151121745054,13.849345639355773
en-zh,it,173,GP,GP,0.9231,automotive-3-zh_0544945-98,9.147827112247601,13.90565062277281
en-zh,it,173,MEPRS,C3,0.9231,automotive-3-zh_0544945-98,22.089591134157885,22.664358415685758
en-zh,it,183,G35,G35,0.963,gb-0,8.097785064266203,31.127543037933354
en-zh,it,183,G4o,G4o,0.963,gb-0,6.5866569676440045,32.53059023661955
en-zh,it,183,C3,C3,0.963,gb-0,11.077392465195485,38.07592280896551
en-zh,it,183,C35,C35,0.963,gb-0,7.899414209772944,26.142598586946434
en-zh,it,183,GP,GP,0.963,gb-0,7.261813302549417,27.14444169069489
en-zh,it,183,MEPRS,C35,0.963,gb-0,7.899414209772944,26.142598586946434
en-zh,it,184,G35,G35,0.9655,automotive-5-zh_0526086-87,24.446151121745054,14.184940644046636
en-zh,it,184,G4o,G4o,0.9655,automotive-5-zh_0526086-87,39.76353643835253,18.633806454363278
en-zh,it,184,C3,C3,0.9655,automotive-5-zh_0526086-87,35.93041119630843,30.627577824429746
en-zh,it,184,C35,C35,0.9655,automotive-5-zh_0526086-87,39.76353643835253,22.398520811833503
en-zh,it,184,GP,GP,0.9655,automotive-5-zh_0526086-87,7.444903200446294e-07,1.0683760683760684
en-zh,it,184,MEPRS,C3,0.9655,automotive-5-zh_0526086-87,35.93041119630843,30.627577824429746
en-zh,it,185,G35,G35,1.0,rfi-chinese.19801,27.901593935858273,65.73411808153239
en-zh,it,185,G4o,G4o,1.0,rfi-chinese.19801,48.8923022434901,70.34241780470508
en-zh,it,185,C3,C3,1.0,rfi-chinese.19801,31.23939936920256,58.70672314286616
en-zh,it,185,C35,C35,1.0,rfi-chinese.19801,48.8923022434901,70.34241780470508
en-zh,it,185,GP,GP,1.0,rfi-chinese.19801,48.8923022434901,71.42848221858408
en-zh,it,185,MEPRS,GP,1.0,rfi-chinese.19801,48.8923022434901,71.42848221858408
en-zh,it,187,G35,G35,0.95,gb-1,13.950796967929136,38.82816385062855
en-zh,it,187,G4o,G4o,0.95,gb-1,24.446151121745054,33.87570954722054
en-zh,it,187,C3,C3,0.95,gb-1,24.446151121745054,22.35881935299258
en-zh,it,187,C35,C35,0.95,gb-1,24.446151121745054,39.22727550853981
en-zh,it,187,GP,GP,0.95,gb-1,7.5358381287705365,31.87970146202188
en-zh,it,187,MEPRS,C35,0.95,gb-1,24.446151121745054,39.22727550853981
en-zh,it,192,G35,G35,1.0,home-1-zh_0279080-154,27.301208627090666,14.724310776942358
en-zh,it,192,G4o,G4o,1.0,home-1-zh_0279080-154,27.301208627090666,15.669515669515668
en-zh,it,192,C3,C3,1.0,home-1-zh_0279080-154,1.4953487812212207e-05,0.0
en-zh,it,192,C35,C35,1.0,home-1-zh_0279080-154,1.778279410038924e-05,100.0
en-zh,it,192,GP,GP,1.0,home-1-zh_0279080-154,1.4953487812212207e-05,0.0
en-zh,it,192,MEPRS,C35,1.0,home-1-zh_0279080-154,1.778279410038924e-05,100.0
en-zh,it,193,G35,G35,1.0,office_product-1-zh_0442334-116,15.851165692617156,31.66312283692716
en-zh,it,193,G4o,G4o,1.0,office_product-1-zh_0442334-116,20.164945583740668,37.803521590681314
en-zh,it,193,C3,C3,1.0,office_product-1-zh_0442334-116,20.164945583740668,38.406683395536994
en-zh,it,193,C35,C35,1.0,office_product-1-zh_0442334-116,20.164945583740668,33.790916410481636
en-zh,it,193,GP,GP,1.0,office_product-1-zh_0442334-116,20.164945583740668,32.030699450728534
en-zh,it,193,MEPRS,C35,1.0,office_product-1-zh_0442334-116,20.164945583740668,33.790916410481636
en-zh,it,194,G35,G35,0.9286,baby_product-1-zh_0634793-239,14.991106946711685,10.185185185185182
en-zh,it,194,G4o,G4o,0.9286,baby_product-1-zh_0634793-239,14.991106946711685,11.443494776828109
en-zh,it,194,C3,C3,0.9286,baby_product-1-zh_0634793-239,8.737167851715876,8.164301891819877
en-zh,it,194,C35,C35,0.9286,baby_product-1-zh_0634793-239,14.628187563941415,7.329791420700512
en-zh,it,194,GP,GP,0.9286,baby_product-1-zh_0634793-239,9.672649511413093,10.76764290063876
en-zh,it,194,MEPRS,C35,0.9286,baby_product-1-zh_0634793-239,14.628187563941415,7.329791420700512
en-zh,it,197,G35,G35,0.9697,jingji_guancha_bao-zh-01.22009,1.211852320310306e-09,0.39968025579536365
en-zh,it,197,G4o,G4o,0.9697,jingji_guancha_bao-zh-01.22009,29.72702291042787,55.33124283124288
en-zh,it,197,C3,C3,0.9697,jingji_guancha_bao-zh-01.22009,18.9601993850735,33.34727844793451
en-zh,it,197,C35,C35,0.9697,jingji_guancha_bao-zh-01.22009,35.435685940056224,64.48552362273465
en-zh,it,197,GP,GP,0.9697,jingji_guancha_bao-zh-01.22009,14.278239474968709,42.36884972160965
en-zh,it,197,MEPRS,C35,0.9697,jingji_guancha_bao-zh-01.22009,35.435685940056224,64.48552362273465
en-zh,tear,0,G35,G35,0.9492,apparel-3-zh_0075255-118,12.977836824680315,28.532200769364405
en-zh,tear,0,G4o,G4o,0.9492,apparel-3-zh_0075255-118,12.977836824680315,26.73839233959104
en-zh,tear,0,C3,C3,0.9492,apparel-3-zh_0075255-118,10.320893749383377,23.086306864451828
en-zh,tear,0,C35,C35,0.9492,apparel-3-zh_0075255-118,12.977836824680315,20.440491738859148
en-zh,tear,0,GP,GP,0.9492,apparel-3-zh_0075255-118,12.273680279953824,23.101586199962536
en-zh,tear,0,MEPRS,G35,0.9492,apparel-3-zh_0075255-118,12.977836824680315,28.532200769364405
en-zh,tear,1,G35,G35,1.0,sports-1-zh_0749906-157,0.0008839449202722574,9.530497592295342
en-zh,tear,1,G4o,G4o,1.0,sports-1-zh_0749906-157,0.0008839449202722574,7.4324899906295245
en-zh,tear,1,C3,C3,1.0,sports-1-zh_0749906-157,0.0008839449202722574,9.530497592295342
en-zh,tear,1,C35,C35,1.0,sports-1-zh_0749906-157,0.0008839449202722574,9.422657952069716
en-zh,tear,1,GP,GP,1.0,sports-1-zh_0749906-157,0.0008839449202722574,10.836012412967838
en-zh,tear,1,MEPRS,G35,1.0,sports-1-zh_0749906-157,0.0008839449202722574,9.530497592295342
en-zh,tear,6,G35,G35,1.0,rfi-chinese.19798,0.0024028114141347564,33.52907563049829
en-zh,tear,6,G4o,G4o,1.0,rfi-chinese.19798,0.0024028114141347564,35.95266154897761
en-zh,tear,6,C3,C3,1.0,rfi-chinese.19798,0.0024028114141347564,40.28619656949808
en-zh,tear,6,C35,C35,1.0,rfi-chinese.19798,0.0024028114141347564,31.015987628558644
en-zh,tear,6,GP,GP,1.0,rfi-chinese.19798,0.0024028114141347564,37.07422260583181
en-zh,tear,6,MEPRS,G4o,1.0,rfi-chinese.19798,0.0024028114141347564,35.95266154897761
en-zh,tear,15,G35,G35,0.9444,hunan_ribao-zh.11306,13.487005099534617,17.643309044608216
en-zh,tear,15,G4o,G4o,0.9444,hunan_ribao-zh.11306,15.7044754112095,16.967272246550536
en-zh,tear,15,C3,C3,0.9444,hunan_ribao-zh.11306,16.959011078459053,25.39531522978487
en-zh,tear,15,C35,C35,0.9444,hunan_ribao-zh.11306,16.959011078459053,26.91592212067354
en-zh,tear,15,GP,GP,0.9444,hunan_ribao-zh.11306,16.959011078459053,25.37705082746901
en-zh,tear,15,MEPRS,GP,0.9444,hunan_ribao-zh.11306,16.959011078459053,25.37705082746901
en-zh,tear,22,G35,G35,1.0,other-3-zh_0328063-185,26.26909894424158,33.37505278751025
en-zh,tear,22,G4o,G4o,1.0,other-3-zh_0328063-185,33.03164318013807,33.04144152994728
en-zh,tear,22,C3,C3,1.0,other-3-zh_0328063-185,26.26909894424158,28.082119349360728
en-zh,tear,22,C35,C35,1.0,other-3-zh_0328063-185,26.26909894424158,39.06629726846976
en-zh,tear,22,GP,GP,1.0,other-3-zh_0328063-185,14.991106946711685,31.233928331234413
en-zh,tear,22,MEPRS,C3,1.0,other-3-zh_0328063-185,26.26909894424158,28.082119349360728
en-zh,tear,25,G35,G35,0.9474,office_product-2-zh_0543012-62,35.93041119630843,15.63723757442178
en-zh,tear,25,G4o,G4o,0.9474,office_product-2-zh_0543012-62,2.023734508440975e-06,21.574074074074073
en-zh,tear,25,C3,C3,0.9474,office_product-2-zh_0543012-62,2.023734508440975e-06,21.11533903062816
en-zh,tear,25,C35,C35,0.9474,office_product-2-zh_0543012-62,2.023734508440975e-06,21.574074074074073
en-zh,tear,25,GP,GP,0.9474,office_product-2-zh_0543012-62,47.28708045015878,28.287830149532283
en-zh,tear,25,MEPRS,C35,0.9474,office_product-2-zh_0543012-62,2.023734508440975e-06,21.574074074074073
en-zh,tear,34,G35,G35,0.9383,home-1-zh_0279080-154,12.029921003317645,22.561143014533844
en-zh,tear,34,G4o,G4o,0.9383,home-1-zh_0279080-154,11.575135351846036,31.63544362571437
en-zh,tear,34,C3,C3,0.9383,home-1-zh_0279080-154,8.79520090657992,20.435679508399925
en-zh,tear,34,C35,C35,0.9383,home-1-zh_0279080-154,11.575135351846036,22.385136473839392
en-zh,tear,34,GP,GP,0.9383,home-1-zh_0279080-154,1.0101085576395759,8.052393060050095
en-zh,tear,34,MEPRS,G35,0.9383,home-1-zh_0279080-154,12.029921003317645,22.561143014533844
en-zh,tear,35,G35,G35,1.0,chinanews.com.280781,35.93041119630843,8.472222222222223
en-zh,tear,35,G4o,G4o,1.0,chinanews.com.280781,0.0024028114141347564,8.581366176302886
en-zh,tear,35,C3,C3,1.0,chinanews.com.280781,0.0024028114141347564,11.047979797979798
en-zh,tear,35,C35,C35,1.0,chinanews.com.280781,0.0024028114141347564,11.047979797979798
en-zh,tear,35,GP,GP,1.0,chinanews.com.280781,16.036590969929357,7.613745821292992
en-zh,tear,35,MEPRS,C3,1.0,chinanews.com.280781,0.0024028114141347564,11.047979797979798
en-zh,tear,37,G35,G35,1.0,automotive-3-zh_0544945-98,35.93041119630843,4.166666666666666
en-zh,tear,37,G4o,G4o,1.0,automotive-3-zh_0544945-98,35.93041119630843,3.875968992248062
en-zh,tear,37,C3,C3,1.0,automotive-3-zh_0544945-98,35.93041119630843,3.968253968253968
en-zh,tear,37,C35,C35,1.0,automotive-3-zh_0544945-98,35.93041119630843,3.968253968253968
en-zh,tear,37,GP,GP,1.0,automotive-3-zh_0544945-98,35.93041119630843,3.968253968253968
en-zh,tear,37,MEPRS,GP,1.0,automotive-3-zh_0544945-98,35.93041119630843,3.968253968253968
en-zh,tear,43,G35,G35,0.9362,personal_care_appliances-4-zh_0788270-92,26.26909894424158,14.524674430996832
en-zh,tear,43,G4o,G4o,0.9362,personal_care_appliances-4-zh_0788270-92,24.1178039884613,10.505949306538538
en-zh,tear,43,C3,C3,0.9362,personal_care_appliances-4-zh_0788270-92,19.070828081828378,10.105922993239512
en-zh,tear,43,C35,C35,0.9362,personal_care_appliances-4-zh_0788270-92,24.1178039884613,13.939052020725144
en-zh,tear,43,GP,GP,0.9362,personal_care_appliances-4-zh_0788270-92,26.26909894424158,13.811708727191528
en-zh,tear,43,MEPRS,C35,0.9362,personal_care_appliances-4-zh_0788270-92,24.1178039884613,13.939052020725144
en-zh,tear,45,G35,G35,1.0,rfi-chinese.19812,1.4953487812212207e-05,26.700941524569743
en-zh,tear,45,G4o,G4o,1.0,rfi-chinese.19812,0.0020205155046766243,23.059764309764308
en-zh,tear,45,C3,C3,1.0,rfi-chinese.19812,1.4953487812212207e-05,30.938552188552183
en-zh,tear,45,C35,C35,1.0,rfi-chinese.19812,1.4953487812212207e-05,30.938552188552183
en-zh,tear,45,GP,GP,1.0,rfi-chinese.19812,1.4953487812212207e-05,27.21850051438037
en-zh,tear,45,MEPRS,GP,1.0,rfi-chinese.19812,1.4953487812212207e-05,27.21850051438037
en-zh,tear,46,G35,G35,0.9206,electronics-2-zh_0978438-79,15.851165692617156,18.967123814570943
en-zh,tear,46,G4o,G4o,0.9206,electronics-2-zh_0978438-79,15.851165692617156,15.333594621191146
en-zh,tear,46,C3,C3,0.9206,electronics-2-zh_0978438-79,12.605968092174912,17.57837630108775
en-zh,tear,46,C35,C35,0.9206,electronics-2-zh_0978438-79,14.991106946711685,16.9336444650849
en-zh,tear,46,GP,GP,0.9206,electronics-2-zh_0978438-79,15.851165692617156,19.300118276555583
en-zh,tear,46,MEPRS,C3,0.9206,electronics-2-zh_0978438-79,12.605968092174912,17.57837630108775
en-zh,tear,47,G35,G35,1.0,watch-2-zh_0475429-74,35.93041119630843,10.849375211077339
en-zh,tear,47,G4o,G4o,1.0,watch-2-zh_0475429-74,35.93041119630843,10.618540051679586
en-zh,tear,47,C3,C3,1.0,watch-2-zh_0475429-74,30.21375397356768,8.882428940568476
en-zh,tear,47,C35,C35,1.0,watch-2-zh_0475429-74,35.93041119630843,10.849375211077339
en-zh,tear,47,GP,GP,1.0,watch-2-zh_0475429-74,35.93041119630843,10.849375211077339
en-zh,tear,47,MEPRS,G35,1.0,watch-2-zh_0475429-74,35.93041119630843,10.849375211077339
en-zh,tear,50,G35,G35,1.0,personal_care_appliances-5-zh_0172161-51,39.76353643835253,45.854508510260466
en-zh,tear,50,G4o,G4o,1.0,personal_care_appliances-5-zh_0172161-51,39.76353643835253,45.854508510260466
en-zh,tear,50,C3,C3,1.0,personal_care_appliances-5-zh_0172161-51,0.0008839449202722574,9.597746331236896
en-zh,tear,50,C35,C35,1.0,personal_care_appliances-5-zh_0172161-51,39.76353643835253,76.96368446368446
en-zh,tear,50,GP,GP,1.0,personal_care_appliances-5-zh_0172161-51,24.446151121745054,14.276094276094275
en-zh,tear,50,MEPRS,C35,1.0,personal_care_appliances-5-zh_0172161-51,39.76353643835253,76.96368446368446
en-zh,tear,53,G35,G35,1.0,grocery-3-zh_0192439-140,0.0020205155046766243,17.069881431583557
en-zh,tear,53,G4o,G4o,1.0,grocery-3-zh_0192439-140,0.0020205155046766243,17.069881431583557
en-zh,tear,53,C3,C3,1.0,grocery-3-zh_0192439-140,1.4953487812212207e-05,17.470346804917323
en-zh,tear,53,C35,C35,1.0,grocery-3-zh_0192439-140,1.4953487812212207e-05,23.126055535917683
en-zh,tear,53,GP,GP,1.0,grocery-3-zh_0192439-140,0.0020205155046766243,17.069881431583557
en-zh,tear,53,MEPRS,C35,1.0,grocery-3-zh_0192439-140,1.4953487812212207e-05,23.126055535917683
en-zh,tear,55,G35,G35,0.9565,pc-3-zh_0475867-158,0.0024028114141347564,54.42219144753468
en-zh,tear,55,G4o,G4o,0.9565,pc-3-zh_0475867-158,0.0024028114141347564,47.23902620282063
en-zh,tear,55,C3,C3,0.9565,pc-3-zh_0475867-158,0.0024028114141347564,37.64412074879704
en-zh,tear,55,C35,C35,0.9565,pc-3-zh_0475867-158,0.0024028114141347564,47.23902620282063
en-zh,tear,55,GP,GP,0.9565,pc-3-zh_0475867-158,0.0024028114141347564,17.00678835590018
en-zh,tear,55,MEPRS,G35,0.9565,pc-3-zh_0475867-158,0.0024028114141347564,54.42219144753468
en-zh,tear,58,G35,G35,0.9333,gb-0,44.4529989246911,22.6977861547568
en-zh,tear,58,G4o,G4o,0.9333,gb-0,44.710186192584196,22.78652590430163
en-zh,tear,58,C3,C3,0.9333,gb-0,44.710186192584196,27.17230170210699
en-zh,tear,58,C35,C35,0.9333,gb-0,44.4529989246911,24.06009366252763
en-zh,tear,58,GP,GP,0.9333,gb-0,31.87271473320672,24.95432278414736
en-zh,tear,58,MEPRS,C3,0.9333,gb-0,44.710186192584196,27.17230170210699
en-zh,tear,70,G35,G35,1.0,rfi-chinese.19800,17.747405280050263,46.2740021530247
en-zh,tear,70,G4o,G4o,1.0,rfi-chinese.19800,17.747405280050263,43.36186202285273
en-zh,tear,70,C3,C3,1.0,rfi-chinese.19800,16.036590969929357,32.15631175383498
en-zh,tear,70,C35,C35,1.0,rfi-chinese.19800,39.76353643835253,49.75201847298671
en-zh,tear,70,GP,GP,1.0,rfi-chinese.19800,0.02034381092191871,0.0
en-zh,tear,70,MEPRS,C35,1.0,rfi-chinese.19800,39.76353643835253,49.75201847298671
en-zh,tear,76,G35,G35,1.0,baby_product-3-zh_0705149-120,0.0024028114141347564,11.117409926933737
en-zh,tear,76,G4o,G4o,1.0,baby_product-3-zh_0705149-120,35.93041119630843,19.124579124579125
en-zh,tear,76,C3,C3,1.0,baby_product-3-zh_0705149-120,0.0024028114141347564,19.499129618177236
en-zh,tear,76,C35,C35,1.0,baby_product-3-zh_0705149-120,0.0024028114141347564,12.424242424242422
en-zh,tear,76,GP,GP,1.0,baby_product-3-zh_0705149-120,0.0024028114141347564,11.117409926933737
en-zh,tear,76,MEPRS,G4o,1.0,baby_product-3-zh_0705149-120,35.93041119630843,19.124579124579125
en-zh,tear,78,G35,G35,1.0,wdr-3,15.7044754112095,38.30776089552216
en-zh,tear,78,G4o,G4o,1.0,wdr-3,15.7044754112095,32.646952943936824
en-zh,tear,78,C3,C3,1.0,wdr-3,13.82169312958873,29.050441930146537
en-zh,tear,78,C35,C35,1.0,wdr-3,13.487005099534617,29.979127180865685
en-zh,tear,78,GP,GP,1.0,wdr-3,1.845407001317659e-09,0.5446623093681918
en-zh,tear,78,MEPRS,C35,1.0,wdr-3,13.487005099534617,29.979127180865685
en-zh,tear,80,G35,G35,1.0,toy-5-zh_0723212-60,22.089591134157885,12.893719806763285
en-zh,tear,80,G4o,G4o,1.0,toy-5-zh_0723212-60,22.089591134157885,15.262025369234832
en-zh,tear,80,C3,C3,1.0,toy-5-zh_0723212-60,27.301208627090666,17.850570926657884
en-zh,tear,80,C35,C35,1.0,toy-5-zh_0723212-60,39.76353643835253,13.804702926431888
en-zh,tear,80,GP,GP,1.0,toy-5-zh_0723212-60,35.93041119630843,13.588164251207727
en-zh,tear,80,MEPRS,C3,1.0,toy-5-zh_0723212-60,27.301208627090666,17.850570926657884
en-zh,tear,83,G35,G35,1.0,office_product-4-zh_0292700-89,19.070828081828378,23.91225986376743
en-zh,tear,83,G4o,G4o,1.0,office_product-4-zh_0292700-89,23.9802967618271,23.91225986376743
en-zh,tear,83,C3,C3,1.0,office_product-4-zh_0292700-89,21.105340631872636,31.03868421160081
en-zh,tear,83,C35,C35,1.0,office_product-4-zh_0292700-89,23.9802967618271,36.239766316430654
en-zh,tear,83,GP,GP,1.0,office_product-4-zh_0292700-89,21.105340631872636,21.959477333353632
en-zh,tear,83,MEPRS,G35,1.0,office_product-4-zh_0292700-89,19.070828081828378,23.91225986376743
en-zh,tear,84,G35,G35,1.0,apparel-3-zh_0075255-118,0.0008839449202722574,8.45959595959596
en-zh,tear,84,G4o,G4o,1.0,apparel-3-zh_0075255-118,0.0008839449202722574,7.319453480806767
en-zh,tear,84,C3,C3,1.0,apparel-3-zh_0075255-118,0.0008839449202722574,8.45959595959596
en-zh,tear,84,C35,C35,1.0,apparel-3-zh_0075255-118,0.0008839449202722574,8.318696330991413
en-zh,tear,84,GP,GP,1.0,apparel-3-zh_0075255-118,0.0008839449202722574,8.45959595959596
en-zh,tear,84,MEPRS,G35,1.0,apparel-3-zh_0075255-118,0.0008839449202722574,8.45959595959596
en-zh,tear,93,G35,G35,0.96,international_times-zh.9295,17.747405280050263,34.26387448559333
en-zh,tear,93,G4o,G4o,0.96,international_times-zh.9295,24.446151121745054,30.183981035628577
en-zh,tear,93,C3,C3,0.96,international_times-zh.9295,35.93041119630843,24.775458983097522
en-zh,tear,93,C35,C35,0.96,international_times-zh.9295,39.76353643835253,37.32768927869642
en-zh,tear,93,GP,GP,0.96,international_times-zh.9295,24.446151121745054,27.900298254731116
en-zh,tear,93,MEPRS,C35,0.96,international_times-zh.9295,39.76353643835253,37.32768927869642
en-zh,tear,94,G35,G35,0.9818,rfi-chinese.19798,12.230657747975581,42.238641142949895
en-zh,tear,94,G4o,G4o,0.9818,rfi-chinese.19798,12.230657747975581,43.05131227637525
en-zh,tear,94,C3,C3,0.9818,rfi-chinese.19798,10.320893749383377,31.094524643036376
en-zh,tear,94,C35,C35,0.9818,rfi-chinese.19798,12.230657747975581,33.58278896102925
en-zh,tear,94,GP,GP,0.9818,rfi-chinese.19798,10.343603005129705,46.96368912749099
en-zh,tear,94,MEPRS,G35,0.9818,rfi-chinese.19798,12.230657747975581,42.238641142949895
en-zh,tear,102,G35,G35,1.0,vietnam_plus-zh.14206,0.0024028114141347564,35.73364633765234
en-zh,tear,102,G4o,G4o,1.0,vietnam_plus-zh.14206,0.0024028114141347564,40.096601847173936
en-zh,tear,102,C3,C3,1.0,vietnam_plus-zh.14206,0.0024028114141347564,28.16762343936257
en-zh,tear,102,C35,C35,1.0,vietnam_plus-zh.14206,0.0024028114141347564,28.16762343936257
en-zh,tear,102,GP,GP,1.0,vietnam_plus-zh.14206,0.7409569901969889,4.744467777086608
en-zh,tear,102,MEPRS,G35,1.0,vietnam_plus-zh.14206,0.0024028114141347564,35.73364633765234
en-zh,tear,104,G35,G35,0.9474,other-5-zh_0055587-107,0.0008839449202722574,14.901640046138889
en-zh,tear,104,G4o,G4o,0.9474,other-5-zh_0055587-107,0.0008839449202722574,14.140044203335341
en-zh,tear,104,C3,C3,0.9474,other-5-zh_0055587-107,0.0008839449202722574,36.55577069778061
en-zh,tear,104,C35,C35,0.9474,other-5-zh_0055587-107,0.0008839449202722574,28.34539214273219
en-zh,tear,104,GP,GP,0.9474,other-5-zh_0055587-107,0.0008839449202722574,23.648806301981452
en-zh,tear,104,MEPRS,GP,0.9474,other-5-zh_0055587-107,0.0008839449202722574,23.648806301981452
en-zh,tear,113,G35,G35,1.0,rfi-chinese.19813,18.822631894109964,51.15097010913413
en-zh,tear,113,G4o,G4o,1.0,rfi-chinese.19813,14.628187563941415,24.35435509856322
en-zh,tear,113,C3,C3,1.0,rfi-chinese.19813,14.628187563941415,22.88521354321477
en-zh,tear,113,C35,C35,1.0,rfi-chinese.19813,18.822631894109964,33.31557927556421
en-zh,tear,113,GP,GP,1.0,rfi-chinese.19813,61.04735835807844,65.97513383449784
en-zh,tear,113,MEPRS,GP,1.0,rfi-chinese.19813,61.04735835807844,65.97513383449784
en-zh,tear,114,G35,G35,0.9259,digital_ebook_purchase-1-zh_0999275-194,26.01435417217584,26.45454266788697
en-zh,tear,114,G4o,G4o,0.9259,digital_ebook_purchase-1-zh_0999275-194,26.01435417217584,40.99231136253897
en-zh,tear,114,C3,C3,0.9259,digital_ebook_purchase-1-zh_0999275-194,17.827531042796256,30.615387887186117
en-zh,tear,114,C35,C35,0.9259,digital_ebook_purchase-1-zh_0999275-194,15.019394384099988,26.34957919244259
en-zh,tear,114,GP,GP,0.9259,digital_ebook_purchase-1-zh_0999275-194,22.71870978054232,42.580640677302426
en-zh,tear,114,MEPRS,GP,0.9259,digital_ebook_purchase-1-zh_0999275-194,22.71870978054232,42.580640677302426
en-zh,tear,116,G35,G35,0.9655,gb-4,0.0008839449202722574,4.694444444444445
en-zh,tear,116,G4o,G4o,0.9655,gb-4,0.0008839449202722574,4.656959202413748
en-zh,tear,116,C3,C3,0.9655,gb-4,39.76353643835253,15.852610653463449
en-zh,tear,116,C35,C35,0.9655,gb-4,0.0008839449202722574,4.694444444444445
en-zh,tear,116,GP,GP,0.9655,gb-4,24.446151121745054,16.36305723262245
en-zh,tear,116,MEPRS,C3,0.9655,gb-4,39.76353643835253,15.852610653463449
en-zh,tear,125,G35,G35,0.9545,chinanews.com.280883,15.071676257541073,49.473585685894626
en-zh,tear,125,G4o,G4o,0.9545,chinanews.com.280883,9.449865252803164,41.743698289411995
en-zh,tear,125,C3,C3,0.9545,chinanews.com.280883,8.687475782716618,42.737376419342894
en-zh,tear,125,C35,C35,0.9545,chinanews.com.280883,15.77454598068419,57.01611912075489
en-zh,tear,125,GP,GP,0.9545,chinanews.com.280883,0.11786166005648058,2.759595335370013
en-zh,tear,125,MEPRS,GP,0.9545,chinanews.com.280883,0.11786166005648058,2.759595335370013
en-zh,tear,137,G35,G35,0.9412,pc-3-zh_0475867-158,20.164945583740668,17.540503869130312
en-zh,tear,137,G4o,G4o,0.9412,pc-3-zh_0475867-158,20.164945583740668,14.865723416156179
en-zh,tear,137,C3,C3,0.9412,pc-3-zh_0475867-158,13.485111859503684,11.942620387742338
en-zh,tear,137,C35,C35,0.9412,pc-3-zh_0475867-158,19.070828081828378,22.72816664793803
en-zh,tear,137,GP,GP,0.9412,pc-3-zh_0475867-158,15.851165692617156,14.27819897201672
en-zh,tear,137,MEPRS,C35,0.9412,pc-3-zh_0475867-158,19.070828081828378,22.72816664793803
en-zh,tear,140,G35,G35,1.0,sports-1-zh_0749906-157,35.93041119630843,12.291760892507162
en-zh,tear,140,G4o,G4o,1.0,sports-1-zh_0749906-157,30.21375397356768,12.130230880230881
en-zh,tear,140,C3,C3,1.0,sports-1-zh_0749906-157,35.93041119630843,14.53141938216565
en-zh,tear,140,C35,C35,1.0,sports-1-zh_0749906-157,35.93041119630843,14.53141938216565
en-zh,tear,140,GP,GP,1.0,sports-1-zh_0749906-157,6.809398432036522,7.098155467720685
en-zh,tear,140,MEPRS,C35,1.0,sports-1-zh_0749906-157,35.93041119630843,14.53141938216565
en-zh,tear,145,G35,G35,1.0,xm-2,0.0024028114141347564,29.04040404040404
en-zh,tear,145,G4o,G4o,1.0,xm-2,0.0020205155046766243,7.575757575757575
en-zh,tear,145,C3,C3,1.0,xm-2,0.0024028114141347564,29.04040404040404
en-zh,tear,145,C35,C35,1.0,xm-2,0.0024028114141347564,29.04040404040404
en-zh,tear,145,GP,GP,1.0,xm-2,0.027984637161111714,0.020590820016179918
en-zh,tear,145,MEPRS,C35,1.0,xm-2,0.0024028114141347564,29.04040404040404
en-zh,tear,147,G35,G35,0.9688,chinanews.com.280744,18.822631894109964,28.684823406722955
en-zh,tear,147,G4o,G4o,0.9688,chinanews.com.280744,18.822631894109964,38.860733613859445
en-zh,tear,147,C3,C3,0.9688,chinanews.com.280744,20.164945583740668,37.4409722239481
en-zh,tear,147,C35,C35,0.9688,chinanews.com.280744,20.164945583740668,35.635981779782576
en-zh,tear,147,GP,GP,0.9688,chinanews.com.280744,20.164945583740668,35.290117278618574
en-zh,tear,147,MEPRS,G4o,0.9688,chinanews.com.280744,18.822631894109964,38.860733613859445
en-zh,tear,148,G35,G35,1.0,chinanews.com.280802,37.59663529467017,33.669140985884106
en-zh,tear,148,G4o,G4o,1.0,chinanews.com.280802,37.59663529467017,32.124553916362544
en-zh,tear,148,C3,C3,1.0,chinanews.com.280802,21.972813874997158,29.938556236494534
en-zh,tear,148,C35,C35,1.0,chinanews.com.280802,37.59663529467017,34.74979248084025
en-zh,tear,148,GP,GP,1.0,chinanews.com.280802,16.331948281960493,23.347539341514402
en-zh,tear,148,MEPRS,G4o,1.0,chinanews.com.280802,37.59663529467017,32.124553916362544
en-zh,tear,149,G35,G35,1.0,drugstore-1-zh_0633884-136,39.76353643835253,7.723665223665223
en-zh,tear,149,G4o,G4o,1.0,drugstore-1-zh_0633884-136,39.76353643835253,8.641302619573539
en-zh,tear,149,C3,C3,1.0,drugstore-1-zh_0633884-136,35.93041119630843,9.450364108246678
en-zh,tear,149,C35,C35,1.0,drugstore-1-zh_0633884-136,39.76353643835253,8.560522895385281
en-zh,tear,149,GP,GP,1.0,drugstore-1-zh_0633884-136,13.950796967929136,6.784974290290687
en-zh,tear,149,MEPRS,C3,1.0,drugstore-1-zh_0633884-136,35.93041119630843,9.450364108246678
en-zh,tear,150,G35,G35,1.0,automotive-5-zh_0526086-87,26.26909894424158,15.870632294200904
en-zh,tear,150,G4o,G4o,1.0,automotive-5-zh_0526086-87,24.446151121745054,16.19281045751634
en-zh,tear,150,C3,C3,1.0,automotive-5-zh_0526086-87,26.26909894424158,15.081699346405228
en-zh,tear,150,C35,C35,1.0,automotive-5-zh_0526086-87,17.747405280050263,12.947794395485188
en-zh,tear,150,GP,GP,1.0,automotive-5-zh_0526086-87,12.35622127262679,11.691465375590296
en-zh,tear,150,MEPRS,G4o,1.0,automotive-5-zh_0526086-87,24.446151121745054,16.19281045751634
en-zh,tear,157,G35,G35,1.0,sports-5-zh_0041815-69,0.0024028114141347564,54.39016134120981
en-zh,tear,157,G4o,G4o,1.0,sports-5-zh_0041815-69,0.0024028114141347564,57.72704855255298
en-zh,tear,157,C3,C3,1.0,sports-5-zh_0041815-69,0.0024028114141347564,54.39016134120981
en-zh,tear,157,C35,C35,1.0,sports-5-zh_0041815-69,0.0024028114141347564,53.696357021861445
en-zh,tear,157,GP,GP,1.0,sports-5-zh_0041815-69,0.0024028114141347564,57.72704855255298
en-zh,tear,157,MEPRS,GP,1.0,sports-5-zh_0041815-69,0.0024028114141347564,57.72704855255298
en-zh,tear,173,G35,G35,0.9231,automotive-3-zh_0544945-98,24.446151121745054,21.223472712319747
en-zh,tear,173,G4o,G4o,0.9231,automotive-3-zh_0544945-98,13.545994273378142,15.08645756598102
en-zh,tear,173,C3,C3,0.9231,automotive-3-zh_0544945-98,22.089591134157885,20.42948717948718
en-zh,tear,173,C35,C35,0.9231,automotive-3-zh_0544945-98,24.446151121745054,15.769352288223681
en-zh,tear,173,GP,GP,0.9231,automotive-3-zh_0544945-98,19.070828081828378,14.043970078452835
en-zh,tear,173,MEPRS,G4o,0.9231,automotive-3-zh_0544945-98,13.545994273378142,15.08645756598102
en-zh,tear,183,G35,G35,0.963,gb-0,10.151170915662613,30.263227319321285
en-zh,tear,183,G4o,G4o,0.963,gb-0,7.6584122760410045,30.451689518428214
en-zh,tear,183,C3,C3,0.963,gb-0,9.107438368292145,40.81205060535607
en-zh,tear,183,C35,C35,0.963,gb-0,7.512707040144103,30.905374243420948
en-zh,tear,183,GP,GP,0.963,gb-0,0.07027667816671354,1.0215783216468828
en-zh,tear,183,MEPRS,C3,0.963,gb-0,9.107438368292145,40.81205060535607
en-zh,tear,184,G35,G35,0.9655,automotive-5-zh_0526086-87,39.76353643835253,15.192802830442472
en-zh,tear,184,G4o,G4o,0.9655,automotive-5-zh_0526086-87,39.76353643835253,18.44592042038465
en-zh,tear,184,C3,C3,0.9655,automotive-5-zh_0526086-87,35.93041119630843,30.298780336417607
en-zh,tear,184,C35,C35,0.9655,automotive-5-zh_0526086-87,39.76353643835253,22.168871507966028
en-zh,tear,184,GP,GP,0.9655,automotive-5-zh_0526086-87,24.446151121745054,24.606461005454815
en-zh,tear,184,MEPRS,C3,0.9655,automotive-5-zh_0526086-87,35.93041119630843,30.298780336417607
en-zh,tear,185,G35,G35,1.0,rfi-chinese.19801,48.8923022434901,79.13401354238395
en-zh,tear,185,G4o,G4o,1.0,rfi-chinese.19801,48.8923022434901,71.42848221858408
en-zh,tear,185,C3,C3,1.0,rfi-chinese.19801,29.071536848410968,57.66804953876582
en-zh,tear,185,C35,C35,1.0,rfi-chinese.19801,48.8923022434901,70.4888592693298
en-zh,tear,185,GP,GP,1.0,rfi-chinese.19801,15.53712569276035,43.57710078951663
en-zh,tear,185,MEPRS,G35,1.0,rfi-chinese.19801,48.8923022434901,79.13401354238395
en-zh,tear,187,G35,G35,0.95,gb-1,24.446151121745054,39.83560580061698
en-zh,tear,187,G4o,G4o,0.95,gb-1,24.446151121745054,29.723771751397212
en-zh,tear,187,C3,C3,0.95,gb-1,24.446151121745054,22.35881935299258
en-zh,tear,187,C35,C35,0.95,gb-1,24.446151121745054,31.608215643797845
en-zh,tear,187,GP,GP,0.95,gb-1,24.446151121745054,29.25799603520883
en-zh,tear,187,MEPRS,GP,0.95,gb-1,24.446151121745054,29.25799603520883
en-zh,tear,192,G35,G35,1.0,home-1-zh_0279080-154,1.778279410038924e-05,100.0
en-zh,tear,192,G4o,G4o,1.0,home-1-zh_0279080-154,1.778279410038924e-05,100.0
en-zh,tear,192,C3,C3,1.0,home-1-zh_0279080-154,1.778279410038924e-05,100.0
en-zh,tear,192,C35,C35,1.0,home-1-zh_0279080-154,1.778279410038924e-05,100.0
en-zh,tear,192,GP,GP,1.0,home-1-zh_0279080-154,1.778279410038924e-05,100.0
en-zh,tear,192,MEPRS,GP,1.0,home-1-zh_0279080-154,1.778279410038924e-05,100.0
en-zh,tear,193,G35,G35,1.0,office_product-1-zh_0442334-116,20.164945583740668,33.27028508812439
en-zh,tear,193,G4o,G4o,1.0,office_product-1-zh_0442334-116,19.070828081828378,29.46047267325876
en-zh,tear,193,C3,C3,1.0,office_product-1-zh_0442334-116,20.164945583740668,35.24082630772976
en-zh,tear,193,C35,C35,1.0,office_product-1-zh_0442334-116,20.164945583740668,32.030699450728534
en-zh,tear,193,GP,GP,1.0,office_product-1-zh_0442334-116,18.822631894109964,30.981192310909133
en-zh,tear,193,MEPRS,G4o,1.0,office_product-1-zh_0442334-116,19.070828081828378,29.46047267325876
en-zh,tear,194,G35,G35,0.9286,baby_product-1-zh_0634793-239,17.51643270174889,9.617714770386526
en-zh,tear,194,G4o,G4o,0.9286,baby_product-1-zh_0634793-239,18.822631894109964,11.603927981443595
en-zh,tear,194,C3,C3,0.9286,baby_product-1-zh_0634793-239,11.115018927487524,6.007040097949189
en-zh,tear,194,C35,C35,0.9286,baby_product-1-zh_0634793-239,18.822631894109964,9.447446741854636
en-zh,tear,194,GP,GP,0.9286,baby_product-1-zh_0634793-239,12.35622127262679,7.471311594543166
en-zh,tear,194,MEPRS,G4o,0.9286,baby_product-1-zh_0634793-239,18.822631894109964,11.603927981443595
en-zh,tear,197,G35,G35,0.9697,jingji_guancha_bao-zh-01.22009,28.73148705471483,44.68003664758168
en-zh,tear,197,G4o,G4o,0.9697,jingji_guancha_bao-zh-01.22009,32.133378320038354,54.714839832681974
en-zh,tear,197,C3,C3,0.9697,jingji_guancha_bao-zh-01.22009,18.19964728434356,45.37331034999661
en-zh,tear,197,C35,C35,0.9697,jingji_guancha_bao-zh-01.22009,35.435685940056224,62.00151087155556
en-zh,tear,197,GP,GP,0.9697,jingji_guancha_bao-zh-01.22009,32.133378320038354,53.14950430758545
en-zh,tear,197,MEPRS,C35,0.9697,jingji_guancha_bao-zh-01.22009,35.435685940056224,62.00151087155556
he-en,it,4,G35,G35,1.0,health-10797578.news,76.23229060966982,85.84344751198722
he-en,it,4,G4o,G4o,1.0,health-10797578.news,84.92326635760689,87.23310299393295
he-en,it,4,C3,C3,1.0,health-10797578.news,79.12619863720214,80.82114000716216
he-en,it,4,C35,C35,1.0,health-10797578.news,84.92326635760689,87.23310299393295
he-en,it,4,GP,GP,1.0,health-10797578.news,60.04981752197522,79.48258074685799
he-en,it,4,MEPRS,C35,1.0,health-10797578.news,84.92326635760689,87.23310299393295
he-en,it,5,G35,G35,1.0,internal-11921820.news,35.133101243919725,71.00942230807482
he-en,it,5,G4o,G4o,1.0,internal-11921820.news,65.6674123724501,85.59466473898844
he-en,it,5,C3,C3,1.0,internal-11921820.news,46.02398960804971,78.20496140523788
he-en,it,5,C35,C35,1.0,internal-11921820.news,65.6674123724501,85.59466473898844
he-en,it,5,GP,GP,1.0,internal-11921820.news,55.353996054410324,83.61808720801729
he-en,it,5,MEPRS,C35,1.0,internal-11921820.news,65.6674123724501,85.59466473898844
he-en,it,7,G35,G35,1.0,travel-6705434.ugc,18.200574584551347,56.58563792283801
he-en,it,7,G4o,G4o,1.0,travel-6705434.ugc,47.199227545323936,71.51606841327255
he-en,it,7,C3,C3,1.0,travel-6705434.ugc,59.18150152544451,67.54953447807729
he-en,it,7,C35,C35,1.0,travel-6705434.ugc,34.10791845736444,72.02008703400182
he-en,it,7,GP,GP,1.0,travel-6705434.ugc,61.65255292124369,77.43418694430115
he-en,it,7,MEPRS,G4o,1.0,travel-6705434.ugc,47.199227545323936,71.51606841327255
he-en,it,9,G35,G35,1.0,health-6945555.ugc,41.843795218458034,72.3857175369965
he-en,it,9,G4o,G4o,1.0,health-6945555.ugc,77.8800783071405,92.3668132371542
he-en,it,9,C3,C3,1.0,health-6945555.ugc,77.8800783071405,92.3668132371542
he-en,it,9,C35,C35,1.0,health-6945555.ugc,77.8800783071405,92.3668132371542
he-en,it,9,GP,GP,1.0,health-6945555.ugc,0.0007055995207471726,84.43457901786134
he-en,it,9,MEPRS,C35,1.0,health-6945555.ugc,77.8800783071405,92.3668132371542
he-en,it,10,G35,G35,1.0,internal-11921820.news,16.036590969929357,9.818555216802169
he-en,it,10,G4o,G4o,1.0,internal-11921820.news,0.11115018927487522,11.830033800096572
he-en,it,10,C3,C3,1.0,internal-11921820.news,28.68106410131918,41.67225749518067
he-en,it,10,C35,C35,1.0,internal-11921820.news,0.14628187563941417,39.45571289824422
he-en,it,10,GP,GP,1.0,internal-11921820.news,0.11115018927487522,14.38369350855607
he-en,it,10,MEPRS,C3,1.0,internal-11921820.news,28.68106410131918,41.67225749518067
he-en,it,12,G35,G35,1.0,travel-11904005.news,37.5022891676693,72.36336119358991
he-en,it,12,G4o,G4o,1.0,travel-11904005.news,34.78635157752423,76.1639136774706
he-en,it,12,C3,C3,1.0,travel-11904005.news,39.78583111711743,76.09097285757929
he-en,it,12,C35,C35,1.0,travel-11904005.news,34.78635157752423,76.1639136774706
he-en,it,12,GP,GP,1.0,travel-11904005.news,49.13270548144421,68.59294924996823
he-en,it,12,MEPRS,C3,1.0,travel-11904005.news,39.78583111711743,76.09097285757929
he-en,it,15,G35,G35,1.0,health-6944162.news,59.939541538078146,90.2922696862283
he-en,it,15,G4o,G4o,1.0,health-6944162.news,66.06328636027614,90.66656455949588
he-en,it,15,C3,C3,1.0,health-6944162.news,75.06238537503394,79.78672758396458
he-en,it,15,C35,C35,1.0,health-6944162.news,59.939541538078146,90.2922696862283
he-en,it,15,GP,GP,1.0,health-6944162.news,58.143073696821936,90.32139143792863
he-en,it,15,MEPRS,G35,1.0,health-6944162.news,59.939541538078146,90.2922696862283
he-en,it,17,G35,G35,1.0,tech-4529876.news,77.51410336522927,93.97349191344047
he-en,it,17,G4o,G4o,1.0,tech-4529876.news,93.94130628134758,99.1602759088697
he-en,it,17,C3,C3,1.0,tech-4529876.news,77.80667585391488,89.29296489988843
he-en,it,17,C35,C35,1.0,tech-4529876.news,77.80667585391488,89.29296489988843
he-en,it,17,GP,GP,1.0,tech-4529876.news,40.67434794181572,81.25989995596028
he-en,it,17,MEPRS,G4o,1.0,tech-4529876.news,93.94130628134758,99.1602759088697
he-en,it,18,G35,G35,0.96,culture-11927371.news,41.46090883661921,71.80095376983815
he-en,it,18,G4o,G4o,0.96,culture-11927371.news,36.66967387147195,71.24577229905186
he-en,it,18,C3,C3,0.96,culture-11927371.news,59.94942623769819,74.0898222364755
he-en,it,18,C35,C35,0.96,culture-11927371.news,32.43818031830294,68.71929054334792
he-en,it,18,GP,GP,0.96,culture-11927371.news,57.37288320135074,79.37247533311806
he-en,it,18,MEPRS,GP,0.96,culture-11927371.news,57.37288320135074,79.37247533311806
he-en,it,20,G35,G35,1.0,travel-11738742.news,39.281465090051306,86.1280589820695
he-en,it,20,G4o,G4o,1.0,travel-11738742.news,30.620490882364876,84.24425592606788
he-en,it,20,C3,C3,1.0,travel-11738742.news,57.735026918962575,88.14476289929071
he-en,it,20,C35,C35,1.0,travel-11738742.news,25.764518192899573,79.34669689658972
he-en,it,20,GP,GP,1.0,travel-11738742.news,11.308154011305419,66.23654756669295
he-en,it,20,MEPRS,C3,1.0,travel-11738742.news,57.735026918962575,88.14476289929071
he-en,it,25,G35,G35,0.9268,internal-11928232.news,41.288029070684765,74.08165007455644
he-en,it,25,G4o,G4o,0.9268,internal-11928232.news,58.32174551473182,72.89476442376045
he-en,it,25,C3,C3,0.9268,internal-11928232.news,55.728063104522086,81.28449826231316
he-en,it,25,C35,C35,0.9268,internal-11928232.news,51.96766602631978,81.49572757301748
he-en,it,25,GP,GP,0.9268,internal-11928232.news,2.046801117985877e-08,0.0
he-en,it,25,MEPRS,C35,0.9268,internal-11928232.news,51.96766602631978,81.49572757301748
he-en,it,26,G35,G35,1.0,celebrities-7966246.ugc,21.105340631872636,56.905473764333834
he-en,it,26,G4o,G4o,1.0,celebrities-7966246.ugc,54.10822690539396,82.49547783194181
he-en,it,26,C3,C3,1.0,celebrities-7966246.ugc,48.8923022434901,82.31219297506914
he-en,it,26,C35,C35,1.0,celebrities-7966246.ugc,100.0,100.0
he-en,it,26,GP,GP,1.0,celebrities-7966246.ugc,100.0,100.0
he-en,it,26,MEPRS,GP,1.0,celebrities-7966246.ugc,100.0,100.0
he-en,it,28,G35,G35,1.0,travel-6742632.ugc,21.105340631872636,37.73464038478431
he-en,it,28,G4o,G4o,1.0,travel-6742632.ugc,59.46035575013605,63.847072086296826
he-en,it,28,C3,C3,1.0,travel-6742632.ugc,30.285126832882355,58.44716995121126
he-en,it,28,C35,C35,1.0,travel-6742632.ugc,59.46035575013605,69.13818472600971
he-en,it,28,GP,GP,1.0,travel-6742632.ugc,20.61477352156375,53.15318841899028
he-en,it,28,MEPRS,G4o,1.0,travel-6742632.ugc,59.46035575013605,63.847072086296826
he-en,it,30,G35,G35,1.0,health-10797578.news,22.172045047934617,54.33835572450493
he-en,it,30,G4o,G4o,1.0,health-10797578.news,51.93071778680676,85.9347494128646
he-en,it,30,C3,C3,1.0,health-10797578.news,24.384183193426086,67.67496087600172
he-en,it,30,C35,C35,1.0,health-10797578.news,58.143073696821936,87.76686605633974
he-en,it,30,GP,GP,1.0,health-10797578.news,36.41410562218426,79.69717645728149
he-en,it,30,MEPRS,C35,1.0,health-10797578.news,58.143073696821936,87.76686605633974
he-en,it,38,G35,G35,1.0,tech-10794134.news,31.528613442545012,69.8826316481831
he-en,it,38,G4o,G4o,1.0,tech-10794134.news,21.258844131063828,50.463210926284574
he-en,it,38,C3,C3,1.0,tech-10794134.news,22.794278110716544,52.2401082253775
he-en,it,38,C35,C35,1.0,tech-10794134.news,21.258844131063828,50.463210926284574
he-en,it,38,GP,GP,1.0,tech-10794134.news,15.573188896329047,49.33691523018076
he-en,it,38,MEPRS,C35,1.0,tech-10794134.news,21.258844131063828,50.463210926284574
he-en,it,48,G35,G35,1.0,health-6931611.news,14.26077162212425,34.078815369372975
he-en,it,48,G4o,G4o,1.0,health-6931611.news,48.326978309062206,71.06606383417979
he-en,it,48,C3,C3,1.0,health-6931611.news,48.326978309062206,71.06606383417979
he-en,it,48,C35,C35,1.0,health-6931611.news,48.326978309062206,71.06606383417979
he-en,it,48,GP,GP,1.0,health-6931611.news,25.90352070150216,46.51601974106907
he-en,it,48,MEPRS,C35,1.0,health-6931611.news,48.326978309062206,71.06606383417979
he-en,it,50,G35,G35,0.9535,health-10745162.news,68.07957842801514,84.18731707734626
he-en,it,50,G4o,G4o,0.9535,health-10745162.news,66.6395129823868,82.79169168549643
he-en,it,50,C3,C3,0.9535,health-10745162.news,75.22676187338851,89.58788626872327
he-en,it,50,C35,C35,0.9535,health-10745162.news,66.6395129823868,83.11533344636548
he-en,it,50,GP,GP,0.9535,health-10745162.news,41.80930598758766,76.25198675501424
he-en,it,50,MEPRS,C3,0.9535,health-10745162.news,75.22676187338851,89.58788626872327
he-en,it,51,G35,G35,0.9722,travel-6725307.news,67.05380446582856,84.44944286082864
he-en,it,51,G4o,G4o,0.9722,travel-6725307.news,57.69941100144678,77.66053453918842
he-en,it,51,C3,C3,0.9722,travel-6725307.news,79.15302454027228,92.4065793052627
he-en,it,51,C35,C35,0.9722,travel-6725307.news,58.494131366269684,79.23098992274954
he-en,it,51,GP,GP,0.9722,travel-6725307.news,82.37057662202139,92.57957884891526
he-en,it,51,MEPRS,GP,0.9722,travel-6725307.news,82.37057662202139,92.57957884891526
he-en,it,54,G35,G35,1.0,tech-10857141.ugc,57.835698664651424,72.41540788250563
he-en,it,54,G4o,G4o,1.0,tech-10857141.ugc,57.89484299135019,81.87283373720486
he-en,it,54,C3,C3,1.0,tech-10857141.ugc,57.44934948277894,82.11165666760921
he-en,it,54,C35,C35,1.0,tech-10857141.ugc,57.89484299135019,81.87283373720486
he-en,it,54,GP,GP,1.0,tech-10857141.ugc,57.835698664651424,72.41540788250563
he-en,it,54,MEPRS,C35,1.0,tech-10857141.ugc,57.89484299135019,81.87283373720486
he-en,it,59,G35,G35,0.9722,travel-11904005.ugc,63.27469489917782,86.55462730689617
he-en,it,59,G4o,G4o,0.9722,travel-11904005.ugc,29.052561567528308,45.480886633242626
he-en,it,59,C3,C3,0.9722,travel-11904005.ugc,29.052561567528308,45.480886633242626
he-en,it,59,C35,C35,0.9722,travel-11904005.ugc,47.01324510518843,64.74923891911452
he-en,it,59,GP,GP,0.9722,travel-11904005.ugc,35.08439695638686,56.90099763127706
he-en,it,59,MEPRS,G35,0.9722,travel-11904005.ugc,63.27469489917782,86.55462730689617
he-en,it,62,G35,G35,0.9836,tech-4531486.news,17.87631235345206,59.76025123139443
he-en,it,62,G4o,G4o,0.9836,tech-4531486.news,13.832543625866363,46.65859384112579
he-en,it,62,C3,C3,0.9836,tech-4531486.news,13.309610652103345,39.54222325196393
he-en,it,62,C35,C35,0.9836,tech-4531486.news,13.832543625866363,46.65859384112579
he-en,it,62,GP,GP,0.9836,tech-4531486.news,14.30210741102858,53.14447889024067
he-en,it,62,MEPRS,G35,0.9836,tech-4531486.news,17.87631235345206,59.76025123139443
he-en,it,70,G35,G35,1.0,sport-6671743.news,67.05766800786569,86.81403162064748
he-en,it,70,G4o,G4o,1.0,sport-6671743.news,42.65277238091733,67.77240371134243
he-en,it,70,C3,C3,1.0,sport-6671743.news,76.24658586234861,93.98546996239857
he-en,it,70,C35,C35,1.0,sport-6671743.news,76.24658586234861,93.98546996239857
he-en,it,70,GP,GP,1.0,sport-6671743.news,76.24658586234861,93.98546996239857
he-en,it,70,MEPRS,GP,1.0,sport-6671743.news,76.24658586234861,93.98546996239857
he-en,it,72,G35,G35,0.988,travel-11904005.news,63.34930152170587,81.23177691046868
he-en,it,72,G4o,G4o,0.988,travel-11904005.news,77.46890206117726,91.97573246017708
he-en,it,72,C3,C3,0.988,travel-11904005.news,64.40804362241819,87.02329098732942
he-en,it,72,C35,C35,0.988,travel-11904005.news,53.179647637048625,76.59444276707266
he-en,it,72,GP,GP,0.988,travel-11904005.news,29.020292903231688,68.1009325538837
he-en,it,72,MEPRS,G4o,0.988,travel-11904005.news,77.46890206117726,91.97573246017708
he-en,it,73,G35,G35,1.0,business-6693072.news,40.7056063520815,75.89190041324609
he-en,it,73,G4o,G4o,1.0,business-6693072.news,70.42856100784654,88.56800296373349
he-en,it,73,C3,C3,1.0,business-6693072.news,59.22043012135426,78.78456628626701
he-en,it,73,C35,C35,1.0,business-6693072.news,69.4806347810084,88.4438408397569
he-en,it,73,GP,GP,1.0,business-6693072.news,62.231977058302675,76.54335140495324
he-en,it,73,MEPRS,G4o,1.0,business-6693072.news,70.42856100784654,88.56800296373349
he-en,it,75,G35,G35,1.0,sport-6671743.ugc,6.792376439547665,28.396392877740187
he-en,it,75,G4o,G4o,1.0,sport-6671743.ugc,42.50281413416978,72.96846748468117
he-en,it,75,C3,C3,1.0,sport-6671743.ugc,19.09027782642041,46.208171776927266
he-en,it,75,C35,C35,1.0,sport-6671743.ugc,22.812703240734482,64.97816118719874
he-en,it,75,GP,GP,1.0,sport-6671743.ugc,7.913247271422609,28.26358826674587
he-en,it,75,MEPRS,G4o,1.0,sport-6671743.ugc,42.50281413416978,72.96846748468117
he-en,it,79,G35,G35,1.0,health-10797578.news,78.49654595482254,87.6757083241883
he-en,it,79,G4o,G4o,1.0,health-10797578.news,68.79419393521871,87.93130815112914
he-en,it,79,C3,C3,1.0,health-10797578.news,83.18180062062373,95.2562700373572
he-en,it,79,C35,C35,1.0,health-10797578.news,57.93367580502561,83.59953699913379
he-en,it,79,GP,GP,1.0,health-10797578.news,83.18180062062373,95.2562700373572
he-en,it,79,MEPRS,G35,1.0,health-10797578.news,78.49654595482254,87.6757083241883
he-en,it,82,G35,G35,0.9444,sport-11901982.news,38.555889059067155,73.69306951198324
he-en,it,82,G4o,G4o,0.9444,sport-11901982.news,38.931333896566834,75.23652592820669
he-en,it,82,C3,C3,0.9444,sport-11901982.news,36.551523723534686,65.78547020453642
he-en,it,82,C35,C35,0.9444,sport-11901982.news,39.17928526209256,73.26764182295504
he-en,it,82,GP,GP,0.9444,sport-11901982.news,33.269812990879245,71.36848799695717
he-en,it,82,MEPRS,G4o,0.9444,sport-11901982.news,38.931333896566834,75.23652592820669
he-en,it,84,G35,G35,1.0,sport-11927854.ugc,55.55238068023583,79.04676291069103
he-en,it,84,G4o,G4o,1.0,sport-11927854.ugc,55.55238068023583,79.04676291069103
he-en,it,84,C3,C3,1.0,sport-11927854.ugc,29.07153684841096,67.6440258538875
he-en,it,84,C35,C35,1.0,sport-11927854.ugc,55.55238068023583,79.04676291069103
he-en,it,84,GP,GP,1.0,sport-11927854.ugc,78.25422900366436,85.9432428544181
he-en,it,84,MEPRS,GP,1.0,sport-11927854.ugc,78.25422900366436,85.9432428544181
he-en,it,85,G35,G35,1.0,culture-11929702.ugc,27.036454964104745,61.43925121967433
he-en,it,85,G4o,G4o,1.0,culture-11929702.ugc,60.76795808137692,74.858575016054
he-en,it,85,C3,C3,1.0,culture-11929702.ugc,100.0,100.0
he-en,it,85,C35,C35,1.0,culture-11929702.ugc,74.19446627365011,90.34194560691111
he-en,it,85,GP,GP,1.0,culture-11929702.ugc,12.049514584750938,51.207125224438414
he-en,it,85,MEPRS,C3,1.0,culture-11929702.ugc,100.0,100.0
he-en,it,92,G35,G35,0.9412,business-6678547.news,36.24398808162603,72.18984264861153
he-en,it,92,G4o,G4o,0.9412,business-6678547.news,46.224867376828435,74.99640525369307
he-en,it,92,C3,C3,0.9412,business-6678547.news,54.83470937970715,81.60362351204824
he-en,it,92,C35,C35,0.9412,business-6678547.news,36.714630938351675,71.02006960476083
he-en,it,92,GP,GP,0.9412,business-6678547.news,56.407055545844976,83.60623387645785
he-en,it,92,MEPRS,C3,0.9412,business-6678547.news,54.83470937970715,81.60362351204824
he-en,it,93,G35,G35,1.0,sport-11901982.ugc,39.76353643835253,39.22487390599353
he-en,it,93,G4o,G4o,1.0,sport-11901982.ugc,75.98356856515926,98.85936419198968
he-en,it,93,C3,C3,1.0,sport-11901982.ugc,75.98356856515926,98.85936419198968
he-en,it,93,C35,C35,1.0,sport-11901982.ugc,100.0,100.0
he-en,it,93,GP,GP,1.0,sport-11901982.ugc,29.071536848410968,38.57644519796222
he-en,it,93,MEPRS,C35,1.0,sport-11901982.ugc,100.0,100.0
he-en,it,95,G35,G35,1.0,travel-6742632.ugc,39.2814650900513,77.81694067296279
he-en,it,95,G4o,G4o,1.0,travel-6742632.ugc,75.98356856515926,98.51683030961584
he-en,it,95,C3,C3,1.0,travel-6742632.ugc,100.0,100.0
he-en,it,95,C35,C35,1.0,travel-6742632.ugc,100.0,100.0
he-en,it,95,GP,GP,1.0,travel-6742632.ugc,12.500763055889768,44.37733627406857
he-en,it,95,MEPRS,C35,1.0,travel-6742632.ugc,100.0,100.0
he-en,it,98,G35,G35,1.0,animals-10505867.news,46.187338758142445,61.489009311376115
he-en,it,98,G4o,G4o,1.0,animals-10505867.news,82.82477531331041,90.38841871934461
he-en,it,98,C3,C3,1.0,animals-10505867.news,47.20305201905444,68.62562143298277
he-en,it,98,C35,C35,1.0,animals-10505867.news,81.93228857188178,85.63921597885407
he-en,it,98,GP,GP,1.0,animals-10505867.news,27.875084077962555,65.76981234864647
he-en,it,98,MEPRS,G4o,1.0,animals-10505867.news,82.82477531331041,90.38841871934461
he-en,it,99,G35,G35,1.0,tech-10576693.ugc,16.436148154531296,58.060498372190445
he-en,it,99,G4o,G4o,1.0,tech-10576693.ugc,38.23532128872633,63.238728113765205
he-en,it,99,C3,C3,1.0,tech-10576693.ugc,38.23532128872633,63.238728113765205
he-en,it,99,C35,C35,1.0,tech-10576693.ugc,38.23532128872633,63.238728113765205
he-en,it,99,GP,GP,1.0,tech-10576693.ugc,77.8800783071405,78.72526850618213
he-en,it,99,MEPRS,C35,1.0,tech-10576693.ugc,38.23532128872633,63.238728113765205
he-en,it,102,G35,G35,1.0,travel-11848012.news,50.032977672838086,74.51012670076943
he-en,it,102,G4o,G4o,1.0,travel-11848012.news,34.85086836947586,63.108357439764
he-en,it,102,C3,C3,1.0,travel-11848012.news,41.68069924611866,70.58928894149413
he-en,it,102,C35,C35,1.0,travel-11848012.news,52.6405716850725,73.63377689766777
he-en,it,102,GP,GP,1.0,travel-11848012.news,25.442877852500896,52.98129941559808
he-en,it,102,MEPRS,C35,1.0,travel-11848012.news,52.6405716850725,73.63377689766777
he-en,it,106,G35,G35,1.0,business-11924445.news,42.71737427662988,74.64185033585838
he-en,it,106,G4o,G4o,1.0,business-11924445.news,45.0412864712797,74.90605816260778
he-en,it,106,C3,C3,1.0,business-11924445.news,53.359498621243816,79.6024500617296
he-en,it,106,C35,C35,1.0,business-11924445.news,61.739508697945624,82.77900656484391
he-en,it,106,GP,GP,1.0,business-11924445.news,29.185382026283936,69.19502294269213
he-en,it,106,MEPRS,G35,1.0,business-11924445.news,42.71737427662988,74.64185033585838
he-en,it,109,G35,G35,1.0,business-6678547.news,21.951524426618455,56.13480905871911
he-en,it,109,G4o,G4o,1.0,business-6678547.news,53.28009719875519,66.26945900904929
he-en,it,109,C3,C3,1.0,business-6678547.news,58.318232411868934,71.04194546731709
he-en,it,109,C35,C35,1.0,business-6678547.news,17.18152967132724,47.86125526167911
he-en,it,109,GP,GP,1.0,business-6678547.news,20.21077149068507,59.24782030203355
he-en,it,109,MEPRS,C3,1.0,business-6678547.news,58.318232411868934,71.04194546731709
he-en,it,111,G35,G35,1.0,health-6944162.news,74.33135701477784,91.47158799819188
he-en,it,111,G4o,G4o,1.0,health-6944162.news,95.75224668442993,97.48740891311053
he-en,it,111,C3,C3,1.0,health-6944162.news,89.57706306804313,94.63506856949495
he-en,it,111,C35,C35,1.0,health-6944162.news,95.75224668442993,97.48740891311053
he-en,it,111,GP,GP,1.0,health-6944162.news,60.46793175087463,80.0913235994322
he-en,it,111,MEPRS,C35,1.0,health-6944162.news,95.75224668442993,97.48740891311053
he-en,it,113,G35,G35,1.0,celebrities-7966246.news,48.06216298219478,84.56733404445093
he-en,it,113,G4o,G4o,1.0,celebrities-7966246.news,62.68593335004975,88.51251422605361
he-en,it,113,C3,C3,1.0,celebrities-7966246.news,62.68593335004975,88.51251422605361
he-en,it,113,C35,C35,1.0,celebrities-7966246.news,62.68593335004975,88.51251422605361
he-en,it,113,GP,GP,1.0,celebrities-7966246.news,24.684360178824367,69.43291700696
he-en,it,113,MEPRS,C35,1.0,celebrities-7966246.news,62.68593335004975,88.51251422605361
he-en,it,115,G35,G35,1.0,sport-11918887.news,32.38492916972391,72.40172219445962
he-en,it,115,G4o,G4o,1.0,sport-11918887.news,51.51420826880312,81.35973504311339
he-en,it,115,C3,C3,1.0,sport-11918887.news,65.44643084641928,84.25985881618261
he-en,it,115,C35,C35,1.0,sport-11918887.news,75.2718113846002,87.88443198944056
he-en,it,115,GP,GP,1.0,sport-11918887.news,28.90026168395256,70.79377637984328
he-en,it,115,MEPRS,C35,1.0,sport-11918887.news,75.2718113846002,87.88443198944056
he-en,it,116,G35,G35,1.0,tech-10857141.ugc,100.0,100.0
he-en,it,116,G4o,G4o,1.0,tech-10857141.ugc,84.08964152537145,99.45385632877941
he-en,it,116,C3,C3,1.0,tech-10857141.ugc,100.0,100.0
he-en,it,116,C35,C35,1.0,tech-10857141.ugc,100.0,100.0
he-en,it,116,GP,GP,1.0,tech-10857141.ugc,84.08964152537145,99.45385632877941
he-en,it,116,MEPRS,C35,1.0,tech-10857141.ugc,100.0,100.0
he-en,it,118,G35,G35,1.0,sport-6663385.ugc,58.772837251053204,69.1710522447428
he-en,it,118,G4o,G4o,1.0,sport-6663385.ugc,58.772837251053204,69.1710522447428
he-en,it,118,C3,C3,1.0,sport-6663385.ugc,89.31539818068694,85.97620521964097
he-en,it,118,C35,C35,1.0,sport-6663385.ugc,78.75585852725085,75.28316912645592
he-en,it,118,GP,GP,1.0,sport-6663385.ugc,89.31539818068694,85.97620521964097
he-en,it,118,MEPRS,GP,1.0,sport-6663385.ugc,89.31539818068694,85.97620521964097
he-en,it,119,G35,G35,0.9583,travel-6742632.news,47.76629322522498,72.32494459358942
he-en,it,119,G4o,G4o,0.9583,travel-6742632.news,56.684157335549365,79.42196138067992
he-en,it,119,C3,C3,0.9583,travel-6742632.news,54.366966977810485,79.06511687403972
he-en,it,119,C35,C35,0.9583,travel-6742632.news,54.882351292417965,79.43603682374021
he-en,it,119,GP,GP,0.9583,travel-6742632.news,49.394926196051685,75.20515737830947
he-en,it,119,MEPRS,C35,0.9583,travel-6742632.news,54.882351292417965,79.43603682374021
he-en,it,123,G35,G35,0.9667,tech-4475059.news,41.403933560541255,77.23994091845736
he-en,it,123,G4o,G4o,0.9667,tech-4475059.news,34.9742127958519,66.76917084321478
he-en,it,123,C3,C3,0.9667,tech-4475059.news,49.50965136425197,77.28579997108196
he-en,it,123,C35,C35,0.9667,tech-4475059.news,38.32627764426886,73.32081778485575
he-en,it,123,GP,GP,0.9667,tech-4475059.news,56.89153767785513,80.96969871061007
he-en,it,123,MEPRS,GP,0.9667,tech-4475059.news,56.89153767785513,80.96969871061007
he-en,it,125,G35,G35,0.9677,travel-11904005.ugc,16.679551613797315,55.67449833432075
he-en,it,125,G4o,G4o,0.9677,travel-11904005.ugc,26.91109110344472,57.79447154948381
he-en,it,125,C3,C3,0.9677,travel-11904005.ugc,25.336549464486467,51.14918448687587
he-en,it,125,C35,C35,0.9677,travel-11904005.ugc,23.397625978961173,60.29276814380962
he-en,it,125,GP,GP,0.9677,travel-11904005.ugc,13.003841178614525,51.95573461431045
he-en,it,125,MEPRS,G4o,0.9677,travel-11904005.ugc,26.91109110344472,57.79447154948381
he-en,it,128,G35,G35,0.9655,culture-11928547.news,62.17428721035538,80.79860827706258
he-en,it,128,G4o,G4o,0.9655,culture-11928547.news,85.3057040345572,92.39992825410077
he-en,it,128,C3,C3,0.9655,culture-11928547.news,60.91899177368483,77.74668259503494
he-en,it,128,C35,C35,0.9655,culture-11928547.news,65.47926612965134,76.36576052382938
he-en,it,128,GP,GP,0.9655,culture-11928547.news,30.1065392068201,70.75842679968
he-en,it,128,MEPRS,G4o,0.9655,culture-11928547.news,85.3057040345572,92.39992825410077
he-en,it,130,G35,G35,1.0,business-11918180.news,74.92553451352813,82.40987679479751
he-en,it,130,G4o,G4o,1.0,business-11918180.news,62.88134942938594,72.19560075772694
he-en,it,130,C3,C3,1.0,business-11918180.news,61.92337653248582,63.47502903524105
he-en,it,130,C35,C35,1.0,business-11918180.news,36.993332502967455,49.452591272676166
he-en,it,130,GP,GP,1.0,business-11918180.news,61.9354957805981,62.974508540893225
he-en,it,130,MEPRS,G35,1.0,business-11918180.news,74.92553451352813,82.40987679479751
he-en,it,132,G35,G35,1.0,sport-6663385.ugc,13.950796967929136,19.269883369073046
he-en,it,132,G4o,G4o,1.0,sport-6663385.ugc,22.089591134157885,40.89664763577807
he-en,it,132,C3,C3,1.0,sport-6663385.ugc,21.105340631872636,47.149893864307494
he-en,it,132,C35,C35,1.0,sport-6663385.ugc,36.55552228545123,61.21468301264081
he-en,it,132,GP,GP,1.0,sport-6663385.ugc,22.089591134157885,39.94840680864912
he-en,it,132,MEPRS,C35,1.0,sport-6663385.ugc,36.55552228545123,61.21468301264081
he-en,it,134,G35,G35,0.9804,tech-10857141.ugc,62.871524129701484,84.73931354206347
he-en,it,134,G4o,G4o,0.9804,tech-10857141.ugc,45.71228545541518,75.52704508773526
he-en,it,134,C3,C3,0.9804,tech-10857141.ugc,41.70507291634131,70.91421766356865
he-en,it,134,C35,C35,0.9804,tech-10857141.ugc,49.06029156989193,78.94263546624411
he-en,it,134,GP,GP,0.9804,tech-10857141.ugc,52.18011932310756,72.85331846378297
he-en,it,134,MEPRS,G35,0.9804,tech-10857141.ugc,62.871524129701484,84.73931354206347
he-en,it,137,G35,G35,0.9231,tech-10857141.news,34.59215475340093,62.747608896170355
he-en,it,137,G4o,G4o,0.9231,tech-10857141.news,41.732601946910805,74.42071912217703
he-en,it,137,C3,C3,0.9231,tech-10857141.news,34.971402262070804,69.42100766904002
he-en,it,137,C35,C35,0.9231,tech-10857141.news,33.54055413348053,58.744146164438796
he-en,it,137,GP,GP,0.9231,tech-10857141.news,46.18138250671612,72.63222508937214
he-en,it,137,MEPRS,GP,0.9231,tech-10857141.news,46.18138250671612,72.63222508937214
he-en,it,138,G35,G35,1.0,celebrities-7966246.news,61.47881529512643,83.02824188502
he-en,it,138,G4o,G4o,1.0,celebrities-7966246.news,55.120033574472714,76.58182777824983
he-en,it,138,C3,C3,1.0,celebrities-7966246.news,61.47881529512643,83.02824188502
he-en,it,138,C35,C35,1.0,celebrities-7966246.news,61.47881529512643,83.02824188502
he-en,it,138,GP,GP,1.0,celebrities-7966246.news,31.526706296921713,71.31003964837788
he-en,it,138,MEPRS,C35,1.0,celebrities-7966246.news,61.47881529512643,83.02824188502
he-en,it,139,G35,G35,1.0,auto-5285631.news,49.88349435401652,79.98603334213551
he-en,it,139,G4o,G4o,1.0,auto-5285631.news,100.0,100.0
he-en,it,139,C3,C3,1.0,auto-5285631.news,69.97522298221912,85.07599564206964
he-en,it,139,C35,C35,1.0,auto-5285631.news,100.0,100.0
he-en,it,139,GP,GP,1.0,auto-5285631.news,37.55100715351155,74.48323002775058
he-en,it,139,MEPRS,C35,1.0,auto-5285631.news,100.0,100.0
he-en,it,147,G35,G35,1.0,internal-11929688.news,18.952087984183784,51.53713477168851
he-en,it,147,G4o,G4o,1.0,internal-11929688.news,71.43092779606266,87.8773276703804
he-en,it,147,C3,C3,1.0,internal-11929688.news,74.9380986208343,88.33193206995232
he-en,it,147,C35,C35,1.0,internal-11929688.news,50.30354865235552,76.11240412511044
he-en,it,147,GP,GP,1.0,internal-11929688.news,63.047044589050586,76.96550027659781
he-en,it,147,MEPRS,C3,1.0,internal-11929688.news,74.9380986208343,88.33193206995232
he-en,it,150,G35,G35,0.9474,health-6931611.news,55.628230176142445,80.4787167325226
he-en,it,150,G4o,G4o,0.9474,health-6931611.news,54.737891208712135,70.22706946894375
he-en,it,150,C3,C3,0.9474,health-6931611.news,54.069647039937585,74.95366899161938
he-en,it,150,C35,C35,0.9474,health-6931611.news,50.65396181193337,68.75358583997159
he-en,it,150,GP,GP,0.9474,health-6931611.news,64.04353183528194,77.60545412077441
he-en,it,150,MEPRS,GP,0.9474,health-6931611.news,64.04353183528194,77.60545412077441
he-en,it,151,G35,G35,1.0,celebrities-10425290.news,35.556702356686955,51.05634793052042
he-en,it,151,G4o,G4o,1.0,celebrities-10425290.news,29.25612730731506,48.757696817081786
he-en,it,151,C3,C3,1.0,celebrities-10425290.news,35.556702356686955,56.47148978192851
he-en,it,151,C35,C35,1.0,celebrities-10425290.news,35.58461556984752,51.09369506736971
he-en,it,151,GP,GP,1.0,celebrities-10425290.news,17.069933132046984,57.70054652092177
he-en,it,151,MEPRS,C3,1.0,celebrities-10425290.news,35.556702356686955,56.47148978192851
he-en,it,152,G35,G35,1.0,culture-8883085.news,61.8233964096412,88.97088400629212
he-en,it,152,G4o,G4o,1.0,culture-8883085.news,89.70773746801089,99.5994825229853
he-en,it,152,C3,C3,1.0,culture-8883085.news,77.7225641181298,92.3471350639958
he-en,it,152,C35,C35,1.0,culture-8883085.news,77.7225641181298,92.3471350639958
he-en,it,152,GP,GP,1.0,culture-8883085.news,31.206112801565165,72.86490378884791
he-en,it,152,MEPRS,G4o,1.0,culture-8883085.news,89.70773746801089,99.5994825229853
he-en,it,154,G35,G35,1.0,tech-10857141.news,47.40056953421106,79.083336764109
he-en,it,154,G4o,G4o,1.0,tech-10857141.news,82.07710645429188,93.02892448070087
he-en,it,154,C3,C3,1.0,tech-10857141.news,73.04155675910509,93.39618603137775
he-en,it,154,C35,C35,1.0,tech-10857141.news,76.64802952141082,92.68872988540431
he-en,it,154,GP,GP,1.0,tech-10857141.news,43.68152674792536,76.41108680309777
he-en,it,154,MEPRS,C3,1.0,tech-10857141.news,73.04155675910509,93.39618603137775
he-en,it,158,G35,G35,1.0,sport-11927854.ugc,23.462350320528,57.08952840853899
he-en,it,158,G4o,G4o,1.0,sport-11927854.ugc,41.113361690051974,66.7050364453421
he-en,it,158,C3,C3,1.0,sport-11927854.ugc,52.081547318704764,67.97896134698755
he-en,it,158,C35,C35,1.0,sport-11927854.ugc,52.081547318704764,67.97896134698755
he-en,it,158,GP,GP,1.0,sport-11927854.ugc,16.451929399933107,48.411918754768436
he-en,it,158,MEPRS,G4o,1.0,sport-11927854.ugc,41.113361690051974,66.7050364453421
he-en,it,163,G35,G35,1.0,sport-6657351.news,17.098323692758395,59.81519366019518
he-en,it,163,G4o,G4o,1.0,sport-6657351.news,41.72261448611506,70.37866791236496
he-en,it,163,C3,C3,1.0,sport-6657351.news,70.90230911670939,84.64355431019347
he-en,it,163,C35,C35,1.0,sport-6657351.news,46.71379777282001,71.09479092185327
he-en,it,163,GP,GP,1.0,sport-6657351.news,58.143073696821936,77.0906127935425
he-en,it,163,MEPRS,C3,1.0,sport-6657351.news,70.90230911670939,84.64355431019347
he-en,it,166,G35,G35,1.0,celebrities-7966246.ugc,29.847458960098226,81.14665169124075
he-en,it,166,G4o,G4o,1.0,celebrities-7966246.ugc,0.39763536438352537,64.0189702545921
he-en,it,166,C3,C3,1.0,celebrities-7966246.ugc,0.39763536438352537,64.0189702545921
he-en,it,166,C35,C35,1.0,celebrities-7966246.ugc,0.39763536438352537,64.0189702545921
he-en,it,166,GP,GP,1.0,celebrities-7966246.ugc,12.571192676522521,41.20443451987931
he-en,it,166,MEPRS,C35,1.0,celebrities-7966246.ugc,0.39763536438352537,64.0189702545921
he-en,it,168,G35,G35,1.0,culture-11929702.ugc,43.358764485538,68.1718959991398
he-en,it,168,G4o,G4o,1.0,culture-11929702.ugc,58.28233954152654,77.39252236644171
he-en,it,168,C3,C3,1.0,culture-11929702.ugc,43.11553322355954,68.41869634957509
he-en,it,168,C35,C35,1.0,culture-11929702.ugc,43.358764485538,68.1718959991398
he-en,it,168,GP,GP,1.0,culture-11929702.ugc,3.379980823887604e-11,1.3732651988019298
he-en,it,168,MEPRS,G4o,1.0,culture-11929702.ugc,58.28233954152654,77.39252236644171
he-en,it,173,G35,G35,1.0,business-6678547.news,46.71379777282001,75.08843166923204
he-en,it,173,G4o,G4o,1.0,business-6678547.news,20.693220168471374,51.86171956691418
he-en,it,173,C3,C3,1.0,business-6678547.news,20.693220168471374,51.86171956691418
he-en,it,173,C35,C35,1.0,business-6678547.news,20.693220168471374,51.86171956691418
he-en,it,173,GP,GP,1.0,business-6678547.news,20.25288495447137,35.54575548911371
he-en,it,173,MEPRS,G35,1.0,business-6678547.news,46.71379777282001,75.08843166923204
he-en,it,176,G35,G35,1.0,tech-4475059.news,69.97522298221912,88.66359736276041
he-en,it,176,G4o,G4o,1.0,tech-4475059.news,49.17127631592434,76.34692937382287
he-en,it,176,C3,C3,1.0,tech-4475059.news,22.875125432624856,68.16194298999336
he-en,it,176,C35,C35,1.0,tech-4475059.news,48.85007847039713,76.55331925865411
he-en,it,176,GP,GP,1.0,tech-4475059.news,45.46697236991713,76.67524630160963
he-en,it,176,MEPRS,GP,1.0,tech-4475059.news,45.46697236991713,76.67524630160963
he-en,it,180,G35,G35,1.0,sport-6657351.news,27.05172906103837,67.93506209795682
he-en,it,180,G4o,G4o,1.0,sport-6657351.news,28.535372248953852,71.04689641026498
he-en,it,180,C3,C3,1.0,sport-6657351.news,18.237804393416162,71.13342857568479
he-en,it,180,C35,C35,1.0,sport-6657351.news,27.8627830522844,64.53407525296768
he-en,it,180,GP,GP,1.0,sport-6657351.news,18.27921852511911,64.6152750465081
he-en,it,180,MEPRS,C3,1.0,sport-6657351.news,18.237804393416162,71.13342857568479
he-en,it,182,G35,G35,0.9643,tech-10857141.news,37.96539802917211,71.87633722842698
he-en,it,182,G4o,G4o,0.9643,tech-10857141.news,47.66962717211349,76.68200431232282
he-en,it,182,C3,C3,0.9643,tech-10857141.news,59.32370062165895,84.75717065074868
he-en,it,182,C35,C35,0.9643,tech-10857141.news,29.874483311426115,64.89210044359872
he-en,it,182,GP,GP,0.9643,tech-10857141.news,34.528631509497025,72.25838985927604
he-en,it,182,MEPRS,C3,0.9643,tech-10857141.news,59.32370062165895,84.75717065074868
he-en,it,184,G35,G35,0.962,health-6945555.news,21.306629685103783,67.17020505738071
he-en,it,184,G4o,G4o,0.962,health-6945555.news,67.44433716978239,84.93519387651058
he-en,it,184,C3,C3,0.962,health-6945555.news,71.07374193740094,84.69382071624263
he-en,it,184,C35,C35,0.962,health-6945555.news,44.87217093549339,74.92929215405984
he-en,it,184,GP,GP,0.962,health-6945555.news,29.25904946689264,63.64965833923177
he-en,it,184,MEPRS,C3,0.962,health-6945555.news,71.07374193740094,84.69382071624263
he-en,it,191,G35,G35,1.0,culture-11929702.ugc,45.18010018049224,55.594035594035596
he-en,it,191,G4o,G4o,1.0,culture-11929702.ugc,45.18010018049224,54.60467801243277
he-en,it,191,C3,C3,1.0,culture-11929702.ugc,45.18010018049224,55.594035594035596
he-en,it,191,C35,C35,1.0,culture-11929702.ugc,45.18010018049224,54.60467801243277
he-en,it,191,GP,GP,1.0,culture-11929702.ugc,45.18010018049224,54.60467801243277
he-en,it,191,MEPRS,G35,1.0,culture-11929702.ugc,45.18010018049224,55.594035594035596
he-en,it,193,G35,G35,0.9756,travel-6742632.news,45.00917438828996,72.80130048643174
he-en,it,193,G4o,G4o,0.9756,travel-6742632.news,47.64820119372201,74.61358300253112
he-en,it,193,C3,C3,0.9756,travel-6742632.news,57.10116897106117,74.91631925198247
he-en,it,193,C35,C35,0.9756,travel-6742632.news,47.71897075810882,76.16502932031082
he-en,it,193,GP,GP,0.9756,travel-6742632.news,32.624484695783124,68.53662985178919
he-en,it,193,MEPRS,C3,0.9756,travel-6742632.news,57.10116897106117,74.91631925198247
he-en,it,198,G35,G35,0.9286,health-6935580.news,8.607692533178168,46.83906507462933
he-en,it,198,G4o,G4o,0.9286,health-6935580.news,46.39152225033673,73.1336712227907
he-en,it,198,C3,C3,0.9286,health-6935580.news,19.628122566385414,57.49832655326614
he-en,it,198,C35,C35,0.9286,health-6935580.news,25.649071493185982,64.87052541522375
he-en,it,198,GP,GP,0.9286,health-6935580.news,24.00243847069224,53.656252713638
he-en,it,198,MEPRS,G4o,0.9286,health-6935580.news,46.39152225033673,73.1336712227907
he-en,tear,4,G35,G35,1.0,health-10797578.news,76.23229060966982,85.84344751198722
he-en,tear,4,G4o,G4o,1.0,health-10797578.news,75.90994812356263,81.01958999221812
he-en,tear,4,C3,C3,1.0,health-10797578.news,59.654991268429946,74.85589920933826
he-en,tear,4,C35,C35,1.0,health-10797578.news,84.92326635760689,87.23310299393295
he-en,tear,4,GP,GP,1.0,health-10797578.news,68.8836505346656,81.0522954216684
he-en,tear,4,MEPRS,C35,1.0,health-10797578.news,84.92326635760689,87.23310299393295
he-en,tear,5,G35,G35,1.0,internal-11921820.news,43.27312505235874,75.35128876714131
he-en,tear,5,G4o,G4o,1.0,internal-11921820.news,59.0188116664391,81.76838538001262
he-en,tear,5,C3,C3,1.0,internal-11921820.news,65.77806687974436,89.22445009801162
he-en,tear,5,C35,C35,1.0,internal-11921820.news,65.6674123724501,85.59466473898844
he-en,tear,5,GP,GP,1.0,internal-11921820.news,32.50314412587628,77.74936447560283
he-en,tear,5,MEPRS,C3,1.0,internal-11921820.news,65.77806687974436,89.22445009801162
he-en,tear,7,G35,G35,1.0,travel-6705434.ugc,40.349077539894935,61.866791195553645
he-en,tear,7,G4o,G4o,1.0,travel-6705434.ugc,35.95818888322724,63.9764222613079
he-en,tear,7,C3,C3,1.0,travel-6705434.ugc,33.81307292971254,60.52531347005353
he-en,tear,7,C35,C35,1.0,travel-6705434.ugc,55.7853798004205,67.40531982990272
he-en,tear,7,GP,GP,1.0,travel-6705434.ugc,33.11822752222955,62.86936915561186
he-en,tear,7,MEPRS,C35,1.0,travel-6705434.ugc,55.7853798004205,67.40531982990272
he-en,tear,9,G35,G35,1.0,health-6945555.ugc,68.03749333171201,94.68343782262325
he-en,tear,9,G4o,G4o,1.0,health-6945555.ugc,75.98356856515926,91.72604931300583
he-en,tear,9,C3,C3,1.0,health-6945555.ugc,100.0,100.0
he-en,tear,9,C35,C35,1.0,health-6945555.ugc,77.8800783071405,92.3668132371542
he-en,tear,9,GP,GP,1.0,health-6945555.ugc,77.8800783071405,92.3668132371542
he-en,tear,9,MEPRS,C3,1.0,health-6945555.ugc,100.0,100.0
he-en,tear,10,G35,G35,1.0,internal-11921820.news,0.14628187563941417,39.45571289824422
he-en,tear,10,G4o,G4o,1.0,internal-11921820.news,22.35233909919704,18.986302489437286
he-en,tear,10,C3,C3,1.0,internal-11921820.news,62.21008431290531,76.57553368245838
he-en,tear,10,C35,C35,1.0,internal-11921820.news,0.11115018927487522,12.631315851378622
he-en,tear,10,GP,GP,1.0,internal-11921820.news,5.152030073523672,17.825814987415452
he-en,tear,10,MEPRS,G4o,1.0,internal-11921820.news,22.35233909919704,18.986302489437286
he-en,tear,12,G35,G35,1.0,travel-11904005.news,42.61082723917017,72.36336119358991
he-en,tear,12,G4o,G4o,1.0,travel-11904005.news,32.37234780847803,58.98169119133518
he-en,tear,12,C3,C3,1.0,travel-11904005.news,25.25417913789647,65.09517275374391
he-en,tear,12,C35,C35,1.0,travel-11904005.news,34.78635157752423,76.1639136774706
he-en,tear,12,GP,GP,1.0,travel-11904005.news,49.13270548144421,68.74641979486022
he-en,tear,12,MEPRS,C3,1.0,travel-11904005.news,25.25417913789647,65.09517275374391
he-en,tear,15,G35,G35,1.0,health-6944162.news,43.34389498750909,72.68485424819319
he-en,tear,15,G4o,G4o,1.0,health-6944162.news,61.04735835807844,72.09672912281125
he-en,tear,15,C3,C3,1.0,health-6944162.news,75.06238537503394,79.78672758396458
he-en,tear,15,C35,C35,1.0,health-6944162.news,100.0,100.0
he-en,tear,15,GP,GP,1.0,health-6944162.news,32.46679154750989,72.76620043634468
he-en,tear,15,MEPRS,C35,1.0,health-6944162.news,100.0,100.0
he-en,tear,17,G35,G35,1.0,tech-4529876.news,60.109065739327065,85.13041382828885
he-en,tear,17,G4o,G4o,1.0,tech-4529876.news,77.80667585391488,89.15641997080034
he-en,tear,17,C3,C3,1.0,tech-4529876.news,93.94130628134758,99.1602759088697
he-en,tear,17,C35,C35,1.0,tech-4529876.news,77.80667585391488,89.15641997080034
he-en,tear,17,GP,GP,1.0,tech-4529876.news,59.635843213583364,85.31194452388156
he-en,tear,17,MEPRS,C3,1.0,tech-4529876.news,93.94130628134758,99.1602759088697
he-en,tear,18,G35,G35,0.96,culture-11927371.news,41.46090883661921,69.59743294200999
he-en,tear,18,G4o,G4o,0.96,culture-11927371.news,35.15787253565496,67.10883295354613
he-en,tear,18,C3,C3,0.96,culture-11927371.news,47.24600582626345,70.07160412825363
he-en,tear,18,C35,C35,0.96,culture-11927371.news,38.27942909957974,70.29271053452278
he-en,tear,18,GP,GP,0.96,culture-11927371.news,15.331320282974648,63.67247235499027
he-en,tear,18,MEPRS,G4o,0.96,culture-11927371.news,35.15787253565496,67.10883295354613
he-en,tear,20,G35,G35,1.0,travel-11738742.news,41.006187688942475,76.77095561953024
he-en,tear,20,G4o,G4o,1.0,travel-11738742.news,28.63424630911014,82.59590789480824
he-en,tear,20,C3,C3,1.0,travel-11738742.news,46.85909905380384,83.73044514255169
he-en,tear,20,C35,C35,1.0,travel-11738742.news,25.764518192899573,79.34669689658972
he-en,tear,20,GP,GP,1.0,travel-11738742.news,25.21011838885782,75.01777713269541
he-en,tear,20,MEPRS,C3,1.0,travel-11738742.news,46.85909905380384,83.73044514255169
he-en,tear,25,G35,G35,0.9268,internal-11928232.news,25.552199116069907,59.7984087330285
he-en,tear,25,G4o,G4o,0.9268,internal-11928232.news,54.816047830879924,72.11201255340856
he-en,tear,25,C3,C3,0.9268,internal-11928232.news,59.378308100735,79.86544642409748
he-en,tear,25,C35,C35,0.9268,internal-11928232.news,62.22197181572722,82.05931679654563
he-en,tear,25,GP,GP,0.9268,internal-11928232.news,2.046801117985877e-08,0.0
he-en,tear,25,MEPRS,G35,0.9268,internal-11928232.news,25.552199116069907,59.7984087330285
he-en,tear,26,G35,G35,1.0,celebrities-7966246.ugc,48.8923022434901,82.31219297506914
he-en,tear,26,G4o,G4o,1.0,celebrities-7966246.ugc,25.96535889340338,74.04396675226127
he-en,tear,26,C3,C3,1.0,celebrities-7966246.ugc,100.0,100.0
he-en,tear,26,C35,C35,1.0,celebrities-7966246.ugc,50.813274815461476,80.6349990589121
he-en,tear,26,GP,GP,1.0,celebrities-7966246.ugc,22.997519112894445,65.80303527271253
he-en,tear,26,MEPRS,C3,1.0,celebrities-7966246.ugc,100.0,100.0
he-en,tear,28,G35,G35,1.0,travel-6742632.ugc,30.285126832882355,45.6700760773125
he-en,tear,28,G4o,G4o,1.0,travel-6742632.ugc,59.46035575013605,64.04906494060387
he-en,tear,28,C3,C3,1.0,travel-6742632.ugc,24.002491458061353,20.336857447556373
he-en,tear,28,C35,C35,1.0,travel-6742632.ugc,0.10481554406510145,20.303482181867782
he-en,tear,28,GP,GP,1.0,travel-6742632.ugc,24.808415001701817,33.332081450335934
he-en,tear,28,MEPRS,G4o,1.0,travel-6742632.ugc,59.46035575013605,64.04906494060387
he-en,tear,30,G35,G35,1.0,health-10797578.news,22.172045047934617,53.756649170341795
he-en,tear,30,G4o,G4o,1.0,health-10797578.news,24.384183193426086,67.38811517358151
he-en,tear,30,C3,C3,1.0,health-10797578.news,22.692039365038067,65.07112692889443
he-en,tear,30,C35,C35,1.0,health-10797578.news,58.143073696821936,87.76686605633974
he-en,tear,30,GP,GP,1.0,health-10797578.news,23.099966849728553,53.000867847685235
he-en,tear,30,MEPRS,C35,1.0,health-10797578.news,58.143073696821936,87.76686605633974
he-en,tear,38,G35,G35,1.0,tech-10794134.news,40.56966136591355,74.20055751416241
he-en,tear,38,G4o,G4o,1.0,tech-10794134.news,21.258844131063828,50.463210926284574
he-en,tear,38,C3,C3,1.0,tech-10794134.news,9.758328489871491,38.33555795310012
he-en,tear,38,C35,C35,1.0,tech-10794134.news,21.258844131063828,50.463210926284574
he-en,tear,38,GP,GP,1.0,tech-10794134.news,11.548431380162247,40.54581872126075
he-en,tear,38,MEPRS,G4o,1.0,tech-10794134.news,21.258844131063828,50.463210926284574
he-en,tear,48,G35,G35,1.0,health-6931611.news,15.215596197411095,32.178491642168055
he-en,tear,48,G4o,G4o,1.0,health-6931611.news,20.543263295238937,36.66511990425034
he-en,tear,48,C3,C3,1.0,health-6931611.news,48.326978309062206,71.06606383417979
he-en,tear,48,C35,C35,1.0,health-6931611.news,20.543263295238937,36.66511990425034
he-en,tear,48,GP,GP,1.0,health-6931611.news,17.749896924055253,47.41589648919876
he-en,tear,48,MEPRS,C3,1.0,health-6931611.news,48.326978309062206,71.06606383417979
he-en,tear,50,G35,G35,0.9535,health-10745162.news,65.77444588314239,83.16850457755586
he-en,tear,50,G4o,G4o,0.9535,health-10745162.news,59.621931168944975,77.57520342648894
he-en,tear,50,C3,C3,0.9535,health-10745162.news,64.942212534869,81.03504222676476
he-en,tear,50,C35,C35,0.9535,health-10745162.news,57.19313043616271,77.05302362509569
he-en,tear,50,GP,GP,0.9535,health-10745162.news,62.350176617680745,81.92737695686859
he-en,tear,50,MEPRS,C3,0.9535,health-10745162.news,64.942212534869,81.03504222676476
he-en,tear,51,G35,G35,0.9722,travel-6725307.news,76.04949407097635,88.20762847019977
he-en,tear,51,G4o,G4o,0.9722,travel-6725307.news,48.92244388978575,71.77906741745873
he-en,tear,51,C3,C3,0.9722,travel-6725307.news,72.14759626649614,88.0793627374952
he-en,tear,51,C35,C35,0.9722,travel-6725307.news,64.91324703601799,83.65350216181939
he-en,tear,51,GP,GP,0.9722,travel-6725307.news,40.27083420548615,71.33711424798867
he-en,tear,51,MEPRS,G35,0.9722,travel-6725307.news,76.04949407097635,88.20762847019977
he-en,tear,54,G35,G35,1.0,tech-10857141.ugc,42.311785416105785,70.02520300474141
he-en,tear,54,G4o,G4o,1.0,tech-10857141.ugc,26.130226596777128,60.036674596587
he-en,tear,54,C3,C3,1.0,tech-10857141.ugc,57.89484299135019,81.87283373720486
he-en,tear,54,C35,C35,1.0,tech-10857141.ugc,57.89484299135019,81.87283373720486
he-en,tear,54,GP,GP,1.0,tech-10857141.ugc,44.12739850976206,63.2402884976653
he-en,tear,54,MEPRS,GP,1.0,tech-10857141.ugc,44.12739850976206,63.2402884976653
he-en,tear,59,G35,G35,0.9722,travel-11904005.ugc,52.02870834435169,71.09996859131779
he-en,tear,59,G4o,G4o,0.9722,travel-11904005.ugc,46.92470064105599,66.93242273449798
he-en,tear,59,C3,C3,0.9722,travel-11904005.ugc,29.052561567528308,45.69290065341689
he-en,tear,59,C35,C35,0.9722,travel-11904005.ugc,29.052561567528308,52.77556040317706
he-en,tear,59,GP,GP,0.9722,travel-11904005.ugc,2.6373563888753835,18.71378582530651
he-en,tear,59,MEPRS,G4o,0.9722,travel-11904005.ugc,46.92470064105599,66.93242273449798
he-en,tear,62,G35,G35,0.9836,tech-4531486.news,17.87631235345206,60.449536634707904
he-en,tear,62,G4o,G4o,0.9836,tech-4531486.news,13.309610652103345,39.54222325196393
he-en,tear,62,C3,C3,0.9836,tech-4531486.news,13.583060054007278,39.408559244872954
he-en,tear,62,C35,C35,0.9836,tech-4531486.news,14.30210741102858,53.14447889024067
he-en,tear,62,GP,GP,0.9836,tech-4531486.news,9.849349468888722,50.806107577670964
he-en,tear,62,MEPRS,G35,0.9836,tech-4531486.news,17.87631235345206,60.449536634707904
he-en,tear,70,G35,G35,1.0,sport-6671743.news,76.24658586234861,93.98546996239857
he-en,tear,70,G4o,G4o,1.0,sport-6671743.news,36.93838442370968,51.85257308213258
he-en,tear,70,C3,C3,1.0,sport-6671743.news,37.09644699677415,52.00774773329828
he-en,tear,70,C35,C35,1.0,sport-6671743.news,76.24658586234861,93.98546996239857
he-en,tear,70,GP,GP,1.0,sport-6671743.news,71.60350546947922,93.7371762807324
he-en,tear,70,MEPRS,C35,1.0,sport-6671743.news,76.24658586234861,93.98546996239857
he-en,tear,72,G35,G35,0.988,travel-11904005.news,68.41880810039098,81.85478902074469
he-en,tear,72,G4o,G4o,0.988,travel-11904005.news,67.90604780332986,85.14413574533982
he-en,tear,72,C3,C3,0.988,travel-11904005.news,76.50612090630095,91.3397435347783
he-en,tear,72,C35,C35,0.988,travel-11904005.news,49.771161042659145,73.79165207567203
he-en,tear,72,GP,GP,0.988,travel-11904005.news,34.17157312963786,66.97860852653831
he-en,tear,72,MEPRS,C3,0.988,travel-11904005.news,76.50612090630095,91.3397435347783
he-en,tear,73,G35,G35,1.0,business-6693072.news,60.477196731738104,83.30965399881539
he-en,tear,73,G4o,G4o,1.0,business-6693072.news,67.89925893528313,86.48475162795454
he-en,tear,73,C3,C3,1.0,business-6693072.news,59.22043012135426,78.78456628626701
he-en,tear,73,C35,C35,1.0,business-6693072.news,65.66979515753673,83.42757479114833
he-en,tear,73,GP,GP,1.0,business-6693072.news,53.11464359384742,70.33247578517008
he-en,tear,73,MEPRS,C3,1.0,business-6693072.news,59.22043012135426,78.78456628626701
he-en,tear,75,G35,G35,1.0,sport-6671743.ugc,17.851905035930724,29.220584616668305
he-en,tear,75,G4o,G4o,1.0,sport-6671743.ugc,18.527972555830953,52.103355252239645
he-en,tear,75,C3,C3,1.0,sport-6671743.ugc,22.241434515868946,34.45703287422113
he-en,tear,75,C35,C35,1.0,sport-6671743.ugc,14.949751774990682,42.163339716793786
he-en,tear,75,GP,GP,1.0,sport-6671743.ugc,23.253775401768095,45.185104593251104
he-en,tear,75,MEPRS,GP,1.0,sport-6671743.ugc,23.253775401768095,45.185104593251104
he-en,tear,79,G35,G35,1.0,health-10797578.news,78.49654595482254,89.47120715896983
he-en,tear,79,G4o,G4o,1.0,health-10797578.news,66.89604664235209,85.10589350307079
he-en,tear,79,C3,C3,1.0,health-10797578.news,74.7357556981764,91.22508245541268
he-en,tear,79,C35,C35,1.0,health-10797578.news,60.51475274955804,85.82980851660217
he-en,tear,79,GP,GP,1.0,health-10797578.news,58.94159589207006,85.68954725610824
he-en,tear,79,MEPRS,G35,1.0,health-10797578.news,78.49654595482254,89.47120715896983
he-en,tear,82,G35,G35,0.9444,sport-11901982.news,31.787301017502504,69.44555087391343
he-en,tear,82,G4o,G4o,0.9444,sport-11901982.news,41.723815874944044,68.20618802325687
he-en,tear,82,C3,C3,0.9444,sport-11901982.news,38.931333896566834,75.23652592820669
he-en,tear,82,C35,C35,0.9444,sport-11901982.news,39.17928526209256,73.26764182295504
he-en,tear,82,GP,GP,0.9444,sport-11901982.news,54.30194579367794,74.43929848654133
he-en,tear,82,MEPRS,C3,0.9444,sport-11901982.news,38.931333896566834,75.23652592820669
he-en,tear,84,G35,G35,1.0,sport-11927854.ugc,55.55238068023583,77.32004708349766
he-en,tear,84,G4o,G4o,1.0,sport-11927854.ugc,39.2814650900513,65.56786203602748
he-en,tear,84,C3,C3,1.0,sport-11927854.ugc,27.776190340117914,57.31562515229709
he-en,tear,84,C35,C35,1.0,sport-11927854.ugc,29.07153684841096,67.6440258538875
he-en,tear,84,GP,GP,1.0,sport-11927854.ugc,3.800362195856245,20.126651554995437
he-en,tear,84,MEPRS,G35,1.0,sport-11927854.ugc,55.55238068023583,77.32004708349766
he-en,tear,85,G35,G35,1.0,culture-11929702.ugc,39.458812555917675,48.56827460642243
he-en,tear,85,G4o,G4o,1.0,culture-11929702.ugc,49.710454375314015,72.23148912546445
he-en,tear,85,C3,C3,1.0,culture-11929702.ugc,74.19446627365011,90.34194560691111
he-en,tear,85,C35,C35,1.0,culture-11929702.ugc,29.98221389342337,66.19038759952022
he-en,tear,85,GP,GP,1.0,culture-11929702.ugc,18.295654224495205,55.55600628771361
he-en,tear,85,MEPRS,C3,1.0,culture-11929702.ugc,74.19446627365011,90.34194560691111
he-en,tear,92,G35,G35,0.9412,business-6678547.news,46.17459843717227,73.88464686423099
he-en,tear,92,G4o,G4o,0.9412,business-6678547.news,38.775532460097864,71.42308611199877
he-en,tear,92,C3,C3,0.9412,business-6678547.news,48.77276853942825,78.34024171546709
he-en,tear,92,C35,C35,0.9412,business-6678547.news,30.450386757106212,68.62211812516766
he-en,tear,92,GP,GP,0.9412,business-6678547.news,44.301640250791756,72.0625006251057
he-en,tear,92,MEPRS,C3,0.9412,business-6678547.news,48.77276853942825,78.34024171546709
he-en,tear,93,G35,G35,1.0,sport-11901982.ugc,39.76353643835253,48.3312862217277
he-en,tear,93,G4o,G4o,1.0,sport-11901982.ugc,31.23939936920256,53.84711947882696
he-en,tear,93,C3,C3,1.0,sport-11901982.ugc,75.98356856515926,98.85936419198968
he-en,tear,93,C35,C35,1.0,sport-11901982.ugc,100.0,100.0
he-en,tear,93,GP,GP,1.0,sport-11901982.ugc,7.444903200446294e-07,6.290352840938746
he-en,tear,93,MEPRS,C35,1.0,sport-11901982.ugc,100.0,100.0
he-en,tear,95,G35,G35,1.0,travel-6742632.ugc,61.47881529512643,93.00541370394312
he-en,tear,95,G4o,G4o,1.0,travel-6742632.ugc,50.813274815461476,77.1928884790894
he-en,tear,95,C3,C3,1.0,travel-6742632.ugc,100.0,100.0
he-en,tear,95,C35,C35,1.0,travel-6742632.ugc,45.18010018049224,80.11164081017021
he-en,tear,95,GP,GP,1.0,travel-6742632.ugc,31.23939936920256,57.56802996586876
he-en,tear,95,MEPRS,C3,1.0,travel-6742632.ugc,100.0,100.0
he-en,tear,98,G35,G35,1.0,animals-10505867.news,42.81818531951608,62.12931610756087
he-en,tear,98,G4o,G4o,1.0,animals-10505867.news,57.26880293059101,74.75167286574892
he-en,tear,98,C3,C3,1.0,animals-10505867.news,47.20305201905444,64.78175122220256
he-en,tear,98,C35,C35,1.0,animals-10505867.news,81.93228857188178,85.63921597885407
he-en,tear,98,GP,GP,1.0,animals-10505867.news,72.00242075875519,92.86234522539245
he-en,tear,98,MEPRS,GP,1.0,animals-10505867.news,72.00242075875519,92.86234522539245
he-en,tear,99,G35,G35,1.0,tech-10576693.ugc,44.83386700384459,72.16478843062787
he-en,tear,99,G4o,G4o,1.0,tech-10576693.ugc,49.616830003403635,68.23729704962898
he-en,tear,99,C3,C3,1.0,tech-10576693.ugc,38.163309113713375,61.08437488170107
he-en,tear,99,C35,C35,1.0,tech-10576693.ugc,38.163309113713375,62.14975076593416
he-en,tear,99,GP,GP,1.0,tech-10576693.ugc,65.25452579142078,92.03340688931006
he-en,tear,99,MEPRS,GP,1.0,tech-10576693.ugc,65.25452579142078,92.03340688931006
he-en,tear,102,G35,G35,1.0,travel-11848012.news,46.097581643887644,69.61263178762711
he-en,tear,102,G4o,G4o,1.0,travel-11848012.news,36.7548424919331,65.2601573370821
he-en,tear,102,C3,C3,1.0,travel-11848012.news,59.5610008360518,79.74545579219696
he-en,tear,102,C35,C35,1.0,travel-11848012.news,48.87668419254593,72.68308064140238
he-en,tear,102,GP,GP,1.0,travel-11848012.news,42.671918187762245,68.86669681673717
he-en,tear,102,MEPRS,C3,1.0,travel-11848012.news,59.5610008360518,79.74545579219696
he-en,tear,106,G35,G35,1.0,business-11924445.news,52.45796802582052,77.14030190596375
he-en,tear,106,G4o,G4o,1.0,business-11924445.news,42.152559153271454,74.5969519750998
he-en,tear,106,C3,C3,1.0,business-11924445.news,43.12742092847731,78.03308582299603
he-en,tear,106,C35,C35,1.0,business-11924445.news,51.93529460574761,79.0808228321958
he-en,tear,106,GP,GP,1.0,business-11924445.news,63.48035387433741,82.67131691775823
he-en,tear,106,MEPRS,GP,1.0,business-11924445.news,63.48035387433741,82.67131691775823
he-en,tear,109,G35,G35,1.0,business-6678547.news,45.27471870952894,60.2238283128523
he-en,tear,109,G4o,G4o,1.0,business-6678547.news,47.38611152748619,76.55117846332875
he-en,tear,109,C3,C3,1.0,business-6678547.news,66.06328636027614,73.24083988370865
he-en,tear,109,C35,C35,1.0,business-6678547.news,44.803042738802716,69.24283125070563
he-en,tear,109,GP,GP,1.0,business-6678547.news,27.22589423069702,55.95995483311347
he-en,tear,109,MEPRS,C3,1.0,business-6678547.news,66.06328636027614,73.24083988370865
he-en,tear,111,G35,G35,1.0,health-6944162.news,83.29309946736377,92.56432241747638
he-en,tear,111,G4o,G4o,1.0,health-6944162.news,76.87216865133333,88.90101315102508
he-en,tear,111,C3,C3,1.0,health-6944162.news,75.32169390064269,89.10403878057745
he-en,tear,111,C35,C35,1.0,health-6944162.news,95.75224668442993,97.48740891311053
he-en,tear,111,GP,GP,1.0,health-6944162.news,60.46793175087463,80.0913235994322
he-en,tear,111,MEPRS,C35,1.0,health-6944162.news,95.75224668442993,97.48740891311053
he-en,tear,113,G35,G35,1.0,celebrities-7966246.news,62.68593335004975,88.51251422605361
he-en,tear,113,G4o,G4o,1.0,celebrities-7966246.news,54.01725898595141,83.95905876268968
he-en,tear,113,C3,C3,1.0,celebrities-7966246.news,53.09354663044073,81.64521587902485
he-en,tear,113,C35,C35,1.0,celebrities-7966246.news,48.45766087853281,84.55581047733531
he-en,tear,113,GP,GP,1.0,celebrities-7966246.news,36.39723552007909,79.68837031024984
he-en,tear,113,MEPRS,G35,1.0,celebrities-7966246.news,62.68593335004975,88.51251422605361
he-en,tear,115,G35,G35,1.0,sport-11918887.news,69.92557086396356,84.97076434769684
he-en,tear,115,G4o,G4o,1.0,sport-11918887.news,84.09760644533057,89.17012549029914
he-en,tear,115,C3,C3,1.0,sport-11918887.news,52.985371805568995,77.16256629087472
he-en,tear,115,C35,C35,1.0,sport-11918887.news,65.44643084641928,85.705822194475
he-en,tear,115,GP,GP,1.0,sport-11918887.news,55.666447839323965,82.61623090873447
he-en,tear,115,MEPRS,G4o,1.0,sport-11918887.news,84.09760644533057,89.17012549029914
he-en,tear,116,G35,G35,1.0,tech-10857141.ugc,84.08964152537145,99.45385632877941
he-en,tear,116,G4o,G4o,1.0,tech-10857141.ugc,84.08964152537145,99.45385632877941
he-en,tear,116,C3,C3,1.0,tech-10857141.ugc,100.0,100.0
he-en,tear,116,C35,C35,1.0,tech-10857141.ugc,84.08964152537145,99.45385632877941
he-en,tear,116,GP,GP,1.0,tech-10857141.ugc,26.26909894424158,46.76612781584871
he-en,tear,116,MEPRS,C3,1.0,tech-10857141.ugc,100.0,100.0
he-en,tear,118,G35,G35,1.0,sport-6663385.ugc,78.75585852725085,84.17729145889565
he-en,tear,118,G4o,G4o,1.0,sport-6663385.ugc,89.31539818068694,85.97620521964097
he-en,tear,118,C3,C3,1.0,sport-6663385.ugc,78.75585852725085,84.17729145889565
he-en,tear,118,C35,C35,1.0,sport-6663385.ugc,89.31539818068694,85.97620521964097
he-en,tear,118,GP,GP,1.0,sport-6663385.ugc,33.88714363186177,60.483171609784904
he-en,tear,118,MEPRS,C3,1.0,sport-6663385.ugc,78.75585852725085,84.17729145889565
he-en,tear,119,G35,G35,0.9583,travel-6742632.news,43.75613045812791,68.00168362406878
he-en,tear,119,G4o,G4o,0.9583,travel-6742632.news,65.12347732642607,82.98108033448906
he-en,tear,119,C3,C3,0.9583,travel-6742632.news,35.92428930293908,71.34626366226142
he-en,tear,119,C35,C35,0.9583,travel-6742632.news,54.882351292417965,79.43603682374021
he-en,tear,119,GP,GP,0.9583,travel-6742632.news,49.394926196051685,75.20515737830947
he-en,tear,119,MEPRS,G4o,0.9583,travel-6742632.news,65.12347732642607,82.98108033448906
he-en,tear,123,G35,G35,0.9667,tech-4475059.news,34.879766761619074,71.96851504513948
he-en,tear,123,G4o,G4o,0.9667,tech-4475059.news,35.483357211071706,67.49111357305698
he-en,tear,123,C3,C3,0.9667,tech-4475059.news,40.770453008579906,74.04358621335882
he-en,tear,123,C35,C35,0.9667,tech-4475059.news,28.521793529714238,66.75869490455426
he-en,tear,123,GP,GP,0.9667,tech-4475059.news,41.120643380972034,74.46861984336944
he-en,tear,123,MEPRS,C3,0.9667,tech-4475059.news,40.770453008579906,74.04358621335882
he-en,tear,125,G35,G35,0.9677,travel-11904005.ugc,26.91109110344472,58.122555538985125
he-en,tear,125,G4o,G4o,0.9677,travel-11904005.ugc,32.556662729443055,65.35669987245639
he-en,tear,125,C3,C3,0.9677,travel-11904005.ugc,16.153071659734703,48.2044187083491
he-en,tear,125,C35,C35,0.9677,travel-11904005.ugc,18.578670478212825,56.923529104399584
he-en,tear,125,GP,GP,0.9677,travel-11904005.ugc,0.9645081381460398,12.417369098409049
he-en,tear,125,MEPRS,G35,0.9677,travel-11904005.ugc,26.91109110344472,58.122555538985125
he-en,tear,128,G35,G35,0.9655,culture-11928547.news,61.71199278722871,77.73781796480064
he-en,tear,128,G4o,G4o,0.9655,culture-11928547.news,69.44800921243831,83.52012193053419
he-en,tear,128,C3,C3,0.9655,culture-11928547.news,71.63431096591272,87.08729631902986
he-en,tear,128,C35,C35,0.9655,culture-11928547.news,73.45107335000417,85.05224269852216
he-en,tear,128,GP,GP,0.9655,culture-11928547.news,55.17174092573913,78.30376897782317
he-en,tear,128,MEPRS,C3,0.9655,culture-11928547.news,71.63431096591272,87.08729631902986
he-en,tear,130,G35,G35,1.0,business-11918180.news,53.49342623640792,63.53911247117018
he-en,tear,130,G4o,G4o,1.0,business-11918180.news,63.77386821070168,74.2491865314504
he-en,tear,130,C3,C3,1.0,business-11918180.news,61.92337653248582,63.125142759123094
he-en,tear,130,C35,C35,1.0,business-11918180.news,37.62957149383418,52.78343802514675
he-en,tear,130,GP,GP,1.0,business-11918180.news,53.19499812335498,71.83990481135866
he-en,tear,130,MEPRS,G4o,1.0,business-11918180.news,63.77386821070168,74.2491865314504
he-en,tear,132,G35,G35,1.0,sport-6663385.ugc,17.747405280050263,25.23021303484882
he-en,tear,132,G4o,G4o,1.0,sport-6663385.ugc,21.105340631872636,49.12365760916486
he-en,tear,132,C3,C3,1.0,sport-6663385.ugc,36.55552228545123,61.21468301264081
he-en,tear,132,C35,C35,1.0,sport-6663385.ugc,14.991106946711685,43.13825441212245
he-en,tear,132,GP,GP,1.0,sport-6663385.ugc,27.776190340117914,60.204225474060905
he-en,tear,132,MEPRS,GP,1.0,sport-6663385.ugc,27.776190340117914,60.204225474060905
he-en,tear,134,G35,G35,0.9804,tech-10857141.ugc,51.11744072566823,76.15686795378585
he-en,tear,134,G4o,G4o,0.9804,tech-10857141.ugc,50.719609394568806,78.4254227861229
he-en,tear,134,C3,C3,0.9804,tech-10857141.ugc,43.71228773009425,74.86160704363719
he-en,tear,134,C35,C35,0.9804,tech-10857141.ugc,40.832708006329746,71.75447010601253
he-en,tear,134,GP,GP,0.9804,tech-10857141.ugc,10.412501165940986,50.03797634486864
he-en,tear,134,MEPRS,G35,0.9804,tech-10857141.ugc,51.11744072566823,76.15686795378585
he-en,tear,137,G35,G35,0.9231,tech-10857141.news,39.3369642207898,69.77787468343232
he-en,tear,137,G4o,G4o,0.9231,tech-10857141.news,41.483877610832685,70.46695654262989
he-en,tear,137,C3,C3,0.9231,tech-10857141.news,49.764480798089856,79.57078743547156
he-en,tear,137,C35,C35,0.9231,tech-10857141.news,24.6485816062887,59.67235603366651
he-en,tear,137,GP,GP,0.9231,tech-10857141.news,46.18138250671612,72.63222508937214
he-en,tear,137,MEPRS,C3,0.9231,tech-10857141.news,49.764480798089856,79.57078743547156
he-en,tear,138,G35,G35,1.0,celebrities-7966246.news,61.037911309497645,75.21877938459882
he-en,tear,138,G4o,G4o,1.0,celebrities-7966246.news,59.23033072023248,77.76596982985119
he-en,tear,138,C3,C3,1.0,celebrities-7966246.news,61.47881529512643,83.02824188502
he-en,tear,138,C35,C35,1.0,celebrities-7966246.news,51.544589013981735,74.04285398702939
he-en,tear,138,GP,GP,1.0,celebrities-7966246.news,50.97960527136183,82.06462789807576
he-en,tear,138,MEPRS,C3,1.0,celebrities-7966246.news,61.47881529512643,83.02824188502
he-en,tear,139,G35,G35,1.0,auto-5285631.news,91.93227152249185,99.64059546205068
he-en,tear,139,G4o,G4o,1.0,auto-5285631.news,72.41577342575827,92.72358552647178
he-en,tear,139,C3,C3,1.0,auto-5285631.news,69.97522298221912,85.07599564206964
he-en,tear,139,C35,C35,1.0,auto-5285631.news,100.0,100.0
he-en,tear,139,GP,GP,1.0,auto-5285631.news,61.98021310128995,89.94366860613383
he-en,tear,139,MEPRS,C35,1.0,auto-5285631.news,100.0,100.0
he-en,tear,147,G35,G35,1.0,internal-11929688.news,56.34261398326406,75.96144043054436
he-en,tear,147,G4o,G4o,1.0,internal-11929688.news,52.01592023534241,71.06013367039091
he-en,tear,147,C3,C3,1.0,internal-11929688.news,39.050937776194196,64.98658352937036
he-en,tear,147,C35,C35,1.0,internal-11929688.news,52.773391109389195,76.50738653374701
he-en,tear,147,GP,GP,1.0,internal-11929688.news,57.14392512385289,78.40108186478224
he-en,tear,147,MEPRS,GP,1.0,internal-11929688.news,57.14392512385289,78.40108186478224
he-en,tear,150,G35,G35,0.9474,health-6931611.news,55.628230176142445,80.4787167325226
he-en,tear,150,G4o,G4o,0.9474,health-6931611.news,41.50039784725853,67.58669206409682
he-en,tear,150,C3,C3,0.9474,health-6931611.news,44.523440771877034,73.18099203833884
he-en,tear,150,C35,C35,0.9474,health-6931611.news,46.95966835778606,68.35443168893882
he-en,tear,150,GP,GP,0.9474,health-6931611.news,59.79796889571918,73.73670484182357
he-en,tear,150,MEPRS,G35,0.9474,health-6931611.news,55.628230176142445,80.4787167325226
he-en,tear,151,G35,G35,1.0,celebrities-10425290.news,30.576902884505113,51.358840424426596
he-en,tear,151,G4o,G4o,1.0,celebrities-10425290.news,36.64801098966879,53.972967281533464
he-en,tear,151,C3,C3,1.0,celebrities-10425290.news,35.58461556984752,51.12264717068357
he-en,tear,151,C35,C35,1.0,celebrities-10425290.news,35.58461556984752,51.09369506736971
he-en,tear,151,GP,GP,1.0,celebrities-10425290.news,74.08182206817179,86.30448595116866
he-en,tear,151,MEPRS,GP,1.0,celebrities-10425290.news,74.08182206817179,86.30448595116866
he-en,tear,152,G35,G35,1.0,culture-8883085.news,73.91959451349216,92.16306020401593
he-en,tear,152,G4o,G4o,1.0,culture-8883085.news,73.91959451349216,92.16306020401593
he-en,tear,152,C3,C3,1.0,culture-8883085.news,89.70773746801089,99.5994825229853
he-en,tear,152,C35,C35,1.0,culture-8883085.news,77.7225641181298,92.3471350639958
he-en,tear,152,GP,GP,1.0,culture-8883085.news,47.901455811287484,83.95841899400834
he-en,tear,152,MEPRS,C3,1.0,culture-8883085.news,89.70773746801089,99.5994825229853
he-en,tear,154,G35,G35,1.0,tech-10857141.news,46.83452044631732,81.35552096139486
he-en,tear,154,G4o,G4o,1.0,tech-10857141.news,76.78546451789298,90.59546702944958
he-en,tear,154,C3,C3,1.0,tech-10857141.news,57.07002127517175,85.43606077820267
he-en,tear,154,C35,C35,1.0,tech-10857141.news,68.61817976041019,86.56684602700334
he-en,tear,154,GP,GP,1.0,tech-10857141.news,49.10437290708794,80.8642719852076
he-en,tear,154,MEPRS,G4o,1.0,tech-10857141.news,76.78546451789298,90.59546702944958
he-en,tear,158,G35,G35,1.0,sport-11927854.ugc,41.113361690051974,63.47349377616729
he-en,tear,158,G4o,G4o,1.0,sport-11927854.ugc,24.446151121745054,36.369676228142346
he-en,tear,158,C3,C3,1.0,sport-11927854.ugc,36.82721528374419,48.679117938644794
he-en,tear,158,C35,C35,1.0,sport-11927854.ugc,52.081547318704764,67.97896134698755
he-en,tear,158,GP,GP,1.0,sport-11927854.ugc,10.390302174233558,42.489520876104784
he-en,tear,158,MEPRS,G4o,1.0,sport-11927854.ugc,24.446151121745054,36.369676228142346
he-en,tear,163,G35,G35,1.0,sport-6657351.news,27.301208627090666,62.922795088275784
he-en,tear,163,G4o,G4o,1.0,sport-6657351.news,17.827531042796256,56.032911698282504
he-en,tear,163,C3,C3,1.0,sport-6657351.news,59.88059642324198,77.18679191818971
he-en,tear,163,C35,C35,1.0,sport-6657351.news,70.90230911670939,84.64355431019347
he-en,tear,163,GP,GP,1.0,sport-6657351.news,22.229849552064014,68.59963597271967
he-en,tear,163,MEPRS,C35,1.0,sport-6657351.news,70.90230911670939,84.64355431019347
he-en,tear,166,G35,G35,1.0,celebrities-7966246.ugc,30.21375397356768,46.45479098071977
he-en,tear,166,G4o,G4o,1.0,celebrities-7966246.ugc,0.5623413251903492,100.0
he-en,tear,166,C3,C3,1.0,celebrities-7966246.ugc,0.39763536438352537,64.0189702545921
he-en,tear,166,C35,C35,1.0,celebrities-7966246.ugc,0.39763536438352537,64.0189702545921
he-en,tear,166,GP,GP,1.0,celebrities-7966246.ugc,13.674406678232568,43.04753253682353
he-en,tear,166,MEPRS,G4o,1.0,celebrities-7966246.ugc,0.5623413251903492,100.0
he-en,tear,168,G35,G35,1.0,culture-11929702.ugc,23.519679662505563,55.30396221564021
he-en,tear,168,G4o,G4o,1.0,culture-11929702.ugc,43.358764485538,68.1718959991398
he-en,tear,168,C3,C3,1.0,culture-11929702.ugc,43.358764485538,68.1718959991398
he-en,tear,168,C35,C35,1.0,culture-11929702.ugc,43.358764485538,68.1718959991398
he-en,tear,168,GP,GP,1.0,culture-11929702.ugc,4.0194972443399e-11,1.0403226743848148
he-en,tear,168,MEPRS,C3,1.0,culture-11929702.ugc,43.358764485538,68.1718959991398
he-en,tear,173,G35,G35,1.0,business-6678547.news,46.71379777282001,75.08843166923204
he-en,tear,173,G4o,G4o,1.0,business-6678547.news,20.693220168471374,29.677638715581036
he-en,tear,173,C3,C3,1.0,business-6678547.news,46.71379777282001,75.08843166923204
he-en,tear,173,C35,C35,1.0,business-6678547.news,36.79832735299481,68.185849603087
he-en,tear,173,GP,GP,1.0,business-6678547.news,20.25288495447137,50.3772402565506
he-en,tear,173,MEPRS,G35,1.0,business-6678547.news,46.71379777282001,75.08843166923204
he-en,tear,176,G35,G35,1.0,tech-4475059.news,28.977907494497106,75.4050018270538
he-en,tear,176,G4o,G4o,1.0,tech-4475059.news,53.03624596095554,83.76841920862714
he-en,tear,176,C3,C3,1.0,tech-4475059.news,48.85007847039713,76.55331925865411
he-en,tear,176,C35,C35,1.0,tech-4475059.news,22.875125432624856,68.16194298999336
he-en,tear,176,GP,GP,1.0,tech-4475059.news,18.710158230410627,67.25416033562455
he-en,tear,176,MEPRS,G4o,1.0,tech-4475059.news,53.03624596095554,83.76841920862714
he-en,tear,180,G35,G35,1.0,sport-6657351.news,27.05172906103837,67.79109621970225
he-en,tear,180,G4o,G4o,1.0,sport-6657351.news,28.535372248953852,69.2743950838212
he-en,tear,180,C3,C3,1.0,sport-6657351.news,18.282283729318358,66.86334891317043
he-en,tear,180,C35,C35,1.0,sport-6657351.news,13.565829306292676,58.33927426911749
he-en,tear,180,GP,GP,1.0,sport-6657351.news,11.12079286290152,54.64099716503594
he-en,tear,180,MEPRS,C3,1.0,sport-6657351.news,18.282283729318358,66.86334891317043
he-en,tear,182,G35,G35,0.9643,tech-10857141.news,37.16662671203996,67.9111989870932
he-en,tear,182,G4o,G4o,0.9643,tech-10857141.news,33.57980111744234,75.42082314250531
he-en,tear,182,C3,C3,0.9643,tech-10857141.news,34.03075289738891,66.82367746222306
he-en,tear,182,C35,C35,0.9643,tech-10857141.news,29.874483311426115,64.89210044359872
he-en,tear,182,GP,GP,0.9643,tech-10857141.news,28.270321885383392,66.06428021547997
he-en,tear,182,MEPRS,G4o,0.9643,tech-10857141.news,33.57980111744234,75.42082314250531
he-en,tear,184,G35,G35,0.962,health-6945555.news,32.62145577887495,69.33129993268341
he-en,tear,184,G4o,G4o,0.962,health-6945555.news,45.47755564368069,73.11534319319752
he-en,tear,184,C3,C3,0.962,health-6945555.news,52.657159685562526,77.1119443449869
he-en,tear,184,C35,C35,0.962,health-6945555.news,45.03072824107285,75.313487912538
he-en,tear,184,GP,GP,0.962,health-6945555.news,29.25904946689264,63.64965833923177
he-en,tear,184,MEPRS,C35,0.962,health-6945555.news,45.03072824107285,75.313487912538
he-en,tear,191,G35,G35,1.0,culture-11929702.ugc,45.18010018049224,54.60467801243277
he-en,tear,191,G4o,G4o,1.0,culture-11929702.ugc,45.18010018049224,54.60467801243277
he-en,tear,191,C3,C3,1.0,culture-11929702.ugc,45.18010018049224,54.60467801243277
he-en,tear,191,C35,C35,1.0,culture-11929702.ugc,45.18010018049224,54.60467801243277
he-en,tear,191,GP,GP,1.0,culture-11929702.ugc,45.18010018049224,54.60467801243277
he-en,tear,191,MEPRS,GP,1.0,culture-11929702.ugc,45.18010018049224,54.60467801243277
he-en,tear,193,G35,G35,0.9756,travel-6742632.news,34.042950698715764,71.61849755778375
he-en,tear,193,G4o,G4o,0.9756,travel-6742632.news,47.64820119372201,74.47662620427683
he-en,tear,193,C3,C3,0.9756,travel-6742632.news,55.024088852951415,78.62287752752702
he-en,tear,193,C35,C35,0.9756,travel-6742632.news,43.52771377941511,71.08752876050904
he-en,tear,193,GP,GP,0.9756,travel-6742632.news,17.282489485269174,62.82184561219984
he-en,tear,193,MEPRS,C3,0.9756,travel-6742632.news,55.024088852951415,78.62287752752702
he-en,tear,198,G35,G35,0.9286,health-6935580.news,9.314939614341391,51.66556394137158
he-en,tear,198,G4o,G4o,0.9286,health-6935580.news,40.761288263875514,73.01800852095718
he-en,tear,198,C3,C3,0.9286,health-6935580.news,13.655918601915303,57.46694055188181
he-en,tear,198,C35,C35,0.9286,health-6935580.news,20.6274160816786,60.93715906882117
he-en,tear,198,GP,GP,0.9286,health-6935580.news,45.25564694706663,65.12149278251886
he-en,tear,198,MEPRS,C35,0.9286,health-6935580.news,20.6274160816786,60.93715906882117
ru-en,it,3,G35,G35,1.0,ecommerce_en_24,46.43434078111817,66.82966296458069
ru-en,it,3,G4o,G4o,1.0,ecommerce_en_24,57.834694546511436,81.4448491733307
ru-en,it,3,C3,C3,1.0,ecommerce_en_24,30.99627272480553,66.82396143106862
ru-en,it,3,C35,C35,1.0,ecommerce_en_24,19.287166967040907,61.990958114732
ru-en,it,3,GP,GP,1.0,ecommerce_en_24,41.49921090363851,65.15260598730005
ru-en,it,3,MEPRS,G4o,1.0,ecommerce_en_24,57.834694546511436,81.4448491733307
ru-en,it,5,G35,G35,1.0,en_fr_CLIENT-02_default_2021-01-10-21_doc0,24.078565545102702,22.23888697026889
ru-en,it,5,G4o,G4o,1.0,en_fr_CLIENT-02_default_2021-01-10-21_doc0,24.078565545102702,22.23888697026889
ru-en,it,5,C3,C3,1.0,en_fr_CLIENT-02_default_2021-01-10-21_doc0,24.078565545102702,22.23888697026889
ru-en,it,5,C35,C35,1.0,en_fr_CLIENT-02_default_2021-01-10-21_doc0,24.078565545102702,22.23888697026889
ru-en,it,5,GP,GP,1.0,en_fr_CLIENT-02_default_2021-01-10-21_doc0,24.078565545102702,22.23888697026889
ru-en,it,5,MEPRS,GP,1.0,en_fr_CLIENT-02_default_2021-01-10-21_doc0,24.078565545102702,22.23888697026889
ru-en,it,6,G35,G35,1.0,en_de_CLIENT-02_default_2021-02-07-7_doc0,74.19446627365011,77.90799604343347
ru-en,it,6,G4o,G4o,1.0,en_de_CLIENT-02_default_2021-02-07-7_doc0,74.19446627365011,77.90799604343347
ru-en,it,6,C3,C3,1.0,en_de_CLIENT-02_default_2021-02-07-7_doc0,74.19446627365011,77.90799604343347
ru-en,it,6,C35,C35,1.0,en_de_CLIENT-02_default_2021-02-07-7_doc0,74.19446627365011,77.90799604343347
ru-en,it,6,GP,GP,1.0,en_de_CLIENT-02_default_2021-02-07-7_doc0,48.326978309062206,63.567356524012865
ru-en,it,6,MEPRS,C35,1.0,en_de_CLIENT-02_default_2021-02-07-7_doc0,74.19446627365011,77.90799604343347
ru-en,it,8,G35,G35,1.0,ecommerce_en_52,15.474427123088518,48.79679198122766
ru-en,it,8,G4o,G4o,1.0,ecommerce_en_52,24.405051724608796,57.173505878213895
ru-en,it,8,C3,C3,1.0,ecommerce_en_52,29.359738279508402,62.482373356361734
ru-en,it,8,C35,C35,1.0,ecommerce_en_52,15.936357366603362,54.138108534913634
ru-en,it,8,GP,GP,1.0,ecommerce_en_52,14.088052320698349,49.874654356899185
ru-en,it,8,MEPRS,C3,1.0,ecommerce_en_52,29.359738279508402,62.482373356361734
ru-en,it,10,G35,G35,1.0,t3_q8vmve,14.694106251955755,49.739057378732866
ru-en,it,10,G4o,G4o,1.0,t3_q8vmve,22.679164443904003,55.10224430071724
ru-en,it,10,C3,C3,1.0,t3_q8vmve,26.26909894424158,55.55222534353896
ru-en,it,10,C35,C35,1.0,t3_q8vmve,26.26909894424158,55.55222534353896
ru-en,it,10,GP,GP,1.0,t3_q8vmve,22.679164443904003,55.10224430071724
ru-en,it,10,MEPRS,C3,1.0,t3_q8vmve,26.26909894424158,55.55222534353896
ru-en,it,19,G35,G35,0.9565,ecommerce_en_13,39.553922466698836,71.28132946511427
ru-en,it,19,G4o,G4o,0.9565,ecommerce_en_13,33.13631898906264,70.28374583192267
ru-en,it,19,C3,C3,0.9565,ecommerce_en_13,32.27091140024109,65.1170926499599
ru-en,it,19,C35,C35,0.9565,ecommerce_en_13,43.97328913949978,72.59803997702602
ru-en,it,19,GP,GP,0.9565,ecommerce_en_13,32.23492437554872,67.11969091494105
ru-en,it,19,MEPRS,G35,0.9565,ecommerce_en_13,39.553922466698836,71.28132946511427
ru-en,it,22,G35,G35,1.0,en_fr_CLIENT-02_default_2021-01-10-26_doc0,25.336549464486467,47.59126514334952
ru-en,it,22,G4o,G4o,1.0,en_fr_CLIENT-02_default_2021-01-10-26_doc0,23.693055763743093,54.93255620498092
ru-en,it,22,C3,C3,1.0,en_fr_CLIENT-02_default_2021-01-10-26_doc0,23.578316044531803,49.16675052657576
ru-en,it,22,C35,C35,1.0,en_fr_CLIENT-02_default_2021-01-10-26_doc0,23.578316044531803,49.34017575525195
ru-en,it,22,GP,GP,1.0,en_fr_CLIENT-02_default_2021-01-10-26_doc0,10.45249804193991,40.74174942275922
ru-en,it,22,MEPRS,C35,1.0,en_fr_CLIENT-02_default_2021-01-10-26_doc0,23.578316044531803,49.34017575525195
ru-en,it,24,G35,G35,1.0,t3_rdc3rj,17.996531271765896,45.10490860213917
ru-en,it,24,G4o,G4o,1.0,t3_rdc3rj,16.54461999338998,45.89330930061661
ru-en,it,24,C3,C3,1.0,t3_rdc3rj,15.31024544118244,44.98401143504364
ru-en,it,24,C35,C35,1.0,t3_rdc3rj,16.54461999338998,45.89330930061661
ru-en,it,24,GP,GP,1.0,t3_rdc3rj,16.1089927696874,34.464716334036204
ru-en,it,24,MEPRS,GP,1.0,t3_rdc3rj,16.1089927696874,34.464716334036204
ru-en,it,26,G35,G35,1.0,ecommerce_en_49,65.80370064762462,85.90010292854613
ru-en,it,26,G4o,G4o,1.0,ecommerce_en_49,58.772837251053204,85.1071142492796
ru-en,it,26,C3,C3,1.0,ecommerce_en_49,52.68058016461504,80.35600319448564
ru-en,it,26,C35,C35,1.0,ecommerce_en_49,52.68058016461504,80.35600319448564
ru-en,it,26,GP,GP,1.0,ecommerce_en_49,58.772837251053204,85.1071142492796
ru-en,it,26,MEPRS,G35,1.0,ecommerce_en_49,65.80370064762462,85.90010292854613
ru-en,it,27,G35,G35,0.9667,independent.80454,43.0531431728812,74.38382200972974
ru-en,it,27,G4o,G4o,0.9667,independent.80454,49.57431881546772,81.97166107099241
ru-en,it,27,C3,C3,0.9667,independent.80454,79.3090914867308,90.04853146923824
ru-en,it,27,C35,C35,0.9667,independent.80454,62.273884137307235,84.81712202051732
ru-en,it,27,GP,GP,0.9667,independent.80454,58.421488031571066,83.44835457591579
ru-en,it,27,MEPRS,C3,0.9667,independent.80454,79.3090914867308,90.04853146923824
ru-en,it,29,G35,G35,1.0,en_fr_CLIENT-02_default_2020-12-27-14_doc04,24.446151121745054,47.384404731692335
ru-en,it,29,G4o,G4o,1.0,en_fr_CLIENT-02_default_2020-12-27-14_doc04,30.21375397356768,49.867042943479724
ru-en,it,29,C3,C3,1.0,en_fr_CLIENT-02_default_2020-12-27-14_doc04,30.21375397356768,49.867042943479724
ru-en,it,29,C35,C35,1.0,en_fr_CLIENT-02_default_2020-12-27-14_doc04,30.21375397356768,49.867042943479724
ru-en,it,29,GP,GP,1.0,en_fr_CLIENT-02_default_2020-12-27-14_doc04,30.21375397356768,49.867042943479724
ru-en,it,29,MEPRS,C3,1.0,en_fr_CLIENT-02_default_2020-12-27-14_doc04,30.21375397356768,49.867042943479724
ru-en,it,33,G35,G35,1.0,rt.com.18606,13.076558875109015,45.86392583373189
ru-en,it,33,G4o,G4o,1.0,rt.com.18606,17.60928267911618,48.390266938603865
ru-en,it,33,C3,C3,1.0,rt.com.18606,13.78592993183041,50.02299652268474
ru-en,it,33,C35,C35,1.0,rt.com.18606,17.60928267911618,48.88950345289421
ru-en,it,33,GP,GP,1.0,rt.com.18606,17.02602472176709,54.19163400430356
ru-en,it,33,MEPRS,G4o,1.0,rt.com.18606,17.60928267911618,48.390266938603865
ru-en,it,36,G35,G35,1.0,t1_ho5gymy,54.45178846139404,80.17910224734068
ru-en,it,36,G4o,G4o,1.0,t1_ho5gymy,77.44031410142033,92.1491884480889
ru-en,it,36,C3,C3,1.0,t1_ho5gymy,77.44031410142033,92.1491884480889
ru-en,it,36,C35,C35,1.0,t1_ho5gymy,77.44031410142033,92.1491884480889
ru-en,it,36,GP,GP,1.0,t1_ho5gymy,77.44031410142033,92.1491884480889
ru-en,it,36,MEPRS,GP,1.0,t1_ho5gymy,77.44031410142033,92.1491884480889
ru-en,it,40,G35,G35,1.0,t1_hnwfutv,32.82518529729175,63.02150812391768
ru-en,it,40,G4o,G4o,1.0,t1_hnwfutv,37.08163623065084,65.58585573436453
ru-en,it,40,C3,C3,1.0,t1_hnwfutv,39.65384287913187,66.2380272134144
ru-en,it,40,C35,C35,1.0,t1_hnwfutv,47.275266063115616,69.71065324018404
ru-en,it,40,GP,GP,1.0,t1_hnwfutv,15.237428485138393,51.366957104631986
ru-en,it,40,MEPRS,C3,1.0,t1_hnwfutv,39.65384287913187,66.2380272134144
ru-en,it,41,G35,G35,1.0,t3_r43jsw,82.82477531331041,88.6396190165487
ru-en,it,41,G4o,G4o,1.0,t3_r43jsw,82.82477531331041,88.6396190165487
ru-en,it,41,C3,C3,1.0,t3_r43jsw,82.82477531331041,88.6396190165487
ru-en,it,41,C35,C35,1.0,t3_r43jsw,82.82477531331041,88.6396190165487
ru-en,it,41,GP,GP,1.0,t3_r43jsw,76.24658586234861,84.11723621569115
ru-en,it,41,MEPRS,G4o,1.0,t3_r43jsw,82.82477531331041,88.6396190165487
ru-en,it,42,G35,G35,1.0,t1_ho5gymy,59.46035575013605,80.53811169041572
ru-en,it,42,G4o,G4o,1.0,t1_ho5gymy,100.0,100.0
ru-en,it,42,C3,C3,1.0,t1_ho5gymy,100.0,100.0
ru-en,it,42,C35,C35,1.0,t1_ho5gymy,59.46035575013605,80.53811169041572
ru-en,it,42,GP,GP,1.0,t1_ho5gymy,59.46035575013605,80.53811169041572
ru-en,it,42,MEPRS,C3,1.0,t1_ho5gymy,100.0,100.0
ru-en,it,45,G35,G35,1.0,en_fr_CLIENT-02_default_2020-12-27-11_doc03,13.950796967929136,39.437028900624625
ru-en,it,45,G4o,G4o,1.0,en_fr_CLIENT-02_default_2020-12-27-11_doc03,35.93041119630843,57.71938519793557
ru-en,it,45,C3,C3,1.0,en_fr_CLIENT-02_default_2020-12-27-11_doc03,30.21375397356768,49.867042943479724
ru-en,it,45,C35,C35,1.0,en_fr_CLIENT-02_default_2020-12-27-11_doc03,30.21375397356768,49.867042943479724
ru-en,it,45,GP,GP,1.0,en_fr_CLIENT-02_default_2020-12-27-11_doc03,30.21375397356768,49.867042943479724
ru-en,it,45,MEPRS,G4o,1.0,en_fr_CLIENT-02_default_2020-12-27-11_doc03,35.93041119630843,57.71938519793557
ru-en,it,47,G35,G35,1.0,ecommerce_en_27,71.18034480382984,79.23015187237486
ru-en,it,47,G4o,G4o,1.0,ecommerce_en_27,71.18034480382984,79.23015187237486
ru-en,it,47,C3,C3,1.0,ecommerce_en_27,33.03164318013807,55.18975840200309
ru-en,it,47,C35,C35,1.0,ecommerce_en_27,33.03164318013807,55.18975840200309
ru-en,it,47,GP,GP,1.0,ecommerce_en_27,33.03164318013807,55.18975840200309
ru-en,it,47,MEPRS,G4o,1.0,ecommerce_en_27,71.18034480382984,79.23015187237486
ru-en,it,52,G35,G35,1.0,t1_hmpp3wk,32.235977248679504,63.747494591561804
ru-en,it,52,G4o,G4o,1.0,t1_hmpp3wk,25.899300234042343,55.008161775806286
ru-en,it,52,C3,C3,1.0,t1_hmpp3wk,32.235977248679504,63.353252956389305
ru-en,it,52,C35,C35,1.0,t1_hmpp3wk,32.114761941826316,64.53757803489158
ru-en,it,52,GP,GP,1.0,t1_hmpp3wk,37.2918591020702,77.90395238113113
ru-en,it,52,MEPRS,GP,1.0,t1_hmpp3wk,37.2918591020702,77.90395238113113
ru-en,it,55,G35,G35,1.0,t1_hiyjod1,60.38129184606637,76.0017856677091
ru-en,it,55,G4o,G4o,1.0,t1_hiyjod1,76.31319096374494,83.32530334218684
ru-en,it,55,C3,C3,1.0,t1_hiyjod1,68.27745580330142,79.06779767517094
ru-en,it,55,C35,C35,1.0,t1_hiyjod1,68.27745580330142,79.06779767517094
ru-en,it,55,GP,GP,1.0,t1_hiyjod1,33.24511983205532,51.250983457722704
ru-en,it,55,MEPRS,G4o,1.0,t1_hiyjod1,76.31319096374494,83.32530334218684
ru-en,it,66,G35,G35,1.0,t1_h6c5bhv,33.88714363186176,62.884365534030394
ru-en,it,66,G4o,G4o,1.0,t1_h6c5bhv,45.72313446186435,78.15281050861662
ru-en,it,66,C3,C3,1.0,t1_h6c5bhv,33.88714363186176,62.884365534030394
ru-en,it,66,C35,C35,1.0,t1_h6c5bhv,45.72313446186435,78.15281050861662
ru-en,it,66,GP,GP,1.0,t1_h6c5bhv,45.72313446186435,76.81803574151506
ru-en,it,66,MEPRS,C35,1.0,t1_h6c5bhv,45.72313446186435,78.15281050861662
ru-en,it,69,G35,G35,0.9524,en_de_CLIENT-01_default_2021-01-10-57_doc0,46.908203039176946,59.808020470843026
ru-en,it,69,G4o,G4o,0.9524,en_de_CLIENT-01_default_2021-01-10-57_doc0,32.250786140967875,55.42072642178761
ru-en,it,69,C3,C3,0.9524,en_de_CLIENT-01_default_2021-01-10-57_doc0,48.120747310492256,63.83780697318657
ru-en,it,69,C35,C35,0.9524,en_de_CLIENT-01_default_2021-01-10-57_doc0,32.82039444349097,55.068361191973764
ru-en,it,69,GP,GP,0.9524,en_de_CLIENT-01_default_2021-01-10-57_doc0,40.27746239784306,54.82553695486215
ru-en,it,69,MEPRS,C3,0.9524,en_de_CLIENT-01_default_2021-01-10-57_doc0,48.120747310492256,63.83780697318657
ru-en,it,75,G35,G35,0.9268,express.co.uk.29378,11.162938527547608,45.31884416013525
ru-en,it,75,G4o,G4o,0.9268,express.co.uk.29378,10.435185733665413,48.85637606498002
ru-en,it,75,C3,C3,0.9268,express.co.uk.29378,8.848966716768093,46.35788794084792
ru-en,it,75,C35,C35,0.9268,express.co.uk.29378,9.22635643555325,44.771464834513786
ru-en,it,75,GP,GP,0.9268,express.co.uk.29378,10.008350737965104,48.941328290771374
ru-en,it,75,MEPRS,G4o,0.9268,express.co.uk.29378,10.435185733665413,48.85637606498002
ru-en,it,79,G35,G35,1.0,guardian.44781,100.0,100.0
ru-en,it,79,G4o,G4o,1.0,guardian.44781,100.0,100.0
ru-en,it,79,C3,C3,1.0,guardian.44781,100.0,100.0
ru-en,it,79,C35,C35,1.0,guardian.44781,100.0,100.0
ru-en,it,79,GP,GP,1.0,guardian.44781,84.64817248906141,87.49322988109651
ru-en,it,79,MEPRS,C3,1.0,guardian.44781,100.0,100.0
ru-en,it,84,G35,G35,1.0,en_zh-TW_CLIENT-05_2020-12-20-268_doc0,18.207052811092133,51.19032942156059
ru-en,it,84,G4o,G4o,1.0,en_zh-TW_CLIENT-05_2020-12-20-268_doc0,18.92240568795935,51.28433595070561
ru-en,it,84,C3,C3,1.0,en_zh-TW_CLIENT-05_2020-12-20-268_doc0,18.92240568795935,51.28433595070561
ru-en,it,84,C35,C35,1.0,en_zh-TW_CLIENT-05_2020-12-20-268_doc0,13.834368456410944,44.55819281776994
ru-en,it,84,GP,GP,1.0,en_zh-TW_CLIENT-05_2020-12-20-268_doc0,13.834368456410944,44.55819281776994
ru-en,it,84,MEPRS,C3,1.0,en_zh-TW_CLIENT-05_2020-12-20-268_doc0,18.92240568795935,51.28433595070561
ru-en,it,87,G35,G35,0.9394,guardian.44758,10.882386127861826,43.98102544844121
ru-en,it,87,G4o,G4o,0.9394,guardian.44758,13.199895065059227,48.207666932222736
ru-en,it,87,C3,C3,0.9394,guardian.44758,12.968513591327696,47.254463975248086
ru-en,it,87,C35,C35,0.9394,guardian.44758,22.8844398072682,50.8962759189155
ru-en,it,87,GP,GP,0.9394,guardian.44758,22.66727928765144,51.40914855156927
ru-en,it,87,MEPRS,GP,0.9394,guardian.44758,22.66727928765144,51.40914855156927
ru-en,it,89,G35,G35,1.0,cnn.81799,46.27620794967284,76.09425162600284
ru-en,it,89,G4o,G4o,1.0,cnn.81799,50.30354865235552,74.28383132534752
ru-en,it,89,C3,C3,1.0,cnn.81799,72.00242075875519,85.61771075919204
ru-en,it,89,C35,C35,1.0,cnn.81799,87.25129388059689,94.14212497473657
ru-en,it,89,GP,GP,1.0,cnn.81799,77.22582814123233,89.12648826828747
ru-en,it,89,MEPRS,C35,1.0,cnn.81799,87.25129388059689,94.14212497473657
ru-en,it,94,G35,G35,0.94,en_fr_CLIENT-02_default_2020-12-27-71_doc07,57.955814988994206,79.13722798447562
ru-en,it,94,G4o,G4o,0.94,en_fr_CLIENT-02_default_2020-12-27-71_doc07,61.00034457014365,86.92765516568306
ru-en,it,94,C3,C3,0.94,en_fr_CLIENT-02_default_2020-12-27-71_doc07,62.62844962765469,80.20655664750767
ru-en,it,94,C35,C35,0.94,en_fr_CLIENT-02_default_2020-12-27-71_doc07,62.62844962765469,80.20655664750767
ru-en,it,94,GP,GP,0.94,en_fr_CLIENT-02_default_2020-12-27-71_doc07,62.62844962765469,80.20655664750767
ru-en,it,94,MEPRS,GP,0.94,en_fr_CLIENT-02_default_2020-12-27-71_doc07,62.62844962765469,80.20655664750767
ru-en,it,96,G35,G35,1.0,en_fr_CLIENT-02_default_2020-12-27-14_doc0,50.813274815461476,96.06070352084845
ru-en,it,96,G4o,G4o,1.0,en_fr_CLIENT-02_default_2020-12-27-14_doc0,50.813274815461476,96.06070352084845
ru-en,it,96,C3,C3,1.0,en_fr_CLIENT-02_default_2020-12-27-14_doc0,50.813274815461476,96.06070352084845
ru-en,it,96,C35,C35,1.0,en_fr_CLIENT-02_default_2020-12-27-14_doc0,66.8740304976422,96.82342156972611
ru-en,it,96,GP,GP,1.0,en_fr_CLIENT-02_default_2020-12-27-14_doc0,50.813274815461476,96.06070352084845
ru-en,it,96,MEPRS,C35,1.0,en_fr_CLIENT-02_default_2020-12-27-14_doc0,66.8740304976422,96.82342156972611
ru-en,it,98,G35,G35,1.0,en_fr_CLIENT-02_default_2020-12-27-14_doc0,18.309631814997143,58.23021603053169
ru-en,it,98,G4o,G4o,1.0,en_fr_CLIENT-02_default_2020-12-27-14_doc0,18.69300079996002,59.678533846145875
ru-en,it,98,C3,C3,1.0,en_fr_CLIENT-02_default_2020-12-27-14_doc0,16.90062198556585,46.49423628154552
ru-en,it,98,C35,C35,1.0,en_fr_CLIENT-02_default_2020-12-27-14_doc0,18.309631814997143,58.23021603053169
ru-en,it,98,GP,GP,1.0,en_fr_CLIENT-02_default_2020-12-27-14_doc0,18.309631814997143,58.23021603053169
ru-en,it,98,MEPRS,GP,1.0,en_fr_CLIENT-02_default_2020-12-27-14_doc0,18.309631814997143,58.23021603053169
ru-en,it,101,G35,G35,1.0,en_zh-TW_CLIENT-05_2020-12-20-256_doc0,26.9855346668251,56.13603585579626
ru-en,it,101,G4o,G4o,1.0,en_zh-TW_CLIENT-05_2020-12-20-256_doc0,49.616830003403635,66.56615884416676
ru-en,it,101,C3,C3,1.0,en_zh-TW_CLIENT-05_2020-12-20-256_doc0,69.89307622784943,74.8647585162049
ru-en,it,101,C35,C35,1.0,en_zh-TW_CLIENT-05_2020-12-20-256_doc0,49.616830003403635,66.56615884416676
ru-en,it,101,GP,GP,1.0,en_zh-TW_CLIENT-05_2020-12-20-256_doc0,26.9855346668251,56.13603585579626
ru-en,it,101,MEPRS,C3,1.0,en_zh-TW_CLIENT-05_2020-12-20-256_doc0,69.89307622784943,74.8647585162049
ru-en,it,104,G35,G35,1.0,en_fr_CLIENT-02_default_2020-12-27-11_doc03,13.950796967929136,39.437028900624625
ru-en,it,104,G4o,G4o,1.0,en_fr_CLIENT-02_default_2020-12-27-11_doc03,30.21375397356768,49.867042943479724
ru-en,it,104,C3,C3,1.0,en_fr_CLIENT-02_default_2020-12-27-11_doc03,30.21375397356768,49.867042943479724
ru-en,it,104,C35,C35,1.0,en_fr_CLIENT-02_default_2020-12-27-11_doc03,30.21375397356768,49.867042943479724
ru-en,it,104,GP,GP,1.0,en_fr_CLIENT-02_default_2020-12-27-11_doc03,32.46679154750989,63.96588502598387
ru-en,it,104,MEPRS,GP,1.0,en_fr_CLIENT-02_default_2020-12-27-11_doc03,32.46679154750989,63.96588502598387
ru-en,it,107,G35,G35,1.0,ecommerce_en_8,42.61082723917018,71.98788865769068
ru-en,it,107,G4o,G4o,1.0,ecommerce_en_8,50.35337887555858,77.1248126007763
ru-en,it,107,C3,C3,1.0,ecommerce_en_8,38.13707100324891,66.16533612189704
ru-en,it,107,C35,C35,1.0,ecommerce_en_8,42.61082723917018,71.98788865769068
ru-en,it,107,GP,GP,1.0,ecommerce_en_8,42.61082723917018,71.98788865769068
ru-en,it,107,MEPRS,G4o,1.0,ecommerce_en_8,50.35337887555858,77.1248126007763
ru-en,it,121,G35,G35,1.0,pa.10292,84.08964152537145,98.9214297332012
ru-en,it,121,G4o,G4o,1.0,pa.10292,46.17366309441026,47.390325945536866
ru-en,it,121,C3,C3,1.0,pa.10292,46.17366309441026,47.390325945536866
ru-en,it,121,C35,C35,1.0,pa.10292,46.17366309441026,47.390325945536866
ru-en,it,121,GP,GP,1.0,pa.10292,68.03749333171201,48.62870471633488
ru-en,it,121,MEPRS,G35,1.0,pa.10292,84.08964152537145,98.9214297332012
ru-en,it,133,G35,G35,1.0,t1_hiyjod1,19.729406277958837,49.252692596998266
ru-en,it,133,G4o,G4o,1.0,t1_hiyjod1,22.089591134157885,52.2845377918681
ru-en,it,133,C3,C3,1.0,t1_hiyjod1,22.089591134157885,52.2845377918681
ru-en,it,133,C35,C35,1.0,t1_hiyjod1,17.747405280050263,38.59916658491504
ru-en,it,133,GP,GP,1.0,t1_hiyjod1,1.6215809237314193e-08,4.046874867837821
ru-en,it,133,MEPRS,C35,1.0,t1_hiyjod1,17.747405280050263,38.59916658491504
ru-en,it,137,G35,G35,1.0,t1_hoh4p6r,53.54063183898494,74.49632791406547
ru-en,it,137,G4o,G4o,1.0,t1_hoh4p6r,53.54063183898494,74.49632791406547
ru-en,it,137,C3,C3,1.0,t1_hoh4p6r,45.35939333681082,71.42355079551207
ru-en,it,137,C35,C35,1.0,t1_hoh4p6r,45.35939333681082,68.22770452311391
ru-en,it,137,GP,GP,1.0,t1_hoh4p6r,53.54063183898494,74.49632791406547
ru-en,it,137,MEPRS,C3,1.0,t1_hoh4p6r,45.35939333681082,71.42355079551207
ru-en,it,144,G35,G35,1.0,en_de_CLIENT-01_default_2021-01-17-45_doc0,25.625785681593147,61.293459683813204
ru-en,it,144,G4o,G4o,1.0,en_de_CLIENT-01_default_2021-01-17-45_doc0,25.75174117407787,61.19559232773262
ru-en,it,144,C3,C3,1.0,en_de_CLIENT-01_default_2021-01-17-45_doc0,53.972729309862835,77.30513746259362
ru-en,it,144,C35,C35,1.0,en_de_CLIENT-01_default_2021-01-17-45_doc0,30.960369888130604,61.39272702957154
ru-en,it,144,GP,GP,1.0,en_de_CLIENT-01_default_2021-01-17-45_doc0,31.801315843623822,66.33397349583949
ru-en,it,144,MEPRS,C3,1.0,en_de_CLIENT-01_default_2021-01-17-45_doc0,53.972729309862835,77.30513746259362
ru-en,it,151,G35,G35,1.0,ecommerce_en_30,61.47881529512643,92.06482884894952
ru-en,it,151,G4o,G4o,1.0,ecommerce_en_30,51.49732203257935,81.13136560709091
ru-en,it,151,C3,C3,1.0,ecommerce_en_30,37.70929789171766,78.27497182627958
ru-en,it,151,C35,C35,1.0,ecommerce_en_30,50.719609394568806,89.72502372731354
ru-en,it,151,GP,GP,1.0,ecommerce_en_30,61.47881529512643,92.06482884894952
ru-en,it,151,MEPRS,G4o,1.0,ecommerce_en_30,51.49732203257935,81.13136560709091
ru-en,it,154,G35,G35,0.9677,rt.com.18606,35.94125811413147,64.1077992474827
ru-en,it,154,G4o,G4o,0.9677,rt.com.18606,34.40643691199217,64.87926581662978
ru-en,it,154,C3,C3,0.9677,rt.com.18606,31.32471299220761,65.83743750811179
ru-en,it,154,C35,C35,0.9677,rt.com.18606,36.762519577043264,66.64285840076703
ru-en,it,154,GP,GP,0.9677,rt.com.18606,30.336960563629223,65.45444302340344
ru-en,it,154,MEPRS,C35,0.9677,rt.com.18606,36.762519577043264,66.64285840076703
ru-en,it,159,G35,G35,0.9231,en_fr_CLIENT-02_default_2020-12-20-16_doc08,39.2814650900513,60.45453400684059
ru-en,it,159,G4o,G4o,0.9231,en_fr_CLIENT-02_default_2020-12-20-16_doc08,39.2814650900513,60.45453400684059
ru-en,it,159,C3,C3,0.9231,en_fr_CLIENT-02_default_2020-12-20-16_doc08,39.2814650900513,60.45453400684059
ru-en,it,159,C35,C35,0.9231,en_fr_CLIENT-02_default_2020-12-20-16_doc08,39.2814650900513,61.23607330281436
ru-en,it,159,GP,GP,0.9231,en_fr_CLIENT-02_default_2020-12-20-16_doc08,39.2814650900513,61.23607330281436
ru-en,it,159,MEPRS,C35,0.9231,en_fr_CLIENT-02_default_2020-12-20-16_doc08,39.2814650900513,61.23607330281436
ru-en,it,162,G35,G35,0.9286,standard.co.uk.46814,15.384750052099497,55.33860804116498
ru-en,it,162,G4o,G4o,0.9286,standard.co.uk.46814,35.66325206249313,72.02189082813477
ru-en,it,162,C3,C3,0.9286,standard.co.uk.46814,35.66325206249313,72.02189082813477
ru-en,it,162,C35,C35,0.9286,standard.co.uk.46814,38.13707100324891,72.23583208559253
ru-en,it,162,GP,GP,0.9286,standard.co.uk.46814,33.491517492026425,73.22988099313882
ru-en,it,162,MEPRS,GP,0.9286,standard.co.uk.46814,33.491517492026425,73.22988099313882
ru-en,it,164,G35,G35,1.0,t1_hkc5no1,0.0031622776601683803,100.0
ru-en,it,164,G4o,G4o,1.0,t1_hkc5no1,0.0031622776601683803,100.0
ru-en,it,164,C3,C3,1.0,t1_hkc5no1,0.0031622776601683803,100.0
ru-en,it,164,C35,C35,1.0,t1_hkc5no1,0.0031622776601683803,100.0
ru-en,it,164,GP,GP,1.0,t1_hkc5no1,0.0031622776601683803,100.0
ru-en,it,164,MEPRS,C35,1.0,t1_hkc5no1,0.0031622776601683803,100.0
ru-en,it,175,G35,G35,1.0,en_fr_CLIENT-02_default_2020-12-27-11_doc03,14.694106251955755,61.90771989138517
ru-en,it,175,G4o,G4o,1.0,en_fr_CLIENT-02_default_2020-12-27-11_doc03,31.23939936920256,73.99348397661036
ru-en,it,175,C3,C3,1.0,en_fr_CLIENT-02_default_2020-12-27-11_doc03,31.23939936920256,73.99348397661036
ru-en,it,175,C35,C35,1.0,en_fr_CLIENT-02_default_2020-12-27-11_doc03,31.23939936920256,73.99348397661036
ru-en,it,175,GP,GP,1.0,en_fr_CLIENT-02_default_2020-12-27-11_doc03,31.23939936920256,74.69376408865519
ru-en,it,175,MEPRS,C35,1.0,en_fr_CLIENT-02_default_2020-12-27-11_doc03,31.23939936920256,73.99348397661036
ru-en,it,179,G35,G35,1.0,t3_qdm51k,22.692039365038067,48.937770187770184
ru-en,it,179,G4o,G4o,1.0,t3_qdm51k,44.83386700384459,58.19091653740772
ru-en,it,179,C3,C3,1.0,t3_qdm51k,22.692039365038067,48.937770187770184
ru-en,it,179,C35,C35,1.0,t3_qdm51k,22.692039365038067,48.937770187770184
ru-en,it,179,GP,GP,1.0,t3_qdm51k,22.692039365038067,48.937770187770184
ru-en,it,179,MEPRS,C3,1.0,t3_qdm51k,22.692039365038067,48.937770187770184
ru-en,it,180,G35,G35,1.0,en_fr_CLIENT-02_default_2020-12-27-11_doc03,13.950796967929136,39.437028900624625
ru-en,it,180,G4o,G4o,1.0,en_fr_CLIENT-02_default_2020-12-27-11_doc03,30.21375397356768,49.867042943479724
ru-en,it,180,C3,C3,1.0,en_fr_CLIENT-02_default_2020-12-27-11_doc03,30.21375397356768,49.867042943479724
ru-en,it,180,C35,C35,1.0,en_fr_CLIENT-02_default_2020-12-27-11_doc03,30.21375397356768,49.867042943479724
ru-en,it,180,GP,GP,1.0,en_fr_CLIENT-02_default_2020-12-27-11_doc03,30.21375397356768,49.867042943479724
ru-en,it,180,MEPRS,GP,1.0,en_fr_CLIENT-02_default_2020-12-27-11_doc03,30.21375397356768,49.867042943479724
ru-en,it,182,G35,G35,1.0,en_fr_CLIENT-02_default_2020-12-27-30_doc0,19.729406277958837,53.95303626343985
ru-en,it,182,G4o,G4o,1.0,en_fr_CLIENT-02_default_2020-12-27-30_doc0,19.729406277958837,50.35127661937224
ru-en,it,182,C3,C3,1.0,en_fr_CLIENT-02_default_2020-12-27-30_doc0,25.96535889340338,59.17272456344309
ru-en,it,182,C35,C35,1.0,en_fr_CLIENT-02_default_2020-12-27-30_doc0,22.089591134157885,50.54113557480187
ru-en,it,182,GP,GP,1.0,en_fr_CLIENT-02_default_2020-12-27-30_doc0,23.462350320528,58.95447700437665
ru-en,it,182,MEPRS,GP,1.0,en_fr_CLIENT-02_default_2020-12-27-30_doc0,23.462350320528,58.95447700437665
ru-en,it,185,G35,G35,1.0,express.co.uk.29378,46.09056322258579,80.22268648655272
ru-en,it,185,G4o,G4o,1.0,express.co.uk.29378,35.84272678831309,77.43062086839565
ru-en,it,185,C3,C3,1.0,express.co.uk.29378,35.84272678831309,79.92450842055361
ru-en,it,185,C35,C35,1.0,express.co.uk.29378,35.84272678831309,79.92450842055361
ru-en,it,185,GP,GP,1.0,express.co.uk.29378,52.42460112039547,86.3674293231261
ru-en,it,185,MEPRS,GP,1.0,express.co.uk.29378,52.42460112039547,86.3674293231261
ru-en,it,186,G35,G35,1.0,t3_qxpw5l,51.29497107827519,54.055260719694274
ru-en,it,186,G4o,G4o,1.0,t3_qxpw5l,51.29497107827519,54.055260719694274
ru-en,it,186,C3,C3,1.0,t3_qxpw5l,51.29497107827519,54.055260719694274
ru-en,it,186,C35,C35,1.0,t3_qxpw5l,36.0056585428503,30.42482735845404
ru-en,it,186,GP,GP,1.0,t3_qxpw5l,16.14272906495991,26.890238550760387
ru-en,it,186,MEPRS,C3,1.0,t3_qxpw5l,51.29497107827519,54.055260719694274
ru-en,it,189,G35,G35,1.0,en_fr_CLIENT-02_default_2020-12-27-11_doc09,43.66835442847812,64.6179190846137
ru-en,it,189,G4o,G4o,1.0,en_fr_CLIENT-02_default_2020-12-27-11_doc09,32.921006464871596,56.018577528054315
ru-en,it,189,C3,C3,1.0,en_fr_CLIENT-02_default_2020-12-27-11_doc09,34.2144687801818,49.1724936478198
ru-en,it,189,C35,C35,1.0,en_fr_CLIENT-02_default_2020-12-27-11_doc09,53.107253497886994,76.0904722038905
ru-en,it,189,GP,GP,1.0,en_fr_CLIENT-02_default_2020-12-27-11_doc09,11.37168193487524,46.82384046021294
ru-en,it,189,MEPRS,C35,1.0,en_fr_CLIENT-02_default_2020-12-27-11_doc09,53.107253497886994,76.0904722038905
ru-en,it,192,G35,G35,1.0,ecommerce_en_26,49.33714857610702,80.017671012469
ru-en,it,192,G4o,G4o,1.0,ecommerce_en_26,49.33714857610702,80.017671012469
ru-en,it,192,C3,C3,1.0,ecommerce_en_26,59.776423507841685,85.37761625747437
ru-en,it,192,C35,C35,1.0,ecommerce_en_26,61.42883568508891,85.85785285321892
ru-en,it,192,GP,GP,1.0,ecommerce_en_26,49.33714857610702,80.14296802708473
ru-en,it,192,MEPRS,C3,1.0,ecommerce_en_26,59.776423507841685,85.37761625747437
ru-en,it,196,G35,G35,1.0,ecommerce_en_41,22.229849552064014,59.79618564738828
ru-en,it,196,G4o,G4o,1.0,ecommerce_en_41,31.762152032055834,59.103241384733145
ru-en,it,196,C3,C3,1.0,ecommerce_en_41,31.702331385234306,60.52972753333975
ru-en,it,196,C35,C35,1.0,ecommerce_en_41,29.502343631964045,65.66794942394729
ru-en,it,196,GP,GP,1.0,ecommerce_en_41,31.762152032055834,60.545740902322876
ru-en,it,196,MEPRS,C35,1.0,ecommerce_en_41,29.502343631964045,65.66794942394729
ru-en,tear,3,G35,G35,1.0,ecommerce_en_24,47.24028466751081,71.94244622723694
ru-en,tear,3,G4o,G4o,1.0,ecommerce_en_24,76.41254083103469,87.89173906758167
ru-en,tear,3,C3,C3,1.0,ecommerce_en_24,60.67337731525328,76.99712530575276
ru-en,tear,3,C35,C35,1.0,ecommerce_en_24,48.14400258132247,73.10994252597001
ru-en,tear,3,GP,GP,1.0,ecommerce_en_24,30.950920105373303,63.000146051896856
ru-en,tear,3,MEPRS,G4o,1.0,ecommerce_en_24,76.41254083103469,87.89173906758167
ru-en,tear,5,G35,G35,1.0,en_fr_CLIENT-02_default_2021-01-10-21_doc0,24.078565545102702,22.23888697026889
ru-en,tear,5,G4o,G4o,1.0,en_fr_CLIENT-02_default_2021-01-10-21_doc0,24.078565545102702,22.23888697026889
ru-en,tear,5,C3,C3,1.0,en_fr_CLIENT-02_default_2021-01-10-21_doc0,24.078565545102702,22.23888697026889
ru-en,tear,5,C35,C35,1.0,en_fr_CLIENT-02_default_2021-01-10-21_doc0,24.078565545102702,22.23888697026889
ru-en,tear,5,GP,GP,1.0,en_fr_CLIENT-02_default_2021-01-10-21_doc0,1.6240841227520162,9.125321604635891
ru-en,tear,5,MEPRS,G35,1.0,en_fr_CLIENT-02_default_2021-01-10-21_doc0,24.078565545102702,22.23888697026889
ru-en,tear,6,G35,G35,1.0,en_de_CLIENT-02_default_2021-02-07-7_doc0,74.19446627365011,77.90799604343347
ru-en,tear,6,G4o,G4o,1.0,en_de_CLIENT-02_default_2021-02-07-7_doc0,74.19446627365011,77.90799604343347
ru-en,tear,6,C3,C3,1.0,en_de_CLIENT-02_default_2021-02-07-7_doc0,53.482593128388764,59.93340088213097
ru-en,tear,6,C35,C35,1.0,en_de_CLIENT-02_default_2021-02-07-7_doc0,74.19446627365011,77.90799604343347
ru-en,tear,6,GP,GP,1.0,en_de_CLIENT-02_default_2021-02-07-7_doc0,19.7666346391986,20.349711321633773
ru-en,tear,6,MEPRS,C35,1.0,en_de_CLIENT-02_default_2021-02-07-7_doc0,74.19446627365011,77.90799604343347
ru-en,tear,8,G35,G35,1.0,ecommerce_en_52,15.887441069791983,51.79167734971377
ru-en,tear,8,G4o,G4o,1.0,ecommerce_en_52,24.405051724608796,57.21693496290727
ru-en,tear,8,C3,C3,1.0,ecommerce_en_52,27.84899880299975,63.73339571885265
ru-en,tear,8,C35,C35,1.0,ecommerce_en_52,27.447938256311044,59.92059978395076
ru-en,tear,8,GP,GP,1.0,ecommerce_en_52,14.679869139754201,45.878212580576616
ru-en,tear,8,MEPRS,C3,1.0,ecommerce_en_52,27.84899880299975,63.73339571885265
ru-en,tear,10,G35,G35,1.0,t3_q8vmve,22.679164443904003,55.10224430071724
ru-en,tear,10,G4o,G4o,1.0,t3_q8vmve,22.679164443904003,55.10224430071724
ru-en,tear,10,C3,C3,1.0,t3_q8vmve,26.26909894424158,55.55222534353896
ru-en,tear,10,C35,C35,1.0,t3_q8vmve,26.26909894424158,55.55222534353896
ru-en,tear,10,GP,GP,1.0,t3_q8vmve,22.679164443904003,55.10224430071724
ru-en,tear,10,MEPRS,C35,1.0,t3_q8vmve,26.26909894424158,55.55222534353896
ru-en,tear,19,G35,G35,0.9565,ecommerce_en_13,38.42801092820717,66.48555482289648
ru-en,tear,19,G4o,G4o,0.9565,ecommerce_en_13,16.443673144939652,68.483985753449
ru-en,tear,19,C3,C3,0.9565,ecommerce_en_13,32.16697796870732,68.71209682887387
ru-en,tear,19,C35,C35,0.9565,ecommerce_en_13,43.97328913949978,72.59803997702602
ru-en,tear,19,GP,GP,0.9565,ecommerce_en_13,31.213236597404116,63.15719507277861
ru-en,tear,19,MEPRS,C35,0.9565,ecommerce_en_13,43.97328913949978,72.59803997702602
ru-en,tear,22,G35,G35,1.0,en_fr_CLIENT-02_default_2021-01-10-26_doc0,23.578316044531803,47.11045322547429
ru-en,tear,22,G4o,G4o,1.0,en_fr_CLIENT-02_default_2021-01-10-26_doc0,22.04887282071633,47.741219819563874
ru-en,tear,22,C3,C3,1.0,en_fr_CLIENT-02_default_2021-01-10-26_doc0,18.11606585143542,34.723240817368165
ru-en,tear,22,C35,C35,1.0,en_fr_CLIENT-02_default_2021-01-10-26_doc0,23.578316044531803,48.53716618744405
ru-en,tear,22,GP,GP,1.0,en_fr_CLIENT-02_default_2021-01-10-26_doc0,27.602580646531578,49.88908560908134
ru-en,tear,22,MEPRS,C35,1.0,en_fr_CLIENT-02_default_2021-01-10-26_doc0,23.578316044531803,48.53716618744405
ru-en,tear,24,G35,G35,1.0,t3_rdc3rj,12.605968092174912,13.480808905212088
ru-en,tear,24,G4o,G4o,1.0,t3_rdc3rj,17.827531042796256,34.51290365262232
ru-en,tear,24,C3,C3,1.0,t3_rdc3rj,16.54461999338998,45.89330930061661
ru-en,tear,24,C35,C35,1.0,t3_rdc3rj,16.54461999338998,45.89330930061661
ru-en,tear,24,GP,GP,1.0,t3_rdc3rj,29.98221389342337,61.86826669550529
ru-en,tear,24,MEPRS,GP,1.0,t3_rdc3rj,29.98221389342337,61.86826669550529
ru-en,tear,26,G35,G35,1.0,ecommerce_en_49,65.80370064762462,85.90010292854613
ru-en,tear,26,G4o,G4o,1.0,ecommerce_en_49,31.702331385234306,66.10042891348141
ru-en,tear,26,C3,C3,1.0,ecommerce_en_49,52.68058016461504,80.35600319448564
ru-en,tear,26,C35,C35,1.0,ecommerce_en_49,52.68058016461504,80.35600319448564
ru-en,tear,26,GP,GP,1.0,ecommerce_en_49,58.772837251053204,85.1071142492796
ru-en,tear,26,MEPRS,G35,1.0,ecommerce_en_49,65.80370064762462,85.90010292854613
ru-en,tear,27,G35,G35,0.9667,independent.80454,39.95727562028004,72.89853195039413
ru-en,tear,27,G4o,G4o,0.9667,independent.80454,48.76413638755947,79.27138804725395
ru-en,tear,27,C3,C3,0.9667,independent.80454,71.7791622352836,88.24083392949414
ru-en,tear,27,C35,C35,0.9667,independent.80454,59.36825469032806,82.64274462043414
ru-en,tear,27,GP,GP,0.9667,independent.80454,61.65182379467266,83.5875750170963
ru-en,tear,27,MEPRS,C3,0.9667,independent.80454,71.7791622352836,88.24083392949414
ru-en,tear,29,G35,G35,1.0,en_fr_CLIENT-02_default_2020-12-27-14_doc04,20.556680845025987,50.572951803218125
ru-en,tear,29,G4o,G4o,1.0,en_fr_CLIENT-02_default_2020-12-27-14_doc04,24.446151121745054,53.03102708572473
ru-en,tear,29,C3,C3,1.0,en_fr_CLIENT-02_default_2020-12-27-14_doc04,30.21375397356768,49.867042943479724
ru-en,tear,29,C35,C35,1.0,en_fr_CLIENT-02_default_2020-12-27-14_doc04,30.21375397356768,49.867042943479724
ru-en,tear,29,GP,GP,1.0,en_fr_CLIENT-02_default_2020-12-27-14_doc04,30.21375397356768,49.867042943479724
ru-en,tear,29,MEPRS,C35,1.0,en_fr_CLIENT-02_default_2020-12-27-14_doc04,30.21375397356768,49.867042943479724
ru-en,tear,33,G35,G35,1.0,rt.com.18606,17.60928267911618,48.390266938603865
ru-en,tear,33,G4o,G4o,1.0,rt.com.18606,17.60928267911618,48.88950345289421
ru-en,tear,33,C3,C3,1.0,rt.com.18606,13.78592993183041,47.50437538101255
ru-en,tear,33,C35,C35,1.0,rt.com.18606,17.60928267911618,48.390266938603865
ru-en,tear,33,GP,GP,1.0,rt.com.18606,9.941490945601677,49.922987479009414
ru-en,tear,33,MEPRS,C35,1.0,rt.com.18606,17.60928267911618,48.390266938603865
ru-en,tear,36,G35,G35,1.0,t1_ho5gymy,45.258880078905584,68.66220172445357
ru-en,tear,36,G4o,G4o,1.0,t1_ho5gymy,45.258880078905584,68.66220172445357
ru-en,tear,36,C3,C3,1.0,t1_ho5gymy,77.44031410142033,92.1491884480889
ru-en,tear,36,C35,C35,1.0,t1_ho5gymy,77.44031410142033,92.1491884480889
ru-en,tear,36,GP,GP,1.0,t1_ho5gymy,51.42401605028263,61.55058446513007
ru-en,tear,36,MEPRS,C35,1.0,t1_ho5gymy,77.44031410142033,92.1491884480889
ru-en,tear,40,G35,G35,1.0,t1_hnwfutv,46.0462862587273,66.56266960847951
ru-en,tear,40,G4o,G4o,1.0,t1_hnwfutv,49.24790605054523,75.16449831818758
ru-en,tear,40,C3,C3,1.0,t1_hnwfutv,40.71220775553065,69.28882364021266
ru-en,tear,40,C35,C35,1.0,t1_hnwfutv,37.08163623065084,65.58585573436453
ru-en,tear,40,GP,GP,1.0,t1_hnwfutv,16.449450056138964,57.30070701016897
ru-en,tear,40,MEPRS,G35,1.0,t1_hnwfutv,46.0462862587273,66.56266960847951
ru-en,tear,41,G35,G35,1.0,t3_r43jsw,82.82477531331041,88.6396190165487
ru-en,tear,41,G4o,G4o,1.0,t3_r43jsw,100.0,100.0
ru-en,tear,41,C3,C3,1.0,t3_r43jsw,82.82477531331041,88.6396190165487
ru-en,tear,41,C35,C35,1.0,t3_r43jsw,82.82477531331041,88.6396190165487
ru-en,tear,41,GP,GP,1.0,t3_r43jsw,76.24658586234861,84.11723621569115
ru-en,tear,41,MEPRS,G4o,1.0,t3_r43jsw,100.0,100.0
ru-en,tear,42,G35,G35,1.0,t1_ho5gymy,59.46035575013605,80.53811169041572
ru-en,tear,42,G4o,G4o,1.0,t1_ho5gymy,70.71067811865474,70.63174867105778
ru-en,tear,42,C3,C3,1.0,t1_ho5gymy,100.0,100.0
ru-en,tear,42,C35,C35,1.0,t1_ho5gymy,59.46035575013605,80.53811169041572
ru-en,tear,42,GP,GP,1.0,t1_ho5gymy,32.07318193985872,73.51918837073657
ru-en,tear,42,MEPRS,C3,1.0,t1_ho5gymy,100.0,100.0
ru-en,tear,45,G35,G35,1.0,en_fr_CLIENT-02_default_2020-12-27-11_doc03,24.446151121745054,47.384404731692335
ru-en,tear,45,G4o,G4o,1.0,en_fr_CLIENT-02_default_2020-12-27-11_doc03,30.21375397356768,49.867042943479724
ru-en,tear,45,C3,C3,1.0,en_fr_CLIENT-02_default_2020-12-27-11_doc03,30.21375397356768,49.867042943479724
ru-en,tear,45,C35,C35,1.0,en_fr_CLIENT-02_default_2020-12-27-11_doc03,30.21375397356768,49.867042943479724
ru-en,tear,45,GP,GP,1.0,en_fr_CLIENT-02_default_2020-12-27-11_doc03,13.545994273378142,41.787978670096294
ru-en,tear,45,MEPRS,C3,1.0,en_fr_CLIENT-02_default_2020-12-27-11_doc03,30.21375397356768,49.867042943479724
ru-en,tear,47,G35,G35,1.0,ecommerce_en_27,33.03164318013807,55.18975840200309
ru-en,tear,47,G4o,G4o,1.0,ecommerce_en_27,33.03164318013807,55.18975840200309
ru-en,tear,47,C3,C3,1.0,ecommerce_en_27,71.18034480382984,79.23015187237486
ru-en,tear,47,C35,C35,1.0,ecommerce_en_27,71.18034480382984,79.23015187237486
ru-en,tear,47,GP,GP,1.0,ecommerce_en_27,20.164945583740668,35.08346108814084
ru-en,tear,47,MEPRS,C35,1.0,ecommerce_en_27,71.18034480382984,79.23015187237486
ru-en,tear,52,G35,G35,1.0,t1_hmpp3wk,32.22538601891173,62.59687959760058
ru-en,tear,52,G4o,G4o,1.0,t1_hmpp3wk,25.890790939055336,53.489554225457134
ru-en,tear,52,C3,C3,1.0,t1_hmpp3wk,31.466609969564157,60.64740570124357
ru-en,tear,52,C35,C35,1.0,t1_hmpp3wk,32.114761941826316,64.4068529853406
ru-en,tear,52,GP,GP,1.0,t1_hmpp3wk,37.2918591020702,78.11499321483024
ru-en,tear,52,MEPRS,GP,1.0,t1_hmpp3wk,37.2918591020702,78.11499321483024
ru-en,tear,55,G35,G35,1.0,t1_hiyjod1,60.93717068868808,73.11165586122222
ru-en,tear,55,G4o,G4o,1.0,t1_hiyjod1,69.50845486056885,77.77770657367658
ru-en,tear,55,C3,C3,1.0,t1_hiyjod1,82.07515273873133,87.00175133559587
ru-en,tear,55,C35,C35,1.0,t1_hiyjod1,60.89522151778483,76.58971769984821
ru-en,tear,55,GP,GP,1.0,t1_hiyjod1,29.304062939150082,46.52970874851089
ru-en,tear,55,MEPRS,C3,1.0,t1_hiyjod1,82.07515273873133,87.00175133559587
ru-en,tear,66,G35,G35,1.0,t1_h6c5bhv,31.53554052490132,64.65892018530948
ru-en,tear,66,G4o,G4o,1.0,t1_h6c5bhv,36.61926362999429,62.69477542526658
ru-en,tear,66,C3,C3,1.0,t1_h6c5bhv,33.88714363186176,62.884365534030394
ru-en,tear,66,C35,C35,1.0,t1_h6c5bhv,45.72313446186435,78.15281050861662
ru-en,tear,66,GP,GP,1.0,t1_h6c5bhv,31.53554052490132,61.97864500410093
ru-en,tear,66,MEPRS,C35,1.0,t1_h6c5bhv,45.72313446186435,78.15281050861662
ru-en,tear,69,G35,G35,0.9524,en_de_CLIENT-01_default_2021-01-10-57_doc0,48.118588260210196,63.994392788958216
ru-en,tear,69,G4o,G4o,0.9524,en_de_CLIENT-01_default_2021-01-10-57_doc0,47.43801054947117,63.31976735877723
ru-en,tear,69,C3,C3,0.9524,en_de_CLIENT-01_default_2021-01-10-57_doc0,45.146940451601644,64.3272068255396
ru-en,tear,69,C35,C35,0.9524,en_de_CLIENT-01_default_2021-01-10-57_doc0,32.09805391136719,54.07304933588956
ru-en,tear,69,GP,GP,0.9524,en_de_CLIENT-01_default_2021-01-10-57_doc0,40.85648770709492,58.303194670617565
ru-en,tear,69,MEPRS,G4o,0.9524,en_de_CLIENT-01_default_2021-01-10-57_doc0,47.43801054947117,63.31976735877723
ru-en,tear,75,G35,G35,0.9268,express.co.uk.29378,9.00911347430732,42.687429666334076
ru-en,tear,75,G4o,G4o,0.9268,express.co.uk.29378,10.665549155965788,45.565054930479526
ru-en,tear,75,C3,C3,0.9268,express.co.uk.29378,8.848966716768093,46.35788794084792
ru-en,tear,75,C35,C35,0.9268,express.co.uk.29378,11.439983395491469,49.348839082350146
ru-en,tear,75,GP,GP,0.9268,express.co.uk.29378,11.162938527547608,45.33548483563943
ru-en,tear,75,MEPRS,C3,0.9268,express.co.uk.29378,8.848966716768093,46.35788794084792
ru-en,tear,79,G35,G35,1.0,guardian.44781,100.0,100.0
ru-en,tear,79,G4o,G4o,1.0,guardian.44781,84.64817248906141,87.49322988109651
ru-en,tear,79,C3,C3,1.0,guardian.44781,100.0,100.0
ru-en,tear,79,C35,C35,1.0,guardian.44781,100.0,100.0
ru-en,tear,79,GP,GP,1.0,guardian.44781,84.64817248906141,87.49322988109651
ru-en,tear,79,MEPRS,C3,1.0,guardian.44781,100.0,100.0
ru-en,tear,84,G35,G35,1.0,en_zh-TW_CLIENT-05_2020-12-20-268_doc0,18.207052811092133,51.19032942156059
ru-en,tear,84,G4o,G4o,1.0,en_zh-TW_CLIENT-05_2020-12-20-268_doc0,13.834368456410944,44.55819281776994
ru-en,tear,84,C3,C3,1.0,en_zh-TW_CLIENT-05_2020-12-20-268_doc0,39.65384287913187,72.76098633620428
ru-en,tear,84,C35,C35,1.0,en_zh-TW_CLIENT-05_2020-12-20-268_doc0,19.674979811155634,45.20053414379756
ru-en,tear,84,GP,GP,1.0,en_zh-TW_CLIENT-05_2020-12-20-268_doc0,13.834368456410944,44.55819281776994
ru-en,tear,84,MEPRS,C3,1.0,en_zh-TW_CLIENT-05_2020-12-20-268_doc0,39.65384287913187,72.76098633620428
ru-en,tear,87,G35,G35,0.9394,guardian.44758,13.270930217190724,45.682543848873884
ru-en,tear,87,G4o,G4o,0.9394,guardian.44758,13.111048160552894,46.27024519273516
ru-en,tear,87,C3,C3,0.9394,guardian.44758,13.76634456343584,49.76231846517559
ru-en,tear,87,C35,C35,0.9394,guardian.44758,22.945457452938005,51.888374678138625
ru-en,tear,87,GP,GP,0.9394,guardian.44758,6.108293815376794,38.394758641411954
ru-en,tear,87,MEPRS,C35,0.9394,guardian.44758,22.945457452938005,51.888374678138625
ru-en,tear,89,G35,G35,1.0,cnn.81799,52.94704676196043,77.47164999336363
ru-en,tear,89,G4o,G4o,1.0,cnn.81799,63.50288872373995,82.41724394802615
ru-en,tear,89,C3,C3,1.0,cnn.81799,72.00242075875519,85.61771075919204
ru-en,tear,89,C35,C35,1.0,cnn.81799,72.00242075875519,85.61771075919204
ru-en,tear,89,GP,GP,1.0,cnn.81799,47.84811282387844,76.65286210829386
ru-en,tear,89,MEPRS,C3,1.0,cnn.81799,72.00242075875519,85.61771075919204
ru-en,tear,94,G35,G35,0.94,en_fr_CLIENT-02_default_2020-12-27-71_doc07,57.955814988994206,79.13722798447562
ru-en,tear,94,G4o,G4o,0.94,en_fr_CLIENT-02_default_2020-12-27-71_doc07,57.955814988994206,79.90938597369981
ru-en,tear,94,C3,C3,0.94,en_fr_CLIENT-02_default_2020-12-27-71_doc07,62.62844962765469,80.20655664750767
ru-en,tear,94,C35,C35,0.94,en_fr_CLIENT-02_default_2020-12-27-71_doc07,65.91844162499147,87.77974982817624
ru-en,tear,94,GP,GP,0.94,en_fr_CLIENT-02_default_2020-12-27-71_doc07,62.62844962765469,80.20655664750767
ru-en,tear,94,MEPRS,C35,0.94,en_fr_CLIENT-02_default_2020-12-27-71_doc07,65.91844162499147,87.77974982817624
ru-en,tear,96,G35,G35,1.0,en_fr_CLIENT-02_default_2020-12-27-14_doc0,35.93041119630843,75.79158618250534
ru-en,tear,96,G4o,G4o,1.0,en_fr_CLIENT-02_default_2020-12-27-14_doc0,50.813274815461476,96.06070352084845
ru-en,tear,96,C3,C3,1.0,en_fr_CLIENT-02_default_2020-12-27-14_doc0,50.813274815461476,96.06070352084845
ru-en,tear,96,C35,C35,1.0,en_fr_CLIENT-02_default_2020-12-27-14_doc0,66.8740304976422,96.82342156972611
ru-en,tear,96,GP,GP,1.0,en_fr_CLIENT-02_default_2020-12-27-14_doc0,29.847458960098226,93.12682133890128
ru-en,tear,96,MEPRS,C35,1.0,en_fr_CLIENT-02_default_2020-12-27-14_doc0,66.8740304976422,96.82342156972611
ru-en,tear,98,G35,G35,1.0,en_fr_CLIENT-02_default_2020-12-27-14_doc0,8.736820732355158,48.19637509184647
ru-en,tear,98,G4o,G4o,1.0,en_fr_CLIENT-02_default_2020-12-27-14_doc0,39.073802494525,69.84973172414934
ru-en,tear,98,C3,C3,1.0,en_fr_CLIENT-02_default_2020-12-27-14_doc0,53.16967153331754,74.56700987943465
ru-en,tear,98,C35,C35,1.0,en_fr_CLIENT-02_default_2020-12-27-14_doc0,19.143758009305543,63.33722073208482
ru-en,tear,98,GP,GP,1.0,en_fr_CLIENT-02_default_2020-12-27-14_doc0,18.45895819969781,56.313751905563095
ru-en,tear,98,MEPRS,G4o,1.0,en_fr_CLIENT-02_default_2020-12-27-14_doc0,39.073802494525,69.84973172414934
ru-en,tear,101,G35,G35,1.0,en_zh-TW_CLIENT-05_2020-12-20-256_doc0,27.036454964104745,55.39280515331163
ru-en,tear,101,G4o,G4o,1.0,en_zh-TW_CLIENT-05_2020-12-20-256_doc0,27.091988546756284,62.49650299281609
ru-en,tear,101,C3,C3,1.0,en_zh-TW_CLIENT-05_2020-12-20-256_doc0,49.616830003403635,62.29172548860976
ru-en,tear,101,C35,C35,1.0,en_zh-TW_CLIENT-05_2020-12-20-256_doc0,49.616830003403635,66.56615884416676
ru-en,tear,101,GP,GP,1.0,en_zh-TW_CLIENT-05_2020-12-20-256_doc0,26.9855346668251,56.13603585579626
ru-en,tear,101,MEPRS,G35,1.0,en_zh-TW_CLIENT-05_2020-12-20-256_doc0,27.036454964104745,55.39280515331163
ru-en,tear,104,G35,G35,1.0,en_fr_CLIENT-02_default_2020-12-27-11_doc03,30.21375397356768,49.867042943479724
ru-en,tear,104,G4o,G4o,1.0,en_fr_CLIENT-02_default_2020-12-27-11_doc03,30.21375397356768,49.867042943479724
ru-en,tear,104,C3,C3,1.0,en_fr_CLIENT-02_default_2020-12-27-11_doc03,30.21375397356768,49.867042943479724
ru-en,tear,104,C35,C35,1.0,en_fr_CLIENT-02_default_2020-12-27-11_doc03,30.21375397356768,49.867042943479724
ru-en,tear,104,GP,GP,1.0,en_fr_CLIENT-02_default_2020-12-27-11_doc03,20.556680845025987,47.384404731692335
ru-en,tear,104,MEPRS,G35,1.0,en_fr_CLIENT-02_default_2020-12-27-11_doc03,30.21375397356768,49.867042943479724
ru-en,tear,107,G35,G35,1.0,ecommerce_en_8,42.61082723917018,71.98788865769068
ru-en,tear,107,G4o,G4o,1.0,ecommerce_en_8,42.61082723917018,71.43342757947458
ru-en,tear,107,C3,C3,1.0,ecommerce_en_8,42.61082723917018,71.98788865769068
ru-en,tear,107,C35,C35,1.0,ecommerce_en_8,42.61082723917018,71.98788865769068
ru-en,tear,107,GP,GP,1.0,ecommerce_en_8,38.13707100324891,66.16533612189704
ru-en,tear,107,MEPRS,C3,1.0,ecommerce_en_8,42.61082723917018,71.98788865769068
ru-en,tear,121,G35,G35,1.0,pa.10292,68.03749333171201,48.62870471633488
ru-en,tear,121,G4o,G4o,1.0,pa.10292,68.03749333171201,48.62870471633488
ru-en,tear,121,C3,C3,1.0,pa.10292,46.17366309441026,47.390325945536866
ru-en,tear,121,C35,C35,1.0,pa.10292,46.17366309441026,47.390325945536866
ru-en,tear,121,GP,GP,1.0,pa.10292,68.03749333171201,48.62870471633488
ru-en,tear,121,MEPRS,GP,1.0,pa.10292,68.03749333171201,48.62870471633488
ru-en,tear,133,G35,G35,1.0,t1_hiyjod1,19.729406277958837,49.252692596998266
ru-en,tear,133,G4o,G4o,1.0,t1_hiyjod1,28.997844147152072,59.927145035283566
ru-en,tear,133,C3,C3,1.0,t1_hiyjod1,16.261701715194892,52.17338567990765
ru-en,tear,133,C35,C35,1.0,t1_hiyjod1,17.747405280050263,36.14698880359836
ru-en,tear,133,GP,GP,1.0,t1_hiyjod1,1.6215809237314193e-08,4.046874867837821
ru-en,tear,133,MEPRS,C35,1.0,t1_hiyjod1,17.747405280050263,36.14698880359836
ru-en,tear,137,G35,G35,1.0,t1_hoh4p6r,49.124158433111575,71.87660764585786
ru-en,tear,137,G4o,G4o,1.0,t1_hoh4p6r,58.534104967283504,85.383015640471
ru-en,tear,137,C3,C3,1.0,t1_hoh4p6r,45.35939333681082,68.22770452311391
ru-en,tear,137,C35,C35,1.0,t1_hoh4p6r,45.35939333681082,68.22770452311391
ru-en,tear,137,GP,GP,1.0,t1_hoh4p6r,53.54063183898494,77.68503526285028
ru-en,tear,137,MEPRS,G4o,1.0,t1_hoh4p6r,58.534104967283504,85.383015640471
ru-en,tear,144,G35,G35,1.0,en_de_CLIENT-01_default_2021-01-17-45_doc0,25.861979300210308,60.789672885076065
ru-en,tear,144,G4o,G4o,1.0,en_de_CLIENT-01_default_2021-01-17-45_doc0,42.048803222665285,73.05496847926806
ru-en,tear,144,C3,C3,1.0,en_de_CLIENT-01_default_2021-01-17-45_doc0,47.76494680518885,74.09166124454406
ru-en,tear,144,C35,C35,1.0,en_de_CLIENT-01_default_2021-01-17-45_doc0,57.75650526355471,81.45144506058959
ru-en,tear,144,GP,GP,1.0,en_de_CLIENT-01_default_2021-01-17-45_doc0,30.6755285150481,61.81802087049682
ru-en,tear,144,MEPRS,C35,1.0,en_de_CLIENT-01_default_2021-01-17-45_doc0,57.75650526355471,81.45144506058959
ru-en,tear,151,G35,G35,1.0,ecommerce_en_30,61.47881529512643,92.06482884894952
ru-en,tear,151,G4o,G4o,1.0,ecommerce_en_30,35.41698766144061,53.61046505616972
ru-en,tear,151,C3,C3,1.0,ecommerce_en_30,37.70929789171766,78.27497182627958
ru-en,tear,151,C35,C35,1.0,ecommerce_en_30,37.70929789171766,78.27497182627958
ru-en,tear,151,GP,GP,1.0,ecommerce_en_30,61.47881529512643,92.06482884894952
ru-en,tear,151,MEPRS,G4o,1.0,ecommerce_en_30,35.41698766144061,53.61046505616972
ru-en,tear,154,G35,G35,0.9677,rt.com.18606,36.723486865269585,64.54550253352512
ru-en,tear,154,G4o,G4o,0.9677,rt.com.18606,22.311017894082735,63.47114451068445
ru-en,tear,154,C3,C3,0.9677,rt.com.18606,22.206162944586755,63.46209210204599
ru-en,tear,154,C35,C35,0.9677,rt.com.18606,35.44271101850488,65.03794814774449
ru-en,tear,154,GP,GP,0.9677,rt.com.18606,43.193910127784704,68.61129837658878
ru-en,tear,154,MEPRS,C35,0.9677,rt.com.18606,35.44271101850488,65.03794814774449
ru-en,tear,159,G35,G35,0.9231,en_fr_CLIENT-02_default_2020-12-20-16_doc08,39.2814650900513,60.45453400684059
ru-en,tear,159,G4o,G4o,0.9231,en_fr_CLIENT-02_default_2020-12-20-16_doc08,32.46679154750989,43.69348537802907
ru-en,tear,159,C3,C3,0.9231,en_fr_CLIENT-02_default_2020-12-20-16_doc08,39.2814650900513,60.45453400684059
ru-en,tear,159,C35,C35,0.9231,en_fr_CLIENT-02_default_2020-12-20-16_doc08,39.2814650900513,61.23607330281436
ru-en,tear,159,GP,GP,0.9231,en_fr_CLIENT-02_default_2020-12-20-16_doc08,39.2814650900513,61.23607330281436
ru-en,tear,159,MEPRS,GP,0.9231,en_fr_CLIENT-02_default_2020-12-20-16_doc08,39.2814650900513,61.23607330281436
ru-en,tear,162,G35,G35,0.9286,standard.co.uk.46814,15.384750052099497,55.33860804116498
ru-en,tear,162,G4o,G4o,0.9286,standard.co.uk.46814,33.491517492026425,70.38477430634238
ru-en,tear,162,C3,C3,0.9286,standard.co.uk.46814,32.70292922455489,64.6450848423322
ru-en,tear,162,C35,C35,0.9286,standard.co.uk.46814,38.13707100324891,72.23583208559253
ru-en,tear,162,GP,GP,0.9286,standard.co.uk.46814,24.53424678747742,67.67882929631408
ru-en,tear,162,MEPRS,C35,0.9286,standard.co.uk.46814,38.13707100324891,72.23583208559253
ru-en,tear,164,G35,G35,1.0,t1_hkc5no1,0.0031622776601683803,100.0
ru-en,tear,164,G4o,G4o,1.0,t1_hkc5no1,0.0031622776601683803,100.0
ru-en,tear,164,C3,C3,1.0,t1_hkc5no1,0.0031622776601683803,100.0
ru-en,tear,164,C35,C35,1.0,t1_hkc5no1,0.0031622776601683803,100.0
ru-en,tear,164,GP,GP,1.0,t1_hkc5no1,0.0031622776601683803,100.0
ru-en,tear,164,MEPRS,GP,1.0,t1_hkc5no1,0.0031622776601683803,100.0
ru-en,tear,175,G35,G35,1.0,en_fr_CLIENT-02_default_2020-12-27-11_doc03,26.26909894424158,71.96276256592766
ru-en,tear,175,G4o,G4o,1.0,en_fr_CLIENT-02_default_2020-12-27-11_doc03,19.070828081828378,58.26798522998843
ru-en,tear,175,C3,C3,1.0,en_fr_CLIENT-02_default_2020-12-27-11_doc03,26.26909894424158,33.137825538284794
ru-en,tear,175,C35,C35,1.0,en_fr_CLIENT-02_default_2020-12-27-11_doc03,41.113361690051974,78.01856183826887
ru-en,tear,175,GP,GP,1.0,en_fr_CLIENT-02_default_2020-12-27-11_doc03,17.03318603763928,66.86162857484845
ru-en,tear,175,MEPRS,C35,1.0,en_fr_CLIENT-02_default_2020-12-27-11_doc03,41.113361690051974,78.01856183826887
ru-en,tear,179,G35,G35,1.0,t3_qdm51k,44.83386700384459,58.19091653740772
ru-en,tear,179,G4o,G4o,1.0,t3_qdm51k,44.83386700384459,58.19091653740772
ru-en,tear,179,C3,C3,1.0,t3_qdm51k,22.692039365038067,48.937770187770184
ru-en,tear,179,C35,C35,1.0,t3_qdm51k,44.83386700384459,58.19091653740772
ru-en,tear,179,GP,GP,1.0,t3_qdm51k,38.163309113713375,40.61822598856042
ru-en,tear,179,MEPRS,G4o,1.0,t3_qdm51k,44.83386700384459,58.19091653740772
ru-en,tear,180,G35,G35,1.0,en_fr_CLIENT-02_default_2020-12-27-11_doc03,24.446151121745054,47.384404731692335
ru-en,tear,180,G4o,G4o,1.0,en_fr_CLIENT-02_default_2020-12-27-11_doc03,30.21375397356768,49.867042943479724
ru-en,tear,180,C3,C3,1.0,en_fr_CLIENT-02_default_2020-12-27-11_doc03,30.21375397356768,49.867042943479724
ru-en,tear,180,C35,C35,1.0,en_fr_CLIENT-02_default_2020-12-27-11_doc03,30.21375397356768,49.867042943479724
ru-en,tear,180,GP,GP,1.0,en_fr_CLIENT-02_default_2020-12-27-11_doc03,0.39763536438352537,69.25115417702197
ru-en,tear,180,MEPRS,C35,1.0,en_fr_CLIENT-02_default_2020-12-27-11_doc03,30.21375397356768,49.867042943479724
ru-en,tear,182,G35,G35,1.0,en_fr_CLIENT-02_default_2020-12-27-30_doc0,19.729406277958837,50.06176912249381
ru-en,tear,182,G4o,G4o,1.0,en_fr_CLIENT-02_default_2020-12-27-30_doc0,17.03318603763928,51.19516836428459
ru-en,tear,182,C3,C3,1.0,en_fr_CLIENT-02_default_2020-12-27-30_doc0,25.96535889340338,59.17272456344309
ru-en,tear,182,C35,C35,1.0,en_fr_CLIENT-02_default_2020-12-27-30_doc0,15.53712569276035,50.68302466597503
ru-en,tear,182,GP,GP,1.0,en_fr_CLIENT-02_default_2020-12-27-30_doc0,13.545994273378142,45.27698480265703
ru-en,tear,182,MEPRS,C3,1.0,en_fr_CLIENT-02_default_2020-12-27-30_doc0,25.96535889340338,59.17272456344309
ru-en,tear,185,G35,G35,1.0,express.co.uk.29378,46.09056322258579,80.22268648655272
ru-en,tear,185,G4o,G4o,1.0,express.co.uk.29378,32.53118880579605,72.12793902905437
ru-en,tear,185,C3,C3,1.0,express.co.uk.29378,35.84272678831309,77.43062086839565
ru-en,tear,185,C35,C35,1.0,express.co.uk.29378,35.84272678831309,79.92450842055361
ru-en,tear,185,GP,GP,1.0,express.co.uk.29378,38.68581818293277,72.97908134741718
ru-en,tear,185,MEPRS,C35,1.0,express.co.uk.29378,35.84272678831309,79.92450842055361
ru-en,tear,186,G35,G35,1.0,t3_qxpw5l,51.29497107827519,54.055260719694274
ru-en,tear,186,G4o,G4o,1.0,t3_qxpw5l,47.08519732645176,22.293158949863255
ru-en,tear,186,C3,C3,1.0,t3_qxpw5l,46.72288267673651,26.199085649907598
ru-en,tear,186,C35,C35,1.0,t3_qxpw5l,38.50322886878713,30.945549696988405
ru-en,tear,186,GP,GP,1.0,t3_qxpw5l,11.421946507590647,19.728531318776206
ru-en,tear,186,MEPRS,G35,1.0,t3_qxpw5l,51.29497107827519,54.055260719694274
ru-en,tear,189,G35,G35,1.0,en_fr_CLIENT-02_default_2020-12-27-11_doc09,49.735673561245434,77.52537101345933
ru-en,tear,189,G4o,G4o,1.0,en_fr_CLIENT-02_default_2020-12-27-11_doc09,45.72313446186435,76.50717205834131
ru-en,tear,189,C3,C3,1.0,en_fr_CLIENT-02_default_2020-12-27-11_doc09,42.40125351805037,62.49045330503764
ru-en,tear,189,C35,C35,1.0,en_fr_CLIENT-02_default_2020-12-27-11_doc09,53.107253497886994,76.0904722038905
ru-en,tear,189,GP,GP,1.0,en_fr_CLIENT-02_default_2020-12-27-11_doc09,3.4101561447741293,22.352432324058913
ru-en,tear,189,MEPRS,C35,1.0,en_fr_CLIENT-02_default_2020-12-27-11_doc09,53.107253497886994,76.0904722038905
ru-en,tear,192,G35,G35,1.0,ecommerce_en_26,49.33714857610702,80.017671012469
ru-en,tear,192,G4o,G4o,1.0,ecommerce_en_26,37.25254011541031,74.79899837801138
ru-en,tear,192,C3,C3,1.0,ecommerce_en_26,47.66945848261136,79.52677672693376
ru-en,tear,192,C35,C35,1.0,ecommerce_en_26,45.85746373580211,79.98776324371269
ru-en,tear,192,GP,GP,1.0,ecommerce_en_26,6.542321542369042,34.582296137862144
ru-en,tear,192,MEPRS,G4o,1.0,ecommerce_en_26,37.25254011541031,74.79899837801138
ru-en,tear,196,G35,G35,1.0,ecommerce_en_41,37.889264690614354,70.13247315403316
ru-en,tear,196,G4o,G4o,1.0,ecommerce_en_41,25.21193618434983,52.75855964892241
ru-en,tear,196,C3,C3,1.0,ecommerce_en_41,31.762152032055834,58.833347057329284
ru-en,tear,196,C35,C35,1.0,ecommerce_en_41,22.78155605106205,51.07846577999445
ru-en,tear,196,GP,GP,1.0,ecommerce_en_41,31.762152032055834,60.545740902322876
ru-en,tear,196,MEPRS,G4o,1.0,ecommerce_en_41,25.21193618434983,52.75855964892241
zh-en,it,0,G35,G35,0.9492,apparel-3-zh_0075255-118,28.109941701423846,56.76828686112805
zh-en,it,0,G4o,G4o,0.9492,apparel-3-zh_0075255-118,44.40917663718497,65.45743348978674
zh-en,it,0,C3,C3,0.9492,apparel-3-zh_0075255-118,34.69928405531367,59.55630346991641
zh-en,it,0,C35,C35,0.9492,apparel-3-zh_0075255-118,37.12350784210902,57.01693060662231
zh-en,it,0,GP,GP,0.9492,apparel-3-zh_0075255-118,29.5567762316931,62.70563776190287
zh-en,it,0,MEPRS,C3,0.9492,apparel-3-zh_0075255-118,34.69928405531367,59.55630346991641
zh-en,it,1,G35,G35,1.0,sports-1-zh_0749906-157,19.358307479298794,36.43816897303793
zh-en,it,1,G4o,G4o,1.0,sports-1-zh_0749906-157,28.787878181011273,53.03053812970697
zh-en,it,1,C3,C3,1.0,sports-1-zh_0749906-157,38.975749519739836,61.05390467203802
zh-en,it,1,C35,C35,1.0,sports-1-zh_0749906-157,38.975749519739836,61.05390467203802
zh-en,it,1,GP,GP,1.0,sports-1-zh_0749906-157,33.15796151992083,61.02423503555902
zh-en,it,1,MEPRS,C35,1.0,sports-1-zh_0749906-157,38.975749519739836,61.05390467203802
zh-en,it,6,G35,G35,1.0,rfi-chinese.19798,50.37101608831056,75.72844918691901
zh-en,it,6,G4o,G4o,1.0,rfi-chinese.19798,79.8713416719781,84.75197448687926
zh-en,it,6,C3,C3,1.0,rfi-chinese.19798,62.063491787042324,84.1657542825227
zh-en,it,6,C35,C35,1.0,rfi-chinese.19798,66.14216803672277,78.27398561497456
zh-en,it,6,GP,GP,1.0,rfi-chinese.19798,79.8713416719781,85.22838692714322
zh-en,it,6,MEPRS,G4o,1.0,rfi-chinese.19798,79.8713416719781,84.75197448687926
zh-en,it,15,G35,G35,0.9444,hunan_ribao-zh.11306,33.452337596510986,76.15862338456378
zh-en,it,15,G4o,G4o,0.9444,hunan_ribao-zh.11306,34.42326696585759,73.67568383749885
zh-en,it,15,C3,C3,0.9444,hunan_ribao-zh.11306,27.756899074628542,67.88700018699332
zh-en,it,15,C35,C35,0.9444,hunan_ribao-zh.11306,32.11041146502072,70.84350478200876
zh-en,it,15,GP,GP,0.9444,hunan_ribao-zh.11306,14.970250547474276,57.87344498130536
zh-en,it,15,MEPRS,GP,0.9444,hunan_ribao-zh.11306,14.970250547474276,57.87344498130536
zh-en,it,22,G35,G35,1.0,other-3-zh_0328063-185,35.3203510510529,65.46733736139184
zh-en,it,22,G4o,G4o,1.0,other-3-zh_0328063-185,25.30618805649334,60.692431038144036
zh-en,it,22,C3,C3,1.0,other-3-zh_0328063-185,44.89771072202117,66.97679912811422
zh-en,it,22,C35,C35,1.0,other-3-zh_0328063-185,31.80610472500743,61.30970525446051
zh-en,it,22,GP,GP,1.0,other-3-zh_0328063-185,36.667271979533126,64.3573798750342
zh-en,it,22,MEPRS,C3,1.0,other-3-zh_0328063-185,44.89771072202117,66.97679912811422
zh-en,it,25,G35,G35,0.9474,office_product-2-zh_0543012-62,14.991106946711685,44.4328425313409
zh-en,it,25,G4o,G4o,0.9474,office_product-2-zh_0543012-62,12.300686288463773,45.164225340759536
zh-en,it,25,C3,C3,0.9474,office_product-2-zh_0543012-62,14.991106946711685,44.4328425313409
zh-en,it,25,C35,C35,0.9474,office_product-2-zh_0543012-62,21.105340631872636,52.96198612405373
zh-en,it,25,GP,GP,0.9474,office_product-2-zh_0543012-62,7.305267243289862,34.686556467947135
zh-en,it,25,MEPRS,C35,0.9474,office_product-2-zh_0543012-62,21.105340631872636,52.96198612405373
zh-en,it,34,G35,G35,0.9383,home-1-zh_0279080-154,25.845284652532353,55.447686386221115
zh-en,it,34,G4o,G4o,0.9383,home-1-zh_0279080-154,26.422437382494795,52.566039092364946
zh-en,it,34,C3,C3,0.9383,home-1-zh_0279080-154,25.555679089743332,56.70788544773928
zh-en,it,34,C35,C35,0.9383,home-1-zh_0279080-154,22.05642047261744,49.78192134384229
zh-en,it,34,GP,GP,0.9383,home-1-zh_0279080-154,28.242657611226406,56.80687670265854
zh-en,it,34,MEPRS,GP,0.9383,home-1-zh_0279080-154,28.242657611226406,56.80687670265854
zh-en,it,35,G35,G35,1.0,chinanews.com.280781,9.552040806823767,17.045317482193372
zh-en,it,35,G4o,G4o,1.0,chinanews.com.280781,8.583768591139126,15.476945854686113
zh-en,it,35,C3,C3,1.0,chinanews.com.280781,8.583768591139126,17.17434953057604
zh-en,it,35,C35,C35,1.0,chinanews.com.280781,10.761866342063776,27.648652506071645
zh-en,it,35,GP,GP,1.0,chinanews.com.280781,9.049614828481033,17.540880948661716
zh-en,it,35,MEPRS,C35,1.0,chinanews.com.280781,10.761866342063776,27.648652506071645
zh-en,it,37,G35,G35,1.0,automotive-3-zh_0544945-98,17.82013231677092,21.67361813162097
zh-en,it,37,G4o,G4o,1.0,automotive-3-zh_0544945-98,15.827883685397305,20.863147354810366
zh-en,it,37,C3,C3,1.0,automotive-3-zh_0544945-98,17.747405280050263,25.25790663658311
zh-en,it,37,C35,C35,1.0,automotive-3-zh_0544945-98,16.10230726602675,22.85585423443516
zh-en,it,37,GP,GP,1.0,automotive-3-zh_0544945-98,17.747405280050263,25.25790663658311
zh-en,it,37,MEPRS,G4o,1.0,automotive-3-zh_0544945-98,15.827883685397305,20.863147354810366
zh-en,it,43,G35,G35,0.9362,personal_care_appliances-4-zh_0788270-92,14.992526895289929,39.047811988224346
zh-en,it,43,G4o,G4o,0.9362,personal_care_appliances-4-zh_0788270-92,9.040070509191716,34.34396642165438
zh-en,it,43,C3,C3,0.9362,personal_care_appliances-4-zh_0788270-92,8.601325107393585,37.049244769243025
zh-en,it,43,C35,C35,0.9362,personal_care_appliances-4-zh_0788270-92,9.25159978069645,35.346044264951146
zh-en,it,43,GP,GP,0.9362,personal_care_appliances-4-zh_0788270-92,7.244389803201212,40.98429292725389
zh-en,it,43,MEPRS,GP,0.9362,personal_care_appliances-4-zh_0788270-92,7.244389803201212,40.98429292725389
zh-en,it,45,G35,G35,1.0,rfi-chinese.19812,72.59795291154771,83.3902010326769
zh-en,it,45,G4o,G4o,1.0,rfi-chinese.19812,72.59795291154771,83.3902010326769
zh-en,it,45,C3,C3,1.0,rfi-chinese.19812,84.08964152537145,83.71911395815603
zh-en,it,45,C35,C35,1.0,rfi-chinese.19812,84.08964152537145,83.71911395815603
zh-en,it,45,GP,GP,1.0,rfi-chinese.19812,72.59795291154771,83.3902010326769
zh-en,it,45,MEPRS,C3,1.0,rfi-chinese.19812,84.08964152537145,83.71911395815603
zh-en,it,46,G35,G35,0.9206,electronics-2-zh_0978438-79,24.511125896663604,47.56562392583521
zh-en,it,46,G4o,G4o,0.9206,electronics-2-zh_0978438-79,26.391768782625977,45.69352957308946
zh-en,it,46,C3,C3,0.9206,electronics-2-zh_0978438-79,26.207274324238067,51.93104787825232
zh-en,it,46,C35,C35,0.9206,electronics-2-zh_0978438-79,22.563793913475212,50.760899303689634
zh-en,it,46,GP,GP,0.9206,electronics-2-zh_0978438-79,29.660207566849067,47.12675590048273
zh-en,it,46,MEPRS,C35,0.9206,electronics-2-zh_0978438-79,22.563793913475212,50.760899303689634
zh-en,it,47,G35,G35,1.0,watch-2-zh_0475429-74,23.462350320528,46.49142041622619
zh-en,it,47,G4o,G4o,1.0,watch-2-zh_0475429-74,21.105340631872636,35.0957123736708
zh-en,it,47,C3,C3,1.0,watch-2-zh_0475429-74,17.03318603763928,39.277529644643224
zh-en,it,47,C35,C35,1.0,watch-2-zh_0475429-74,21.401603033752973,44.931245600909904
zh-en,it,47,GP,GP,1.0,watch-2-zh_0475429-74,17.03318603763928,29.54049993587482
zh-en,it,47,MEPRS,C35,1.0,watch-2-zh_0475429-74,21.401603033752973,44.931245600909904
zh-en,it,50,G35,G35,1.0,personal_care_appliances-5-zh_0172161-51,39.553325358771794,49.25422202925196
zh-en,it,50,G4o,G4o,1.0,personal_care_appliances-5-zh_0172161-51,49.616830003403635,55.619715261768306
zh-en,it,50,C3,C3,1.0,personal_care_appliances-5-zh_0172161-51,60.76795808137692,78.98178994918125
zh-en,it,50,C35,C35,1.0,personal_care_appliances-5-zh_0172161-51,39.458812555917675,51.88454715775112
zh-en,it,50,GP,GP,1.0,personal_care_appliances-5-zh_0172161-51,49.710454375314015,59.731400638790156
zh-en,it,50,MEPRS,C3,1.0,personal_care_appliances-5-zh_0172161-51,60.76795808137692,78.98178994918125
zh-en,it,53,G35,G35,1.0,grocery-3-zh_0192439-140,26.658376817028856,48.21486450332058
zh-en,it,53,G4o,G4o,1.0,grocery-3-zh_0192439-140,29.847458960098226,49.31936011946908
zh-en,it,53,C3,C3,1.0,grocery-3-zh_0192439-140,21.972813874997158,48.818514769076764
zh-en,it,53,C35,C35,1.0,grocery-3-zh_0192439-140,25.21193618434983,52.993634600065384
zh-en,it,53,GP,GP,1.0,grocery-3-zh_0192439-140,24.08856270485351,49.22470432045166
zh-en,it,53,MEPRS,C3,1.0,grocery-3-zh_0192439-140,21.972813874997158,48.818514769076764
zh-en,it,55,G35,G35,0.9565,pc-3-zh_0475867-158,17.6625510283176,28.316456221480305
zh-en,it,55,G4o,G4o,0.9565,pc-3-zh_0475867-158,17.6625510283176,28.316456221480305
zh-en,it,55,C3,C3,0.9565,pc-3-zh_0475867-158,17.6625510283176,28.316456221480305
zh-en,it,55,C35,C35,0.9565,pc-3-zh_0475867-158,20.66825197574423,38.47885931772094
zh-en,it,55,GP,GP,0.9565,pc-3-zh_0475867-158,11.268706361337427,34.10377109359721
zh-en,it,55,MEPRS,C3,0.9565,pc-3-zh_0475867-158,17.6625510283176,28.316456221480305
zh-en,it,58,G35,G35,0.9333,gb-0,28.239196568402935,54.266861821298896
zh-en,it,58,G4o,G4o,0.9333,gb-0,24.47808941745947,50.42390623167842
zh-en,it,58,C3,C3,0.9333,gb-0,24.705691690760727,52.34317561564191
zh-en,it,58,C35,C35,0.9333,gb-0,26.139371034431118,53.242393185998175
zh-en,it,58,GP,GP,0.9333,gb-0,25.178027523389677,48.93273328834942
zh-en,it,58,MEPRS,G35,0.9333,gb-0,28.239196568402935,54.266861821298896
zh-en,it,70,G35,G35,1.0,rfi-chinese.19800,66.7278568794606,87.50194934336884
zh-en,it,70,G4o,G4o,1.0,rfi-chinese.19800,57.77966168512882,85.06928567971877
zh-en,it,70,C3,C3,1.0,rfi-chinese.19800,60.31612036218008,79.65644148804918
zh-en,it,70,C35,C35,1.0,rfi-chinese.19800,84.92326635760689,97.29720699434033
zh-en,it,70,GP,GP,1.0,rfi-chinese.19800,63.44007026854867,67.71002151002916
zh-en,it,70,MEPRS,C35,1.0,rfi-chinese.19800,84.92326635760689,97.29720699434033
zh-en,it,76,G35,G35,1.0,baby_product-3-zh_0705149-120,18.343778145675415,23.006226415797432
zh-en,it,76,G4o,G4o,1.0,baby_product-3-zh_0705149-120,18.343778145675415,23.006226415797432
zh-en,it,76,C3,C3,1.0,baby_product-3-zh_0705149-120,18.343778145675415,25.018166828170987
zh-en,it,76,C35,C35,1.0,baby_product-3-zh_0705149-120,36.72056269893592,44.733392404007965
zh-en,it,76,GP,GP,1.0,baby_product-3-zh_0705149-120,18.343778145675415,23.006226415797432
zh-en,it,76,MEPRS,C35,1.0,baby_product-3-zh_0705149-120,36.72056269893592,44.733392404007965
zh-en,it,78,G35,G35,1.0,wdr-3,8.77491027594595,42.91588013510795
zh-en,it,78,G4o,G4o,1.0,wdr-3,8.77491027594595,42.64597513760484
zh-en,it,78,C3,C3,1.0,wdr-3,9.849349468888722,49.656212261860844
zh-en,it,78,C35,C35,1.0,wdr-3,10.331208012220436,50.61246382712841
zh-en,it,78,GP,GP,1.0,wdr-3,4.574306621351485e-12,0.5376344086021505
zh-en,it,78,MEPRS,C35,1.0,wdr-3,10.331208012220436,50.61246382712841
zh-en,it,80,G35,G35,1.0,toy-5-zh_0723212-60,14.071964689317515,48.23415325611419
zh-en,it,80,G4o,G4o,1.0,toy-5-zh_0723212-60,11.408424519986967,44.72868995913094
zh-en,it,80,C3,C3,1.0,toy-5-zh_0723212-60,7.592939129822969,37.22080358653095
zh-en,it,80,C35,C35,1.0,toy-5-zh_0723212-60,9.970222994544457,43.874891168642456
zh-en,it,80,GP,GP,1.0,toy-5-zh_0723212-60,11.13613656101029,41.884823538144985
zh-en,it,80,MEPRS,C3,1.0,toy-5-zh_0723212-60,7.592939129822969,37.22080358653095
zh-en,it,83,G35,G35,1.0,office_product-4-zh_0292700-89,10.228757016163991,30.157371889189236
zh-en,it,83,G4o,G4o,1.0,office_product-4-zh_0292700-89,14.962848372546667,33.18132067521305
zh-en,it,83,C3,C3,1.0,office_product-4-zh_0292700-89,13.92908359945467,31.449264979948143
zh-en,it,83,C35,C35,1.0,office_product-4-zh_0292700-89,14.962848372546667,33.04445992971703
zh-en,it,83,GP,GP,1.0,office_product-4-zh_0292700-89,19.408623270627203,34.628438640604664
zh-en,it,83,MEPRS,C35,1.0,office_product-4-zh_0292700-89,14.962848372546667,33.04445992971703
zh-en,it,84,G35,G35,1.0,apparel-3-zh_0075255-118,12.605968092174912,31.1626169217089
zh-en,it,84,G4o,G4o,1.0,apparel-3-zh_0075255-118,14.694106251955755,39.58974351983448
zh-en,it,84,C3,C3,1.0,apparel-3-zh_0075255-118,9.629943614188138,35.81436833523197
zh-en,it,84,C35,C35,1.0,apparel-3-zh_0075255-118,9.629943614188138,35.81436833523197
zh-en,it,84,GP,GP,1.0,apparel-3-zh_0075255-118,9.629943614188138,35.81436833523197
zh-en,it,84,MEPRS,G35,1.0,apparel-3-zh_0075255-118,12.605968092174912,31.1626169217089
zh-en,it,93,G35,G35,0.96,international_times-zh.9295,43.726930488275435,76.97743285027491
zh-en,it,93,G4o,G4o,0.96,international_times-zh.9295,75.1020143070231,92.27764521486598
zh-en,it,93,C3,C3,0.96,international_times-zh.9295,53.707566707346565,75.46862616390631
zh-en,it,93,C35,C35,0.96,international_times-zh.9295,57.18063759566022,79.9557092516938
zh-en,it,93,GP,GP,0.96,international_times-zh.9295,48.743766950836466,78.76471900475387
zh-en,it,93,MEPRS,G4o,0.96,international_times-zh.9295,75.1020143070231,92.27764521486598
zh-en,it,94,G35,G35,0.9818,rfi-chinese.19798,58.909044293343,79.31062622858691
zh-en,it,94,G4o,G4o,0.9818,rfi-chinese.19798,49.36131469936967,74.59978469962498
zh-en,it,94,C3,C3,0.9818,rfi-chinese.19798,49.75335107374365,75.77322159582648
zh-en,it,94,C35,C35,0.9818,rfi-chinese.19798,49.36131469936967,74.59978469962498
zh-en,it,94,GP,GP,0.9818,rfi-chinese.19798,55.36597262166662,79.36439788384456
zh-en,it,94,MEPRS,G35,0.9818,rfi-chinese.19798,58.909044293343,79.31062622858691
zh-en,it,102,G35,G35,1.0,vietnam_plus-zh.14206,32.114761941826316,67.87597764822418
zh-en,it,102,G4o,G4o,1.0,vietnam_plus-zh.14206,30.51327880362441,75.11965346506838
zh-en,it,102,C3,C3,1.0,vietnam_plus-zh.14206,43.28015276270854,78.96887621963823
zh-en,it,102,C35,C35,1.0,vietnam_plus-zh.14206,34.91985989318536,75.8159544400689
zh-en,it,102,GP,GP,1.0,vietnam_plus-zh.14206,25.717805764926897,73.32669553183669
zh-en,it,102,MEPRS,C3,1.0,vietnam_plus-zh.14206,43.28015276270854,78.96887621963823
zh-en,it,104,G35,G35,0.9474,other-5-zh_0055587-107,24.739977342883947,54.107335998786006
zh-en,it,104,G4o,G4o,0.9474,other-5-zh_0055587-107,24.739977342883947,54.36217799674728
zh-en,it,104,C3,C3,0.9474,other-5-zh_0055587-107,39.104476750171166,60.59830204822405
zh-en,it,104,C35,C35,0.9474,other-5-zh_0055587-107,33.428661215627315,60.92810576434104
zh-en,it,104,GP,GP,0.9474,other-5-zh_0055587-107,33.428661215627315,59.09167684141108
zh-en,it,104,MEPRS,C3,0.9474,other-5-zh_0055587-107,39.104476750171166,60.59830204822405
zh-en,it,113,G35,G35,1.0,rfi-chinese.19813,82.82477531331041,88.93240367430097
zh-en,it,113,G4o,G4o,1.0,rfi-chinese.19813,88.47478812575122,90.39701905657903
zh-en,it,113,C3,C3,1.0,rfi-chinese.19813,63.949517998876395,74.3436084619787
zh-en,it,113,C35,C35,1.0,rfi-chinese.19813,100.0,100.0
zh-en,it,113,GP,GP,1.0,rfi-chinese.19813,70.88706579891837,79.39304724490052
zh-en,it,113,MEPRS,C35,1.0,rfi-chinese.19813,100.0,100.0
zh-en,it,114,G35,G35,0.9259,digital_ebook_purchase-1-zh_0999275-194,9.500470136399086,44.63608261638606
zh-en,it,114,G4o,G4o,0.9259,digital_ebook_purchase-1-zh_0999275-194,10.460851858663306,51.958068239006934
zh-en,it,114,C3,C3,0.9259,digital_ebook_purchase-1-zh_0999275-194,24.375336596381384,51.96637937989758
zh-en,it,114,C35,C35,0.9259,digital_ebook_purchase-1-zh_0999275-194,24.956072324894084,56.17414133470672
zh-en,it,114,GP,GP,0.9259,digital_ebook_purchase-1-zh_0999275-194,13.630486171273237,48.8597371875535
zh-en,it,114,MEPRS,GP,0.9259,digital_ebook_purchase-1-zh_0999275-194,13.630486171273237,48.8597371875535
zh-en,it,116,G35,G35,0.9655,gb-4,12.044026117975159,28.32394944232139
zh-en,it,116,G4o,G4o,0.9655,gb-4,18.30296168671468,36.956611906538036
zh-en,it,116,C3,C3,0.9655,gb-4,18.295654224495205,42.558699386792036
zh-en,it,116,C35,C35,0.9655,gb-4,18.295654224495205,38.05869558037573
zh-en,it,116,GP,GP,0.9655,gb-4,10.682827247639556,35.27970449760759
zh-en,it,116,MEPRS,C35,0.9655,gb-4,18.295654224495205,38.05869558037573
zh-en,it,125,G35,G35,0.9545,chinanews.com.280883,30.845065237420783,71.35753750472385
zh-en,it,125,G4o,G4o,0.9545,chinanews.com.280883,30.647616261511494,63.09487560614536
zh-en,it,125,C3,C3,0.9545,chinanews.com.280883,35.604286462187574,70.82749694000817
zh-en,it,125,C35,C35,0.9545,chinanews.com.280883,30.676942927198475,71.49280232568081
zh-en,it,125,GP,GP,0.9545,chinanews.com.280883,22.568569341832955,61.29677125985848
zh-en,it,125,MEPRS,C3,0.9545,chinanews.com.280883,35.604286462187574,70.82749694000817
zh-en,it,137,G35,G35,0.9412,pc-3-zh_0475867-158,7.603430887294239,43.78602674428631
zh-en,it,137,G4o,G4o,0.9412,pc-3-zh_0475867-158,7.692375026049747,41.960221521765966
zh-en,it,137,C3,C3,0.9412,pc-3-zh_0475867-158,8.601325107393585,38.086230824621914
zh-en,it,137,C35,C35,0.9412,pc-3-zh_0475867-158,7.463859091329176,42.24315971618381
zh-en,it,137,GP,GP,0.9412,pc-3-zh_0475867-158,8.810348847243406,41.412119334102364
zh-en,it,137,MEPRS,G4o,0.9412,pc-3-zh_0475867-158,7.692375026049747,41.960221521765966
zh-en,it,140,G35,G35,1.0,sports-1-zh_0749906-157,38.23532128872633,38.11816936777051
zh-en,it,140,G4o,G4o,1.0,sports-1-zh_0749906-157,38.23532128872633,38.11816936777051
zh-en,it,140,C3,C3,1.0,sports-1-zh_0749906-157,26.9855346668251,55.240528338424475
zh-en,it,140,C35,C35,1.0,sports-1-zh_0749906-157,19.729406277958837,38.95130911305667
zh-en,it,140,GP,GP,1.0,sports-1-zh_0749906-157,15.881076016027915,26.626311313197665
zh-en,it,140,MEPRS,C3,1.0,sports-1-zh_0749906-157,26.9855346668251,55.240528338424475
zh-en,it,145,G35,G35,1.0,xm-2,0.2540663740773074,12.677484787018257
zh-en,it,145,G4o,G4o,1.0,xm-2,6.541924356118014e-06,48.21080478975216
zh-en,it,145,C3,C3,1.0,xm-2,5.5010807399206006e-06,14.966475095785443
zh-en,it,145,C35,C35,1.0,xm-2,5.5010807399206006e-06,14.966475095785443
zh-en,it,145,GP,GP,1.0,xm-2,5.5010807399206006e-06,0.0
zh-en,it,145,MEPRS,G4o,1.0,xm-2,6.541924356118014e-06,48.21080478975216
zh-en,it,147,G35,G35,0.9688,chinanews.com.280744,35.317318268198775,65.13233446742625
zh-en,it,147,G4o,G4o,0.9688,chinanews.com.280744,29.075658424589996,65.08506507059853
zh-en,it,147,C3,C3,0.9688,chinanews.com.280744,22.75566787737456,62.99049495628656
zh-en,it,147,C35,C35,0.9688,chinanews.com.280744,20.66369778364389,65.3137774379941
zh-en,it,147,GP,GP,0.9688,chinanews.com.280744,22.068774068561428,63.85762315803029
zh-en,it,147,MEPRS,G4o,0.9688,chinanews.com.280744,29.075658424589996,65.08506507059853
zh-en,it,148,G35,G35,1.0,chinanews.com.280802,38.912129280170056,59.48827753278271
zh-en,it,148,G4o,G4o,1.0,chinanews.com.280802,42.76895381721987,61.87399440315313
zh-en,it,148,C3,C3,1.0,chinanews.com.280802,30.632520148437685,56.007305314364714
zh-en,it,148,C35,C35,1.0,chinanews.com.280802,25.975543386004208,50.37027535611431
zh-en,it,148,GP,GP,1.0,chinanews.com.280802,33.56646791960781,51.39115430990796
zh-en,it,148,MEPRS,GP,1.0,chinanews.com.280802,33.56646791960781,51.39115430990796
zh-en,it,149,G35,G35,1.0,drugstore-1-zh_0633884-136,10.665549155965788,37.740016236107046
zh-en,it,149,G4o,G4o,1.0,drugstore-1-zh_0633884-136,8.72549265341123,30.646847772313368
zh-en,it,149,C3,C3,1.0,drugstore-1-zh_0633884-136,22.318856004030803,42.262295621388674
zh-en,it,149,C35,C35,1.0,drugstore-1-zh_0633884-136,8.819363798813237,31.131156453533944
zh-en,it,149,GP,GP,1.0,drugstore-1-zh_0633884-136,10.767977246328316,31.71132693126428
zh-en,it,149,MEPRS,C3,1.0,drugstore-1-zh_0633884-136,22.318856004030803,42.262295621388674
zh-en,it,150,G35,G35,1.0,automotive-5-zh_0526086-87,10.649638629044373,25.722909854140624
zh-en,it,150,G4o,G4o,1.0,automotive-5-zh_0526086-87,10.175120467701642,23.19889143711806
zh-en,it,150,C3,C3,1.0,automotive-5-zh_0526086-87,18.12735516528891,35.32767937317636
zh-en,it,150,C35,C35,1.0,automotive-5-zh_0526086-87,17.532201649672796,31.91147006113506
zh-en,it,150,GP,GP,1.0,automotive-5-zh_0526086-87,6.394766688900896,26.31797290089739
zh-en,it,150,MEPRS,C35,1.0,automotive-5-zh_0526086-87,17.532201649672796,31.91147006113506
zh-en,it,157,G35,G35,1.0,sports-5-zh_0041815-69,18.5750579991336,45.124575578442716
zh-en,it,157,G4o,G4o,1.0,sports-5-zh_0041815-69,18.5750579991336,45.124575578442716
zh-en,it,157,C3,C3,1.0,sports-5-zh_0041815-69,18.5750579991336,45.124575578442716
zh-en,it,157,C35,C35,1.0,sports-5-zh_0041815-69,18.5750579991336,45.124575578442716
zh-en,it,157,GP,GP,1.0,sports-5-zh_0041815-69,18.5750579991336,45.124575578442716
zh-en,it,157,MEPRS,GP,1.0,sports-5-zh_0041815-69,18.5750579991336,45.124575578442716
zh-en,it,173,G35,G35,0.9231,automotive-3-zh_0544945-98,22.209925025302248,44.99837475530858
zh-en,it,173,G4o,G4o,0.9231,automotive-3-zh_0544945-98,8.30932758331526,35.65260532155613
zh-en,it,173,C3,C3,0.9231,automotive-3-zh_0544945-98,7.881926575633938,38.000075332844204
zh-en,it,173,C35,C35,0.9231,automotive-3-zh_0544945-98,31.372053730140507,64.75919878489918
zh-en,it,173,GP,GP,0.9231,automotive-3-zh_0544945-98,6.394261273628119,35.1319645146722
zh-en,it,173,MEPRS,C35,0.9231,automotive-3-zh_0544945-98,31.372053730140507,64.75919878489918
zh-en,it,183,G35,G35,0.963,gb-0,20.450844143661072,48.31158333759112
zh-en,it,183,G4o,G4o,0.963,gb-0,25.109269859464103,50.278750704027196
zh-en,it,183,C3,C3,0.963,gb-0,25.26254078913159,50.415239652761606
zh-en,it,183,C35,C35,0.963,gb-0,25.411803396975564,50.6479043111925
zh-en,it,183,GP,GP,0.963,gb-0,13.442309340669944,46.8849162731557
zh-en,it,183,MEPRS,G4o,0.963,gb-0,25.109269859464103,50.278750704027196
zh-en,it,184,G35,G35,0.9655,automotive-5-zh_0526086-87,10.582105743922332,40.94407091925766
zh-en,it,184,G4o,G4o,0.9655,automotive-5-zh_0526086-87,12.757898515476283,33.55841091334948
zh-en,it,184,C3,C3,0.9655,automotive-5-zh_0526086-87,7.80916152771766,28.300357773384377
zh-en,it,184,C35,C35,0.9655,automotive-5-zh_0526086-87,9.428455258518294,31.045583303758466
zh-en,it,184,GP,GP,0.9655,automotive-5-zh_0526086-87,10.728071127834692,40.24993442650217
zh-en,it,184,MEPRS,GP,0.9655,automotive-5-zh_0526086-87,10.728071127834692,40.24993442650217
zh-en,it,185,G35,G35,1.0,rfi-chinese.19801,55.64828041879248,78.27950943163641
zh-en,it,185,G4o,G4o,1.0,rfi-chinese.19801,59.76124129183984,81.13053730534166
zh-en,it,185,C3,C3,1.0,rfi-chinese.19801,54.762287681449266,78.46920407759157
zh-en,it,185,C35,C35,1.0,rfi-chinese.19801,67.67045368190813,85.70727399205954
zh-en,it,185,GP,GP,1.0,rfi-chinese.19801,38.56878572491411,68.43634809991063
zh-en,it,185,MEPRS,C35,1.0,rfi-chinese.19801,67.67045368190813,85.70727399205954
zh-en,it,187,G35,G35,0.95,gb-1,7.424482607509856,42.8605275511849
zh-en,it,187,G4o,G4o,0.95,gb-1,7.741405524125038,45.45096892465946
zh-en,it,187,C3,C3,0.95,gb-1,7.605396625201501,44.09181204616328
zh-en,it,187,C35,C35,0.95,gb-1,7.741405524125038,45.79891417836995
zh-en,it,187,GP,GP,0.95,gb-1,4.073819762127622,43.39256116408069
zh-en,it,187,MEPRS,G4o,0.95,gb-1,7.741405524125038,45.45096892465946
zh-en,it,192,G35,G35,1.0,home-1-zh_0279080-154,1.4953487812212207e-05,4.761904761904762
zh-en,it,192,G4o,G4o,1.0,home-1-zh_0279080-154,1.4953487812212207e-05,10.55194805194805
zh-en,it,192,C3,C3,1.0,home-1-zh_0279080-154,1.4953487812212207e-05,10.55194805194805
zh-en,it,192,C35,C35,1.0,home-1-zh_0279080-154,1.4953487812212207e-05,10.55194805194805
zh-en,it,192,GP,GP,1.0,home-1-zh_0279080-154,1.4953487812212207e-05,10.55194805194805
zh-en,it,192,MEPRS,G35,1.0,home-1-zh_0279080-154,1.4953487812212207e-05,4.761904761904762
zh-en,it,193,G35,G35,1.0,office_product-1-zh_0442334-116,29.086519423451286,56.908885793852896
zh-en,it,193,G4o,G4o,1.0,office_product-1-zh_0442334-116,27.904236757951452,54.51067542693125
zh-en,it,193,C3,C3,1.0,office_product-1-zh_0442334-116,33.938186318506794,59.115456789231494
zh-en,it,193,C35,C35,1.0,office_product-1-zh_0442334-116,27.904236757951452,54.51067542693125
zh-en,it,193,GP,GP,1.0,office_product-1-zh_0442334-116,31.96361979252447,60.20677365793451
zh-en,it,193,MEPRS,C3,1.0,office_product-1-zh_0442334-116,33.938186318506794,59.115456789231494
zh-en,it,194,G35,G35,0.9286,baby_product-1-zh_0634793-239,11.451997463067553,52.347230379745746
zh-en,it,194,G4o,G4o,0.9286,baby_product-1-zh_0634793-239,31.53554052490132,68.53124782821341
zh-en,it,194,C3,C3,0.9286,baby_product-1-zh_0634793-239,18.951629567590743,59.43241488390927
zh-en,it,194,C35,C35,0.9286,baby_product-1-zh_0634793-239,21.27988282044161,65.47969557493296
zh-en,it,194,GP,GP,0.9286,baby_product-1-zh_0634793-239,10.086853619665545,51.52411318240896
zh-en,it,194,MEPRS,C3,0.9286,baby_product-1-zh_0634793-239,18.951629567590743,59.43241488390927
zh-en,it,197,G35,G35,0.9697,jingji_guancha_bao-zh-01.22009,46.58745089193282,69.7396904600888
zh-en,it,197,G4o,G4o,0.9697,jingji_guancha_bao-zh-01.22009,46.74395817110911,69.74263470408381
zh-en,it,197,C3,C3,0.9697,jingji_guancha_bao-zh-01.22009,46.788050855380305,71.316449885567
zh-en,it,197,C35,C35,0.9697,jingji_guancha_bao-zh-01.22009,56.077057542071394,74.86989538834614
zh-en,it,197,GP,GP,0.9697,jingji_guancha_bao-zh-01.22009,39.49030433495239,70.56728508966268
zh-en,it,197,MEPRS,C3,0.9697,jingji_guancha_bao-zh-01.22009,46.788050855380305,71.316449885567
zh-en,tear,0,G35,G35,0.9492,apparel-3-zh_0075255-118,32.185337963643015,57.27248210182955
zh-en,tear,0,G4o,G4o,0.9492,apparel-3-zh_0075255-118,43.1931317312297,63.339909123897996
zh-en,tear,0,C3,C3,0.9492,apparel-3-zh_0075255-118,31.45155962992711,57.35631273001703
zh-en,tear,0,C35,C35,0.9492,apparel-3-zh_0075255-118,27.7809125434336,57.03093537010185
zh-en,tear,0,GP,GP,0.9492,apparel-3-zh_0075255-118,46.082627305435146,67.29667265565462
zh-en,tear,0,MEPRS,GP,0.9492,apparel-3-zh_0075255-118,46.082627305435146,67.29667265565462
zh-en,tear,1,G35,G35,1.0,sports-1-zh_0749906-157,19.358307479298794,36.43816897303793
zh-en,tear,1,G4o,G4o,1.0,sports-1-zh_0749906-157,23.397625978961173,35.85824464004575
zh-en,tear,1,C3,C3,1.0,sports-1-zh_0749906-157,25.45984531673679,46.69844890724101
zh-en,tear,1,C35,C35,1.0,sports-1-zh_0749906-157,38.975749519739836,61.05390467203802
zh-en,tear,1,GP,GP,1.0,sports-1-zh_0749906-157,19.004145843928573,54.59820796535886
zh-en,tear,1,MEPRS,C35,1.0,sports-1-zh_0749906-157,38.975749519739836,61.05390467203802
zh-en,tear,6,G35,G35,1.0,rfi-chinese.19798,52.50964776679943,79.05225970435642
zh-en,tear,6,G4o,G4o,1.0,rfi-chinese.19798,73.91223522831525,81.64457172603264
zh-en,tear,6,C3,C3,1.0,rfi-chinese.19798,64.82856142094283,84.3190626829715
zh-en,tear,6,C35,C35,1.0,rfi-chinese.19798,78.65673683097627,82.42227934217146
zh-en,tear,6,GP,GP,1.0,rfi-chinese.19798,66.4466290442132,77.80414226632364
zh-en,tear,6,MEPRS,G4o,1.0,rfi-chinese.19798,73.91223522831525,81.64457172603264
zh-en,tear,15,G35,G35,0.9444,hunan_ribao-zh.11306,32.68280379230551,76.06429069345877
zh-en,tear,15,G4o,G4o,0.9444,hunan_ribao-zh.11306,25.797824300060007,67.2653639264491
zh-en,tear,15,C3,C3,0.9444,hunan_ribao-zh.11306,36.955900798369996,74.079415788837
zh-en,tear,15,C35,C35,0.9444,hunan_ribao-zh.11306,34.05789959269509,70.7077920312993
zh-en,tear,15,GP,GP,0.9444,hunan_ribao-zh.11306,31.527100332609333,67.87248399180542
zh-en,tear,15,MEPRS,G35,0.9444,hunan_ribao-zh.11306,32.68280379230551,76.06429069345877
zh-en,tear,22,G35,G35,1.0,other-3-zh_0328063-185,34.119147403233605,65.01622912670872
zh-en,tear,22,G4o,G4o,1.0,other-3-zh_0328063-185,38.614507615844914,66.54876764060013
zh-en,tear,22,C3,C3,1.0,other-3-zh_0328063-185,39.88089197817782,68.1508306038401
zh-en,tear,22,C35,C35,1.0,other-3-zh_0328063-185,30.249830161969566,60.963714435160654
zh-en,tear,22,GP,GP,1.0,other-3-zh_0328063-185,18.64119222754008,59.3723510174872
zh-en,tear,22,MEPRS,C3,1.0,other-3-zh_0328063-185,39.88089197817782,68.1508306038401
zh-en,tear,25,G35,G35,0.9474,office_product-2-zh_0543012-62,16.784459625186194,34.472213937510794
zh-en,tear,25,G4o,G4o,0.9474,office_product-2-zh_0543012-62,15.53712569276035,40.033145906301534
zh-en,tear,25,C3,C3,0.9474,office_product-2-zh_0543012-62,11.114924776032007,43.28642808556947
zh-en,tear,25,C35,C35,0.9474,office_product-2-zh_0543012-62,16.590387014219715,50.34112232513667
zh-en,tear,25,GP,GP,0.9474,office_product-2-zh_0543012-62,12.605968092174912,35.548172176867645
zh-en,tear,25,MEPRS,C35,0.9474,office_product-2-zh_0543012-62,16.590387014219715,50.34112232513667
zh-en,tear,34,G35,G35,0.9383,home-1-zh_0279080-154,23.7185233889927,54.58452801139885
zh-en,tear,34,G4o,G4o,0.9383,home-1-zh_0279080-154,24.595633308468244,51.751375801331314
zh-en,tear,34,C3,C3,0.9383,home-1-zh_0279080-154,26.239109040117004,56.45725449828308
zh-en,tear,34,C35,C35,0.9383,home-1-zh_0279080-154,22.894156860669913,50.307282966764284
zh-en,tear,34,GP,GP,0.9383,home-1-zh_0279080-154,25.4845372721594,57.23821474495375
zh-en,tear,34,MEPRS,GP,0.9383,home-1-zh_0279080-154,25.4845372721594,57.23821474495375
zh-en,tear,35,G35,G35,1.0,chinanews.com.280781,8.583768591139126,15.476945854686113
zh-en,tear,35,G4o,G4o,1.0,chinanews.com.280781,8.583768591139126,20.215169866251056
zh-en,tear,35,C3,C3,1.0,chinanews.com.280781,9.049614828481033,18.975078219264905
zh-en,tear,35,C35,C35,1.0,chinanews.com.280781,10.015045110931888,24.19995709000756
zh-en,tear,35,GP,GP,1.0,chinanews.com.280781,9.049614828481033,17.616082747661697
zh-en,tear,35,MEPRS,GP,1.0,chinanews.com.280781,9.049614828481033,17.616082747661697
zh-en,tear,37,G35,G35,1.0,automotive-3-zh_0544945-98,17.747405280050263,21.189122007589962
zh-en,tear,37,G4o,G4o,1.0,automotive-3-zh_0544945-98,17.82013231677092,24.331265709942183
zh-en,tear,37,C3,C3,1.0,automotive-3-zh_0544945-98,17.747405280050263,25.25790663658311
zh-en,tear,37,C35,C35,1.0,automotive-3-zh_0544945-98,16.10230726602675,22.85585423443516
zh-en,tear,37,GP,GP,1.0,automotive-3-zh_0544945-98,17.82013231677092,23.684671885135355
zh-en,tear,37,MEPRS,C3,1.0,automotive-3-zh_0544945-98,17.747405280050263,25.25790663658311
zh-en,tear,43,G35,G35,0.9362,personal_care_appliances-4-zh_0788270-92,12.286996020967837,39.41717061599182
zh-en,tear,43,G4o,G4o,0.9362,personal_care_appliances-4-zh_0788270-92,8.130527826633676,37.75416642472345
zh-en,tear,43,C3,C3,0.9362,personal_care_appliances-4-zh_0788270-92,8.928953574702557,38.28345789464178
zh-en,tear,43,C35,C35,0.9362,personal_care_appliances-4-zh_0788270-92,8.130527826633676,35.41487047573808
zh-en,tear,43,GP,GP,0.9362,personal_care_appliances-4-zh_0788270-92,17.871086914025224,38.7038097836793
zh-en,tear,43,MEPRS,C35,0.9362,personal_care_appliances-4-zh_0788270-92,8.130527826633676,35.41487047573808
zh-en,tear,45,G35,G35,1.0,rfi-chinese.19812,72.59795291154771,83.3902010326769
zh-en,tear,45,G4o,G4o,1.0,rfi-chinese.19812,72.59795291154771,84.38479485704535
zh-en,tear,45,C3,C3,1.0,rfi-chinese.19812,84.08964152537145,83.71911395815603
zh-en,tear,45,C35,C35,1.0,rfi-chinese.19812,84.08964152537145,83.71911395815603
zh-en,tear,45,GP,GP,1.0,rfi-chinese.19812,4.0327730926907535,25.37144827464257
zh-en,tear,45,MEPRS,G4o,1.0,rfi-chinese.19812,72.59795291154771,84.38479485704535
zh-en,tear,46,G35,G35,0.9206,electronics-2-zh_0978438-79,26.37417099103384,47.460453904175075
zh-en,tear,46,G4o,G4o,0.9206,electronics-2-zh_0978438-79,27.376328102137563,47.51320849259849
zh-en,tear,46,C3,C3,0.9206,electronics-2-zh_0978438-79,19.152496907442302,51.92012898524842
zh-en,tear,46,C35,C35,0.9206,electronics-2-zh_0978438-79,18.805954584781663,53.21014999113652
zh-en,tear,46,GP,GP,0.9206,electronics-2-zh_0978438-79,25.98131507637867,45.04157099805741
zh-en,tear,46,MEPRS,C3,0.9206,electronics-2-zh_0978438-79,19.152496907442302,51.92012898524842
zh-en,tear,47,G35,G35,1.0,watch-2-zh_0475429-74,27.47064493402418,45.25382361067971
zh-en,tear,47,G4o,G4o,1.0,watch-2-zh_0475429-74,24.446151121745054,41.24241117662562
zh-en,tear,47,C3,C3,1.0,watch-2-zh_0475429-74,17.03318603763928,39.277529644643224
zh-en,tear,47,C35,C35,1.0,watch-2-zh_0475429-74,29.150322793751425,48.79808392955473
zh-en,tear,47,GP,GP,1.0,watch-2-zh_0475429-74,11.154288433080788,42.91379271359279
zh-en,tear,47,MEPRS,C35,1.0,watch-2-zh_0475429-74,29.150322793751425,48.79808392955473
zh-en,tear,50,G35,G35,1.0,personal_care_appliances-5-zh_0172161-51,33.649324423301515,47.42020732592897
zh-en,tear,50,G4o,G4o,1.0,personal_care_appliances-5-zh_0172161-51,59.230330720232494,77.92085689204934
zh-en,tear,50,C3,C3,1.0,personal_care_appliances-5-zh_0172161-51,60.76795808137692,78.98178994918125
zh-en,tear,50,C35,C35,1.0,personal_care_appliances-5-zh_0172161-51,73.48889200874657,84.60727613969425
zh-en,tear,50,GP,GP,1.0,personal_care_appliances-5-zh_0172161-51,27.036454964104745,46.41534306595501
zh-en,tear,50,MEPRS,G4o,1.0,personal_care_appliances-5-zh_0172161-51,59.230330720232494,77.92085689204934
zh-en,tear,53,G35,G35,1.0,grocery-3-zh_0192439-140,29.847458960098226,49.31936011946908
zh-en,tear,53,G4o,G4o,1.0,grocery-3-zh_0192439-140,24.08856270485351,49.22470432045166
zh-en,tear,53,C3,C3,1.0,grocery-3-zh_0192439-140,21.972813874997158,45.8312755302465
zh-en,tear,53,C35,C35,1.0,grocery-3-zh_0192439-140,25.21193618434983,52.993634600065384
zh-en,tear,53,GP,GP,1.0,grocery-3-zh_0192439-140,12.285946074705661,45.61795103454292
zh-en,tear,53,MEPRS,G4o,1.0,grocery-3-zh_0192439-140,24.08856270485351,49.22470432045166
zh-en,tear,55,G35,G35,0.9565,pc-3-zh_0475867-158,12.605968092174912,26.290951490311198
zh-en,tear,55,G4o,G4o,0.9565,pc-3-zh_0475867-158,13.82169312958873,26.641649297572098
zh-en,tear,55,C3,C3,0.9565,pc-3-zh_0475867-158,20.66825197574423,38.47885931772094
zh-en,tear,55,C35,C35,0.9565,pc-3-zh_0475867-158,20.66825197574423,38.47885931772094
zh-en,tear,55,GP,GP,0.9565,pc-3-zh_0475867-158,10.878661088699644,27.323311250854488
zh-en,tear,55,MEPRS,C35,0.9565,pc-3-zh_0475867-158,20.66825197574423,38.47885931772094
zh-en,tear,58,G35,G35,0.9333,gb-0,31.979517097773204,55.03650366805627
zh-en,tear,58,G4o,G4o,0.9333,gb-0,25.165462371693543,50.63029478242677
zh-en,tear,58,C3,C3,0.9333,gb-0,26.78724544118601,53.25063111618386
zh-en,tear,58,C35,C35,0.9333,gb-0,26.139371034431118,53.242393185998175
zh-en,tear,58,GP,GP,0.9333,gb-0,21.69609568608399,47.19595173394452
zh-en,tear,58,MEPRS,G35,0.9333,gb-0,31.979517097773204,55.03650366805627
zh-en,tear,70,G35,G35,1.0,rfi-chinese.19800,54.752356653408896,82.7447835000185
zh-en,tear,70,G4o,G4o,1.0,rfi-chinese.19800,60.31612036218008,84.0324536714004
zh-en,tear,70,C3,C3,1.0,rfi-chinese.19800,77.80667585391488,89.96288560847931
zh-en,tear,70,C35,C35,1.0,rfi-chinese.19800,74.4373319312051,92.07602297112282
zh-en,tear,70,GP,GP,1.0,rfi-chinese.19800,34.51395513935865,69.66318657279017
zh-en,tear,70,MEPRS,C3,1.0,rfi-chinese.19800,77.80667585391488,89.96288560847931
zh-en,tear,76,G35,G35,1.0,baby_product-3-zh_0705149-120,27.47064493402418,30.903691430007218
zh-en,tear,76,G4o,G4o,1.0,baby_product-3-zh_0705149-120,18.850319022747353,24.65340001210333
zh-en,tear,76,C3,C3,1.0,baby_product-3-zh_0705149-120,33.18077402843942,44.03549140063427
zh-en,tear,76,C35,C35,1.0,baby_product-3-zh_0705149-120,21.8465998163823,36.30696735978051
zh-en,tear,76,GP,GP,1.0,baby_product-3-zh_0705149-120,27.47064493402418,30.903691430007218
zh-en,tear,76,MEPRS,C3,1.0,baby_product-3-zh_0705149-120,33.18077402843942,44.03549140063427
zh-en,tear,78,G35,G35,1.0,wdr-3,8.77491027594595,42.91588013510795
zh-en,tear,78,G4o,G4o,1.0,wdr-3,10.062635309001745,43.626451111302515
zh-en,tear,78,C3,C3,1.0,wdr-3,8.77491027594595,43.37245166203462
zh-en,tear,78,C35,C35,1.0,wdr-3,11.451997463067553,51.42170289080321
zh-en,tear,78,GP,GP,1.0,wdr-3,1.8424716498378955e-06,0.0
zh-en,tear,78,MEPRS,C35,1.0,wdr-3,11.451997463067553,51.42170289080321
zh-en,tear,80,G35,G35,1.0,toy-5-zh_0723212-60,16.1692143534558,48.99624527632283
zh-en,tear,80,G4o,G4o,1.0,toy-5-zh_0723212-60,10.665549155965788,45.055487344751846
zh-en,tear,80,C3,C3,1.0,toy-5-zh_0723212-60,9.562406574442013,43.243888681897886
zh-en,tear,80,C35,C35,1.0,toy-5-zh_0723212-60,12.219667481477892,47.27633817724345
zh-en,tear,80,GP,GP,1.0,toy-5-zh_0723212-60,8.416242160437772,44.05454585831607
zh-en,tear,80,MEPRS,G35,1.0,toy-5-zh_0723212-60,16.1692143534558,48.99624527632283
zh-en,tear,83,G35,G35,1.0,office_product-4-zh_0292700-89,12.740810460323607,31.091558360414684
zh-en,tear,83,G4o,G4o,1.0,office_product-4-zh_0292700-89,13.629358172407983,33.29760115374824
zh-en,tear,83,C3,C3,1.0,office_product-4-zh_0292700-89,13.048038402447693,32.17543061215296
zh-en,tear,83,C35,C35,1.0,office_product-4-zh_0292700-89,12.286996020967837,33.59032517810592
zh-en,tear,83,GP,GP,1.0,office_product-4-zh_0292700-89,12.38490128281054,31.904759320224358
zh-en,tear,83,MEPRS,C35,1.0,office_product-4-zh_0292700-89,12.286996020967837,33.59032517810592
zh-en,tear,84,G35,G35,1.0,apparel-3-zh_0075255-118,12.605968092174912,31.1626169217089
zh-en,tear,84,G4o,G4o,1.0,apparel-3-zh_0075255-118,14.283632578659287,45.00029119717026
zh-en,tear,84,C3,C3,1.0,apparel-3-zh_0075255-118,14.694106251955755,38.722262991837034
zh-en,tear,84,C35,C35,1.0,apparel-3-zh_0075255-118,9.629943614188138,35.81436833523197
zh-en,tear,84,GP,GP,1.0,apparel-3-zh_0075255-118,14.694106251955755,39.58974351983448
zh-en,tear,84,MEPRS,G35,1.0,apparel-3-zh_0075255-118,12.605968092174912,31.1626169217089
zh-en,tear,93,G35,G35,0.96,international_times-zh.9295,48.39281708164425,74.62410894642343
zh-en,tear,93,G4o,G4o,0.96,international_times-zh.9295,72.71476415476809,92.81005296830533
zh-en,tear,93,C3,C3,0.96,international_times-zh.9295,45.58192859370379,70.74921593198084
zh-en,tear,93,C35,C35,0.96,international_times-zh.9295,57.18063759566022,79.9557092516938
zh-en,tear,93,GP,GP,0.96,international_times-zh.9295,34.57841324750423,68.81455532405738
zh-en,tear,93,MEPRS,G4o,0.96,international_times-zh.9295,72.71476415476809,92.81005296830533
zh-en,tear,94,G35,G35,0.9818,rfi-chinese.19798,58.909044293343,79.52819759912875
zh-en,tear,94,G4o,G4o,0.9818,rfi-chinese.19798,49.43037680550991,72.71035194419765
zh-en,tear,94,C3,C3,0.9818,rfi-chinese.19798,52.591054849191025,78.58157983109069
zh-en,tear,94,C35,C35,0.9818,rfi-chinese.19798,40.803593757513966,72.5376574065475
zh-en,tear,94,GP,GP,0.9818,rfi-chinese.19798,55.36597262166662,79.36439788384456
zh-en,tear,94,MEPRS,G35,0.9818,rfi-chinese.19798,58.909044293343,79.52819759912875
zh-en,tear,102,G35,G35,1.0,vietnam_plus-zh.14206,36.65882729601239,76.73625430622532
zh-en,tear,102,G4o,G4o,1.0,vietnam_plus-zh.14206,27.04091953828695,75.11603854935434
zh-en,tear,102,C3,C3,1.0,vietnam_plus-zh.14206,48.74062269879941,80.33777978083207
zh-en,tear,102,C35,C35,1.0,vietnam_plus-zh.14206,28.943182557959844,73.18018725579286
zh-en,tear,102,GP,GP,1.0,vietnam_plus-zh.14206,30.360783881924945,71.81610269503275
zh-en,tear,102,MEPRS,C3,1.0,vietnam_plus-zh.14206,48.74062269879941,80.33777978083207
zh-en,tear,104,G35,G35,0.9474,other-5-zh_0055587-107,22.71870978054232,50.96194750278164
zh-en,tear,104,G4o,G4o,0.9474,other-5-zh_0055587-107,23.397625978961173,53.45474451551072
zh-en,tear,104,C3,C3,0.9474,other-5-zh_0055587-107,30.934588294313713,59.0425670400544
zh-en,tear,104,C35,C35,0.9474,other-5-zh_0055587-107,34.98761149110956,60.29944437576709
zh-en,tear,104,GP,GP,0.9474,other-5-zh_0055587-107,23.263035362970594,50.419680155374266
zh-en,tear,104,MEPRS,G4o,0.9474,other-5-zh_0055587-107,23.397625978961173,53.45474451551072
zh-en,tear,113,G35,G35,1.0,rfi-chinese.19813,69.37799984623078,81.11702403749203
zh-en,tear,113,G4o,G4o,1.0,rfi-chinese.19813,70.8587641194393,79.9273735188991
zh-en,tear,113,C3,C3,1.0,rfi-chinese.19813,63.949517998876395,74.3436084619787
zh-en,tear,113,C35,C35,1.0,rfi-chinese.19813,100.0,100.0
zh-en,tear,113,GP,GP,1.0,rfi-chinese.19813,88.47478812575122,90.39701905657903
zh-en,tear,113,MEPRS,C35,1.0,rfi-chinese.19813,100.0,100.0
zh-en,tear,114,G35,G35,0.9259,digital_ebook_purchase-1-zh_0999275-194,9.453537326063186,44.64806050501315
zh-en,tear,114,G4o,G4o,0.9259,digital_ebook_purchase-1-zh_0999275-194,10.774288908153006,50.79424983817557
zh-en,tear,114,C3,C3,0.9259,digital_ebook_purchase-1-zh_0999275-194,24.375336596381384,51.995429845976254
zh-en,tear,114,C35,C35,0.9259,digital_ebook_purchase-1-zh_0999275-194,29.19698585776659,53.32274179467054
zh-en,tear,114,GP,GP,0.9259,digital_ebook_purchase-1-zh_0999275-194,23.530652326974874,51.26188301771709
zh-en,tear,114,MEPRS,C35,0.9259,digital_ebook_purchase-1-zh_0999275-194,29.19698585776659,53.32274179467054
zh-en,tear,116,G35,G35,0.9655,gb-4,12.044026117975159,32.21563600866926
zh-en,tear,116,G4o,G4o,0.9655,gb-4,18.842393723950337,41.88207555436401
zh-en,tear,116,C3,C3,0.9655,gb-4,18.295654224495205,42.15531301303686
zh-en,tear,116,C35,C35,0.9655,gb-4,18.295654224495205,38.14900260473957
zh-en,tear,116,GP,GP,0.9655,gb-4,12.335276124847873,28.863535383651897
zh-en,tear,116,MEPRS,G4o,0.9655,gb-4,18.842393723950337,41.88207555436401
zh-en,tear,125,G35,G35,0.9545,chinanews.com.280883,32.62830678693659,71.72506625506256
zh-en,tear,125,G4o,G4o,0.9545,chinanews.com.280883,28.001961002126276,65.25669234999829
zh-en,tear,125,C3,C3,0.9545,chinanews.com.280883,32.38631802864067,73.52335003088989
zh-en,tear,125,C35,C35,0.9545,chinanews.com.280883,24.449652318539943,66.55999765689322
zh-en,tear,125,GP,GP,0.9545,chinanews.com.280883,27.203362314506734,68.71726420794447
zh-en,tear,125,MEPRS,C3,0.9545,chinanews.com.280883,32.38631802864067,73.52335003088989
zh-en,tear,137,G35,G35,0.9412,pc-3-zh_0475867-158,7.382806265053333,43.70973034423241
zh-en,tear,137,G4o,G4o,0.9412,pc-3-zh_0475867-158,7.418182487612639,42.425877142226035
zh-en,tear,137,C3,C3,0.9412,pc-3-zh_0475867-158,11.857020645058956,39.52978639534216
zh-en,tear,137,C35,C35,0.9412,pc-3-zh_0475867-158,7.164117971962697,40.27258105939478
zh-en,tear,137,GP,GP,0.9412,pc-3-zh_0475867-158,9.109427662044695,41.29124243361728
zh-en,tear,137,MEPRS,G35,0.9412,pc-3-zh_0475867-158,7.382806265053333,43.70973034423241
zh-en,tear,140,G35,G35,1.0,sports-1-zh_0749906-157,29.052561567528308,41.19973254901853
zh-en,tear,140,G4o,G4o,1.0,sports-1-zh_0749906-157,26.9855346668251,35.56796253294205
zh-en,tear,140,C3,C3,1.0,sports-1-zh_0749906-157,31.7023313852343,71.06961767233179
zh-en,tear,140,C35,C35,1.0,sports-1-zh_0749906-157,18.527972555830953,45.191682155677334
zh-en,tear,140,GP,GP,1.0,sports-1-zh_0749906-157,10.123734869668825,33.77596644385731
zh-en,tear,140,MEPRS,C3,1.0,sports-1-zh_0749906-157,31.7023313852343,71.06961767233179
zh-en,tear,145,G35,G35,1.0,xm-2,0.0020205155046766243,14.444444444444445
zh-en,tear,145,G4o,G4o,1.0,xm-2,5.5010807399206006e-06,14.966475095785443
zh-en,tear,145,C3,C3,1.0,xm-2,6.541924356118014e-06,48.21080478975216
zh-en,tear,145,C35,C35,1.0,xm-2,0.0020205155046766243,13.077200577200578
zh-en,tear,145,GP,GP,1.0,xm-2,30.21375397356768,10.444896115627822
zh-en,tear,145,MEPRS,C3,1.0,xm-2,6.541924356118014e-06,48.21080478975216
zh-en,tear,147,G35,G35,0.9688,chinanews.com.280744,33.69243378597982,65.8780121306268
zh-en,tear,147,G4o,G4o,0.9688,chinanews.com.280744,19.61433426305916,61.35387916416744
zh-en,tear,147,C3,C3,0.9688,chinanews.com.280744,17.373444522276415,62.918585000499725
zh-en,tear,147,C35,C35,0.9688,chinanews.com.280744,28.68227389289462,66.12472427464698
zh-en,tear,147,GP,GP,0.9688,chinanews.com.280744,31.95214890612964,66.01095598429227
zh-en,tear,147,MEPRS,GP,0.9688,chinanews.com.280744,31.95214890612964,66.01095598429227
zh-en,tear,148,G35,G35,1.0,chinanews.com.280802,30.7590097880251,54.64650242062347
zh-en,tear,148,G4o,G4o,1.0,chinanews.com.280802,41.859142441905874,56.71595391703986
zh-en,tear,148,C3,C3,1.0,chinanews.com.280802,26.59338517170195,50.35896390075956
zh-en,tear,148,C35,C35,1.0,chinanews.com.280802,28.63916567856825,48.81270893966225
zh-en,tear,148,GP,GP,1.0,chinanews.com.280802,32.45972557625271,47.223997427679336
zh-en,tear,148,MEPRS,G35,1.0,chinanews.com.280802,30.7590097880251,54.64650242062347
zh-en,tear,149,G35,G35,1.0,drugstore-1-zh_0633884-136,12.28074715862019,37.188763639766044
zh-en,tear,149,G4o,G4o,1.0,drugstore-1-zh_0633884-136,10.488050179346128,36.51292586603541
zh-en,tear,149,C3,C3,1.0,drugstore-1-zh_0633884-136,12.28074715862019,42.62891286560074
zh-en,tear,149,C35,C35,1.0,drugstore-1-zh_0633884-136,10.767977246328316,36.92094622861779
zh-en,tear,149,GP,GP,1.0,drugstore-1-zh_0633884-136,23.359698964851116,46.6731591833354
zh-en,tear,149,MEPRS,C3,1.0,drugstore-1-zh_0633884-136,12.28074715862019,42.62891286560074
zh-en,tear,150,G35,G35,1.0,automotive-5-zh_0526086-87,18.216011913874542,35.956361674222975
zh-en,tear,150,G4o,G4o,1.0,automotive-5-zh_0526086-87,8.617428905281956,24.491970393643086
zh-en,tear,150,C3,C3,1.0,automotive-5-zh_0526086-87,9.787189340194498,25.33222652256538
zh-en,tear,150,C35,C35,1.0,automotive-5-zh_0526086-87,10.348692758173474,24.39892218686266
zh-en,tear,150,GP,GP,1.0,automotive-5-zh_0526086-87,13.321592461461112,34.52783519527667
zh-en,tear,150,MEPRS,G35,1.0,automotive-5-zh_0526086-87,18.216011913874542,35.956361674222975
zh-en,tear,157,G35,G35,1.0,sports-5-zh_0041815-69,21.934566882541542,63.645600905440205
zh-en,tear,157,G4o,G4o,1.0,sports-5-zh_0041815-69,21.934566882541542,63.645600905440205
zh-en,tear,157,C3,C3,1.0,sports-5-zh_0041815-69,18.5750579991336,45.124575578442716
zh-en,tear,157,C35,C35,1.0,sports-5-zh_0041815-69,18.5750579991336,45.124575578442716
zh-en,tear,157,GP,GP,1.0,sports-5-zh_0041815-69,23.9802967618271,45.08064022769906
zh-en,tear,157,MEPRS,G35,1.0,sports-5-zh_0041815-69,21.934566882541542,63.645600905440205
zh-en,tear,173,G35,G35,0.9231,automotive-3-zh_0544945-98,27.659333772326384,45.0124408723122
zh-en,tear,173,G4o,G4o,0.9231,automotive-3-zh_0544945-98,8.928953574702557,39.4297224594468
zh-en,tear,173,C3,C3,0.9231,automotive-3-zh_0544945-98,6.8796913342040344,32.19568426749987
zh-en,tear,173,C35,C35,0.9231,automotive-3-zh_0544945-98,21.354823293889076,52.27170705957085
zh-en,tear,173,GP,GP,0.9231,automotive-3-zh_0544945-98,28.84212080689715,46.25174271364833
zh-en,tear,173,MEPRS,G4o,0.9231,automotive-3-zh_0544945-98,8.928953574702557,39.4297224594468
zh-en,tear,183,G35,G35,0.963,gb-0,21.317633815159912,48.172801575894965
zh-en,tear,183,G4o,G4o,0.963,gb-0,24.864272078134075,50.623561827057564
zh-en,tear,183,C3,C3,0.963,gb-0,25.733453469634284,53.398333162550266
zh-en,tear,183,C35,C35,0.963,gb-0,21.056048128544752,49.188580115702656
zh-en,tear,183,GP,GP,0.963,gb-0,23.67116306608475,50.316843697565226
zh-en,tear,183,MEPRS,C3,0.963,gb-0,25.733453469634284,53.398333162550266
zh-en,tear,184,G35,G35,0.9655,automotive-5-zh_0526086-87,19.692215902857164,38.46593437299709
zh-en,tear,184,G4o,G4o,0.9655,automotive-5-zh_0526086-87,8.151571281137329,29.015092412572518
zh-en,tear,184,C3,C3,0.9655,automotive-5-zh_0526086-87,7.883940605755959,28.68074766121502
zh-en,tear,184,C35,C35,0.9655,automotive-5-zh_0526086-87,18.042393107966134,36.71832186415891
zh-en,tear,184,GP,GP,0.9655,automotive-5-zh_0526086-87,22.119675392892727,47.385052143288654
zh-en,tear,184,MEPRS,GP,0.9655,automotive-5-zh_0526086-87,22.119675392892727,47.385052143288654
zh-en,tear,185,G35,G35,1.0,rfi-chinese.19801,45.30799450827704,69.57169581218106
zh-en,tear,185,G4o,G4o,1.0,rfi-chinese.19801,52.73911244475452,77.60726382760195
zh-en,tear,185,C3,C3,1.0,rfi-chinese.19801,54.762287681449266,78.46920407759157
zh-en,tear,185,C35,C35,1.0,rfi-chinese.19801,67.67045368190813,85.70727399205954
zh-en,tear,185,GP,GP,1.0,rfi-chinese.19801,59.76124129183984,81.13053730534166
zh-en,tear,185,MEPRS,C35,1.0,rfi-chinese.19801,67.67045368190813,85.70727399205954
zh-en,tear,187,G35,G35,0.95,gb-1,8.700935035486983,47.51160680805807
zh-en,tear,187,G4o,G4o,0.95,gb-1,7.57482629010057,44.41291842784981
zh-en,tear,187,C3,C3,0.95,gb-1,8.775177091918163,44.780754170645054
zh-en,tear,187,C35,C35,0.95,gb-1,7.741405524125038,45.79891417836995
zh-en,tear,187,GP,GP,0.95,gb-1,7.2994532575918845,49.440909717332374
zh-en,tear,187,MEPRS,C35,0.95,gb-1,7.741405524125038,45.79891417836995
zh-en,tear,192,G35,G35,1.0,home-1-zh_0279080-154,1.4953487812212207e-05,4.761904761904762
zh-en,tear,192,G4o,G4o,1.0,home-1-zh_0279080-154,1.4953487812212207e-05,4.761904761904762
zh-en,tear,192,C3,C3,1.0,home-1-zh_0279080-154,1.778279410038924e-05,100.0
zh-en,tear,192,C35,C35,1.0,home-1-zh_0279080-154,1.4953487812212207e-05,4.761904761904762
zh-en,tear,192,GP,GP,1.0,home-1-zh_0279080-154,0.0020205155046766243,0.0
zh-en,tear,192,MEPRS,C3,1.0,home-1-zh_0279080-154,1.778279410038924e-05,100.0
zh-en,tear,193,G35,G35,1.0,office_product-1-zh_0442334-116,38.24962629776806,59.64166103139778
zh-en,tear,193,G4o,G4o,1.0,office_product-1-zh_0442334-116,37.03046833819061,61.901761062551905
zh-en,tear,193,C3,C3,1.0,office_product-1-zh_0442334-116,17.406576145775382,47.87482800525108
zh-en,tear,193,C35,C35,1.0,office_product-1-zh_0442334-116,31.96361979252447,60.20677365793451
zh-en,tear,193,GP,GP,1.0,office_product-1-zh_0442334-116,30.405596969012933,52.77668052695003
zh-en,tear,193,MEPRS,G4o,1.0,office_product-1-zh_0442334-116,37.03046833819061,61.901761062551905
zh-en,tear,194,G35,G35,0.9286,baby_product-1-zh_0634793-239,11.154288433080788,51.07274158966549
zh-en,tear,194,G4o,G4o,0.9286,baby_product-1-zh_0634793-239,22.27227312202058,65.23434705958672
zh-en,tear,194,C3,C3,0.9286,baby_product-1-zh_0634793-239,13.947196297357515,62.45572682804855
zh-en,tear,194,C35,C35,0.9286,baby_product-1-zh_0634793-239,10.21064185193749,52.02471691577716
zh-en,tear,194,GP,GP,0.9286,baby_product-1-zh_0634793-239,6.8796913342040344,49.02932527695845
zh-en,tear,194,MEPRS,C3,0.9286,baby_product-1-zh_0634793-239,13.947196297357515,62.45572682804855
zh-en,tear,197,G35,G35,0.9697,jingji_guancha_bao-zh-01.22009,46.461667086504264,69.40983320157171
zh-en,tear,197,G4o,G4o,0.9697,jingji_guancha_bao-zh-01.22009,41.93603635635642,69.30973558568432
zh-en,tear,197,C3,C3,0.9697,jingji_guancha_bao-zh-01.22009,47.15145847992662,72.7814245217975
zh-en,tear,197,C35,C35,0.9697,jingji_guancha_bao-zh-01.22009,47.21612556043464,70.13965867783263
zh-en,tear,197,GP,GP,0.9697,jingji_guancha_bao-zh-01.22009,37.79000254401239,68.29853101162584
zh-en,tear,197,MEPRS,G35,0.9697,jingji_guancha_bao-zh-01.22009,46.461667086504264,69.40983320157171
